---------- Configuration ----------
Input file:   DAOD_PHYSLITE.37019878._000009.pool.root.1
Tree name:    CollectionTree
Results file: /eagle/UIC-HPC/amy/sperr-sweep.20260219_214525/results.jsonl
Branches:
  AnalysisJetsAuxDyn.pt
  AnalysisJetsAuxDyn.eta
  AnalysisJetsAuxDyn.phi
Tests (132):
  [0] compressor=sperr options={bpp=2} chunkSize=1024 iterations=10
  [1] compressor=sperr options={bpp=2} chunkSize=2048 iterations=10
  [2] compressor=sperr options={bpp=2} chunkSize=4096 iterations=10
  [3] compressor=sperr options={bpp=2} chunkSize=8192 iterations=10
  [4] compressor=sperr options={bpp=2} chunkSize=16384 iterations=10
  [5] compressor=sperr options={bpp=2} chunkSize=32768 iterations=10
  [6] compressor=sperr options={bpp=2} chunkSize=65536 iterations=10
  [7] compressor=sperr options={bpp=2} chunkSize=131072 iterations=10
  [8] compressor=sperr options={bpp=2} chunkSize=262144 iterations=10
  [9] compressor=sperr options={bpp=2} chunkSize=524288 iterations=10
  [10] compressor=sperr options={bpp=2} chunkSize=1048576 iterations=10
  [11] compressor=sperr options={bpp=4} chunkSize=1024 iterations=10
  [12] compressor=sperr options={bpp=4} chunkSize=2048 iterations=10
  [13] compressor=sperr options={bpp=4} chunkSize=4096 iterations=10
  [14] compressor=sperr options={bpp=4} chunkSize=8192 iterations=10
  [15] compressor=sperr options={bpp=4} chunkSize=16384 iterations=10
  [16] compressor=sperr options={bpp=4} chunkSize=32768 iterations=10
  [17] compressor=sperr options={bpp=4} chunkSize=65536 iterations=10
  [18] compressor=sperr options={bpp=4} chunkSize=131072 iterations=10
  [19] compressor=sperr options={bpp=4} chunkSize=262144 iterations=10
  [20] compressor=sperr options={bpp=4} chunkSize=524288 iterations=10
  [21] compressor=sperr options={bpp=4} chunkSize=1048576 iterations=10
  [22] compressor=sperr options={bpp=8} chunkSize=1024 iterations=10
  [23] compressor=sperr options={bpp=8} chunkSize=2048 iterations=10
  [24] compressor=sperr options={bpp=8} chunkSize=4096 iterations=10
  [25] compressor=sperr options={bpp=8} chunkSize=8192 iterations=10
  [26] compressor=sperr options={bpp=8} chunkSize=16384 iterations=10
  [27] compressor=sperr options={bpp=8} chunkSize=32768 iterations=10
  [28] compressor=sperr options={bpp=8} chunkSize=65536 iterations=10
  [29] compressor=sperr options={bpp=8} chunkSize=131072 iterations=10
  [30] compressor=sperr options={bpp=8} chunkSize=262144 iterations=10
  [31] compressor=sperr options={bpp=8} chunkSize=524288 iterations=10
  [32] compressor=sperr options={bpp=8} chunkSize=1048576 iterations=10
  [33] compressor=sperr options={bpp=10} chunkSize=1024 iterations=10
  [34] compressor=sperr options={bpp=10} chunkSize=2048 iterations=10
  [35] compressor=sperr options={bpp=10} chunkSize=4096 iterations=10
  [36] compressor=sperr options={bpp=10} chunkSize=8192 iterations=10
  [37] compressor=sperr options={bpp=10} chunkSize=16384 iterations=10
  [38] compressor=sperr options={bpp=10} chunkSize=32768 iterations=10
  [39] compressor=sperr options={bpp=10} chunkSize=65536 iterations=10
  [40] compressor=sperr options={bpp=10} chunkSize=131072 iterations=10
  [41] compressor=sperr options={bpp=10} chunkSize=262144 iterations=10
  [42] compressor=sperr options={bpp=10} chunkSize=524288 iterations=10
  [43] compressor=sperr options={bpp=10} chunkSize=1048576 iterations=10
  [44] compressor=sperr options={bpp=12} chunkSize=1024 iterations=10
  [45] compressor=sperr options={bpp=12} chunkSize=2048 iterations=10
  [46] compressor=sperr options={bpp=12} chunkSize=4096 iterations=10
  [47] compressor=sperr options={bpp=12} chunkSize=8192 iterations=10
  [48] compressor=sperr options={bpp=12} chunkSize=16384 iterations=10
  [49] compressor=sperr options={bpp=12} chunkSize=32768 iterations=10
  [50] compressor=sperr options={bpp=12} chunkSize=65536 iterations=10
  [51] compressor=sperr options={bpp=12} chunkSize=131072 iterations=10
  [52] compressor=sperr options={bpp=12} chunkSize=262144 iterations=10
  [53] compressor=sperr options={bpp=12} chunkSize=524288 iterations=10
  [54] compressor=sperr options={bpp=12} chunkSize=1048576 iterations=10
  [55] compressor=sperr options={bpp=16} chunkSize=1024 iterations=10
  [56] compressor=sperr options={bpp=16} chunkSize=2048 iterations=10
  [57] compressor=sperr options={bpp=16} chunkSize=4096 iterations=10
  [58] compressor=sperr options={bpp=16} chunkSize=8192 iterations=10
  [59] compressor=sperr options={bpp=16} chunkSize=16384 iterations=10
  [60] compressor=sperr options={bpp=16} chunkSize=32768 iterations=10
  [61] compressor=sperr options={bpp=16} chunkSize=65536 iterations=10
  [62] compressor=sperr options={bpp=16} chunkSize=131072 iterations=10
  [63] compressor=sperr options={bpp=16} chunkSize=262144 iterations=10
  [64] compressor=sperr options={bpp=16} chunkSize=524288 iterations=10
  [65] compressor=sperr options={bpp=16} chunkSize=1048576 iterations=10
  [66] compressor=sperr options={bpp=20} chunkSize=1024 iterations=10
  [67] compressor=sperr options={bpp=20} chunkSize=2048 iterations=10
  [68] compressor=sperr options={bpp=20} chunkSize=4096 iterations=10
  [69] compressor=sperr options={bpp=20} chunkSize=8192 iterations=10
  [70] compressor=sperr options={bpp=20} chunkSize=16384 iterations=10
  [71] compressor=sperr options={bpp=20} chunkSize=32768 iterations=10
  [72] compressor=sperr options={bpp=20} chunkSize=65536 iterations=10
  [73] compressor=sperr options={bpp=20} chunkSize=131072 iterations=10
  [74] compressor=sperr options={bpp=20} chunkSize=262144 iterations=10
  [75] compressor=sperr options={bpp=20} chunkSize=524288 iterations=10
  [76] compressor=sperr options={bpp=20} chunkSize=1048576 iterations=10
  [77] compressor=sperr options={bpp=24} chunkSize=1024 iterations=10
  [78] compressor=sperr options={bpp=24} chunkSize=2048 iterations=10
  [79] compressor=sperr options={bpp=24} chunkSize=4096 iterations=10
  [80] compressor=sperr options={bpp=24} chunkSize=8192 iterations=10
  [81] compressor=sperr options={bpp=24} chunkSize=16384 iterations=10
  [82] compressor=sperr options={bpp=24} chunkSize=32768 iterations=10
  [83] compressor=sperr options={bpp=24} chunkSize=65536 iterations=10
  [84] compressor=sperr options={bpp=24} chunkSize=131072 iterations=10
  [85] compressor=sperr options={bpp=24} chunkSize=262144 iterations=10
  [86] compressor=sperr options={bpp=24} chunkSize=524288 iterations=10
  [87] compressor=sperr options={bpp=24} chunkSize=1048576 iterations=10
  [88] compressor=sperr options={bpp=26} chunkSize=1024 iterations=10
  [89] compressor=sperr options={bpp=26} chunkSize=2048 iterations=10
  [90] compressor=sperr options={bpp=26} chunkSize=4096 iterations=10
  [91] compressor=sperr options={bpp=26} chunkSize=8192 iterations=10
  [92] compressor=sperr options={bpp=26} chunkSize=16384 iterations=10
  [93] compressor=sperr options={bpp=26} chunkSize=32768 iterations=10
  [94] compressor=sperr options={bpp=26} chunkSize=65536 iterations=10
  [95] compressor=sperr options={bpp=26} chunkSize=131072 iterations=10
  [96] compressor=sperr options={bpp=26} chunkSize=262144 iterations=10
  [97] compressor=sperr options={bpp=26} chunkSize=524288 iterations=10
  [98] compressor=sperr options={bpp=26} chunkSize=1048576 iterations=10
  [99] compressor=sperr options={bpp=28} chunkSize=1024 iterations=10
  [100] compressor=sperr options={bpp=28} chunkSize=2048 iterations=10
  [101] compressor=sperr options={bpp=28} chunkSize=4096 iterations=10
  [102] compressor=sperr options={bpp=28} chunkSize=8192 iterations=10
  [103] compressor=sperr options={bpp=28} chunkSize=16384 iterations=10
  [104] compressor=sperr options={bpp=28} chunkSize=32768 iterations=10
  [105] compressor=sperr options={bpp=28} chunkSize=65536 iterations=10
  [106] compressor=sperr options={bpp=28} chunkSize=131072 iterations=10
  [107] compressor=sperr options={bpp=28} chunkSize=262144 iterations=10
  [108] compressor=sperr options={bpp=28} chunkSize=524288 iterations=10
  [109] compressor=sperr options={bpp=28} chunkSize=1048576 iterations=10
  [110] compressor=sperr options={bpp=30} chunkSize=1024 iterations=10
  [111] compressor=sperr options={bpp=30} chunkSize=2048 iterations=10
  [112] compressor=sperr options={bpp=30} chunkSize=4096 iterations=10
  [113] compressor=sperr options={bpp=30} chunkSize=8192 iterations=10
  [114] compressor=sperr options={bpp=30} chunkSize=16384 iterations=10
  [115] compressor=sperr options={bpp=30} chunkSize=32768 iterations=10
  [116] compressor=sperr options={bpp=30} chunkSize=65536 iterations=10
  [117] compressor=sperr options={bpp=30} chunkSize=131072 iterations=10
  [118] compressor=sperr options={bpp=30} chunkSize=262144 iterations=10
  [119] compressor=sperr options={bpp=30} chunkSize=524288 iterations=10
  [120] compressor=sperr options={bpp=30} chunkSize=1048576 iterations=10
  [121] compressor=sperr options={bpp=32} chunkSize=1024 iterations=10
  [122] compressor=sperr options={bpp=32} chunkSize=2048 iterations=10
  [123] compressor=sperr options={bpp=32} chunkSize=4096 iterations=10
  [124] compressor=sperr options={bpp=32} chunkSize=8192 iterations=10
  [125] compressor=sperr options={bpp=32} chunkSize=16384 iterations=10
  [126] compressor=sperr options={bpp=32} chunkSize=32768 iterations=10
  [127] compressor=sperr options={bpp=32} chunkSize=65536 iterations=10
  [128] compressor=sperr options={bpp=32} chunkSize=131072 iterations=10
  [129] compressor=sperr options={bpp=32} chunkSize=262144 iterations=10
  [130] compressor=sperr options={bpp=32} chunkSize=524288 iterations=10
  [131] compressor=sperr options={bpp=32} chunkSize=1048576 iterations=10
-----------------------------------
Reading data for branch 'AnalysisJetsAuxDyn.pt'...
Warning in <TClass::Init>: no dictionary for class DataHeader_p6 is available
Warning in <TClass::Init>: no dictionary for class DataHeaderForm_p6 is available
Warning in <TClass::Init>: no dictionary for class xAOD::AuxContainerBase is available
Warning in <TClass::Init>: no dictionary for class ElementLinkBase is available
Warning in <TClass::Init>: no dictionary for class xAOD::AuxInfoBase is available
Warning in <TClass::Init>: no dictionary for class xAOD::EventInfo_v1 is available
Warning in <TClass::Init>: no dictionary for class xAOD::TrigConfKeys_v1 is available
Warning in <TClass::Init>: no dictionary for class xAOD::TrigDecisionAuxInfo_v1 is available
Warning in <TClass::Init>: no dictionary for class xAOD::TrigDecision_v1 is available
Warning in <TClass::Init>: no dictionary for class xAOD::EventShape_v1 is available
Warning in <TClass::Init>: no dictionary for class ElementLink<DataVector<xAOD::Vertex_v1> > is available
Warning in <TClass::Init>: no dictionary for class EventStreamInfo_p3 is available
Warning in <TClass::Init>: no dictionary for class IOVMetaDataContainer_p1 is available
Warning in <TClass::Init>: no dictionary for class xAOD::FileMetaDataAuxInfo_v1 is available
Warning in <TClass::Init>: no dictionary for class SG::IAuxStore is available
Warning in <TClass::Init>: no dictionary for class SG::IConstAuxStore is available
Warning in <TClass::Init>: no dictionary for class SG::IAuxStoreIO is available
Warning in <TClass::Init>: no dictionary for class SG::IAuxStoreHolder is available
Warning in <TClass::Init>: no dictionary for class ILockable is available
Warning in <TClass::Init>: no dictionary for class xAOD::TriggerMenuJsonAuxContainer_v1 is available
Warning in <TClass::Init>: no dictionary for class xAOD::CutBookkeeperAuxContainer_v1 is available
Warning in <TClass::Init>: no dictionary for class ElementLink<xAOD::CutBookkeeperContainer_v1> is available
Warning in <TClass::Init>: no dictionary for class xAOD::LumiBlockRangeAuxContainer_v1 is available
Warning in <TClass::Init>: no dictionary for class EventType_p3 is available
Warning in <TClass::Init>: no dictionary for class xAOD::FileMetaData_v1 is available
Warning in <TClass::Init>: no dictionary for class SG::AuxElement is available
Warning in <TClass::Init>: no dictionary for class SG::IAuxElement is available
Warning in <TClass::Init>: no dictionary for class xAOD::EventFormat_v1 is available
Warning in <TClass::Init>: no dictionary for class xAOD::LumiBlockRange_v1 is available
Warning in <TClass::Init>: no dictionary for class xAOD::TriggerMenuJson_v1 is available
Warning in <TClass::Init>: no dictionary for class xAOD::CutBookkeeper_v1 is available
Warning in <TClass::Init>: no dictionary for class IOVPayloadContainer_p1 is available
Warning in <TClass::Init>: no dictionary for class IOVPayloadContainer_p1::CondAttrListCollection_p1 is available
Warning in <TClass::Init>: no dictionary for class IOVPayloadContainer_p1::CondAttrListEntry_p1 is available
Warning in <TClass::Init>: no dictionary for class IOVPayloadContainer_p1::IOVRange_p1 is available
Warning in <TClass::Init>: no dictionary for class AttrListIndexes is available
Warning in <TClass::Init>: no dictionary for class DataHeaderForm_p6::DbRecord is available
Warning in <TClass::Init>: no dictionary for class Guid is available
Warning in <TClass::Init>: no dictionary for class DataHeaderForm_p6::ObjRecord is available
Warning in <TClass::Init>: no dictionary for class DataHeader_p6::FullElement is available
Warning in <TClass::Init>: no dictionary for class xAOD::MissingETAuxAssociationMap_v2 is available
Warning in <TClass::Init>: no dictionary for class xAOD::JetAuxContainer_v1 is available
Warning in <TClass::Init>: no dictionary for class xAOD::TauJet_v3 is available
Warning in <TClass::Init>: no dictionary for class xAOD::IParticle is available
Warning in <TClass::Init>: no dictionary for class xAOD::Vertex_v1 is available
Warning in <TClass::Init>: no dictionary for class xAOD::Jet_v1 is available
Warning in <TClass::Init>: no dictionary for class xAOD::BTagging_v1 is available
Warning in <TClass::Init>: no dictionary for class xAOD::Electron_v1 is available
Warning in <TClass::Init>: no dictionary for class xAOD::Egamma_v1 is available
Warning in <TClass::Init>: no dictionary for class xAOD::TauTrack_v1 is available
Warning in <TClass::Init>: no dictionary for class xAOD::Muon_v1 is available
Warning in <TClass::Init>: no dictionary for class xAOD::CaloCluster_v1 is available
Warning in <TClass::Init>: no dictionary for class xAOD::Photon_v1 is available
Warning in <TClass::Init>: no dictionary for class xAOD::TrigComposite_v1 is available
Warning in <TClass::Init>: no dictionary for class xAOD::TrackParticle_v1 is available
Warning in <TClass::Init>: no dictionary for class ElementLink<DataVector<xAOD::TrackParticle_v1> > is available
Warning in <TClass::Init>: no dictionary for class ElementLink<DataVector<xAOD::CaloCluster_v1> > is available
Warning in <TClass::Init>: no dictionary for class ElementLink<DataVector<xAOD::MuonSegment_v1> > is available
Warning in <TClass::Init>: no dictionary for class ElementLink<DataVector<xAOD::IParticle> > is available
Warning in <TClass::Init>: no dictionary for class ElementLink<DataVector<xAOD::Jet_v1> > is available
Warning in <TClass::Init>: no dictionary for class ElementLink<DataVector<xAOD::Egamma_v1> > is available
Warning in <TClass::Init>: no dictionary for class xAOD::MissingETAssociation_v1 is available
Warning in <TClass::Init>: no dictionary for class xAOD::MissingET_v1 is available
Warning in <TClass::Init>: no dictionary for class ElementLink<DataVector<xAOD::BTagging_v1> > is available
Warning in <TClass::Init>: no dictionary for class ElementLink<DataVector<xAOD::NeutralParticle_v1> > is available
Warning in <TClass::Init>: no dictionary for class ElementLink<DataVector<xAOD::TauTrack_v1> > is available
Warning in <TClass::Init>: no dictionary for class DataVector<xAOD::LumiBlockRange_v1> is available
Warning in <TClass::Init>: no dictionary for class DataVector<xAOD::TriggerMenuJson_v1> is available
Warning in <TClass::Init>: no dictionary for class xAOD::CutBookkeeperContainer_v1 is available
  Running compressor 'sperr' on branch 'AnalysisJetsAuxDyn.pt' (bpp=2)...
  Appended results to /eagle/UIC-HPC/amy/sperr-sweep.20260219_214525/results.jsonl
  Running compressor 'sperr' on branch 'AnalysisJetsAuxDyn.pt' (bpp=2)...
  Appended results to /eagle/UIC-HPC/amy/sperr-sweep.20260219_214525/results.jsonl
  Running compressor 'sperr' on branch 'AnalysisJetsAuxDyn.pt' (bpp=2)...
  Appended results to /eagle/UIC-HPC/amy/sperr-sweep.20260219_214525/results.jsonl
  Running compressor 'sperr' on branch 'AnalysisJetsAuxDyn.pt' (bpp=2)...
  Appended results to /eagle/UIC-HPC/amy/sperr-sweep.20260219_214525/results.jsonl
  Running compressor 'sperr' on branch 'AnalysisJetsAuxDyn.pt' (bpp=2)...
  Appended results to /eagle/UIC-HPC/amy/sperr-sweep.20260219_214525/results.jsonl
  Running compressor 'sperr' on branch 'AnalysisJetsAuxDyn.pt' (bpp=2)...
  Appended results to /eagle/UIC-HPC/amy/sperr-sweep.20260219_214525/results.jsonl
  Running compressor 'sperr' on branch 'AnalysisJetsAuxDyn.pt' (bpp=2)...
  Appended results to /eagle/UIC-HPC/amy/sperr-sweep.20260219_214525/results.jsonl
  Running compressor 'sperr' on branch 'AnalysisJetsAuxDyn.pt' (bpp=2)...
  Appended results to /eagle/UIC-HPC/amy/sperr-sweep.20260219_214525/results.jsonl
  Running compressor 'sperr' on branch 'AnalysisJetsAuxDyn.pt' (bpp=2)...
  Appended results to /eagle/UIC-HPC/amy/sperr-sweep.20260219_214525/results.jsonl
  Running compressor 'sperr' on branch 'AnalysisJetsAuxDyn.pt' (bpp=2)...
  Appended results to /eagle/UIC-HPC/amy/sperr-sweep.20260219_214525/results.jsonl
  Running compressor 'sperr' on branch 'AnalysisJetsAuxDyn.pt' (bpp=2)...
  Appended results to /eagle/UIC-HPC/amy/sperr-sweep.20260219_214525/results.jsonl
  Running compressor 'sperr' on branch 'AnalysisJetsAuxDyn.pt' (bpp=4)...
  Appended results to /eagle/UIC-HPC/amy/sperr-sweep.20260219_214525/results.jsonl
  Running compressor 'sperr' on branch 'AnalysisJetsAuxDyn.pt' (bpp=4)...
  Appended results to /eagle/UIC-HPC/amy/sperr-sweep.20260219_214525/results.jsonl
  Running compressor 'sperr' on branch 'AnalysisJetsAuxDyn.pt' (bpp=4)...
  Appended results to /eagle/UIC-HPC/amy/sperr-sweep.20260219_214525/results.jsonl
  Running compressor 'sperr' on branch 'AnalysisJetsAuxDyn.pt' (bpp=4)...
  Appended results to /eagle/UIC-HPC/amy/sperr-sweep.20260219_214525/results.jsonl
  Running compressor 'sperr' on branch 'AnalysisJetsAuxDyn.pt' (bpp=4)...
  Appended results to /eagle/UIC-HPC/amy/sperr-sweep.20260219_214525/results.jsonl
  Running compressor 'sperr' on branch 'AnalysisJetsAuxDyn.pt' (bpp=4)...
  Appended results to /eagle/UIC-HPC/amy/sperr-sweep.20260219_214525/results.jsonl
  Running compressor 'sperr' on branch 'AnalysisJetsAuxDyn.pt' (bpp=4)...
  Appended results to /eagle/UIC-HPC/amy/sperr-sweep.20260219_214525/results.jsonl
  Running compressor 'sperr' on branch 'AnalysisJetsAuxDyn.pt' (bpp=4)...
  Appended results to /eagle/UIC-HPC/amy/sperr-sweep.20260219_214525/results.jsonl
  Running compressor 'sperr' on branch 'AnalysisJetsAuxDyn.pt' (bpp=4)...
  Appended results to /eagle/UIC-HPC/amy/sperr-sweep.20260219_214525/results.jsonl
  Running compressor 'sperr' on branch 'AnalysisJetsAuxDyn.pt' (bpp=4)...
  Appended results to /eagle/UIC-HPC/amy/sperr-sweep.20260219_214525/results.jsonl
  Running compressor 'sperr' on branch 'AnalysisJetsAuxDyn.pt' (bpp=4)...
  Appended results to /eagle/UIC-HPC/amy/sperr-sweep.20260219_214525/results.jsonl
  Running compressor 'sperr' on branch 'AnalysisJetsAuxDyn.pt' (bpp=8)...
  Appended results to /eagle/UIC-HPC/amy/sperr-sweep.20260219_214525/results.jsonl
  Running compressor 'sperr' on branch 'AnalysisJetsAuxDyn.pt' (bpp=8)...
  Appended results to /eagle/UIC-HPC/amy/sperr-sweep.20260219_214525/results.jsonl
  Running compressor 'sperr' on branch 'AnalysisJetsAuxDyn.pt' (bpp=8)...
  Appended results to /eagle/UIC-HPC/amy/sperr-sweep.20260219_214525/results.jsonl
  Running compressor 'sperr' on branch 'AnalysisJetsAuxDyn.pt' (bpp=8)...
  Appended results to /eagle/UIC-HPC/amy/sperr-sweep.20260219_214525/results.jsonl
  Running compressor 'sperr' on branch 'AnalysisJetsAuxDyn.pt' (bpp=8)...
  Appended results to /eagle/UIC-HPC/amy/sperr-sweep.20260219_214525/results.jsonl
  Running compressor 'sperr' on branch 'AnalysisJetsAuxDyn.pt' (bpp=8)...
  Appended results to /eagle/UIC-HPC/amy/sperr-sweep.20260219_214525/results.jsonl
  Running compressor 'sperr' on branch 'AnalysisJetsAuxDyn.pt' (bpp=8)...
  Appended results to /eagle/UIC-HPC/amy/sperr-sweep.20260219_214525/results.jsonl
  Running compressor 'sperr' on branch 'AnalysisJetsAuxDyn.pt' (bpp=8)...
  Appended results to /eagle/UIC-HPC/amy/sperr-sweep.20260219_214525/results.jsonl
  Running compressor 'sperr' on branch 'AnalysisJetsAuxDyn.pt' (bpp=8)...
  Appended results to /eagle/UIC-HPC/amy/sperr-sweep.20260219_214525/results.jsonl
  Running compressor 'sperr' on branch 'AnalysisJetsAuxDyn.pt' (bpp=8)...
  Appended results to /eagle/UIC-HPC/amy/sperr-sweep.20260219_214525/results.jsonl
  Running compressor 'sperr' on branch 'AnalysisJetsAuxDyn.pt' (bpp=8)...
  Appended results to /eagle/UIC-HPC/amy/sperr-sweep.20260219_214525/results.jsonl
  Running compressor 'sperr' on branch 'AnalysisJetsAuxDyn.pt' (bpp=10)...
  Appended results to /eagle/UIC-HPC/amy/sperr-sweep.20260219_214525/results.jsonl
  Running compressor 'sperr' on branch 'AnalysisJetsAuxDyn.pt' (bpp=10)...
  Appended results to /eagle/UIC-HPC/amy/sperr-sweep.20260219_214525/results.jsonl
  Running compressor 'sperr' on branch 'AnalysisJetsAuxDyn.pt' (bpp=10)...
  Appended results to /eagle/UIC-HPC/amy/sperr-sweep.20260219_214525/results.jsonl
  Running compressor 'sperr' on branch 'AnalysisJetsAuxDyn.pt' (bpp=10)...
  Appended results to /eagle/UIC-HPC/amy/sperr-sweep.20260219_214525/results.jsonl
  Running compressor 'sperr' on branch 'AnalysisJetsAuxDyn.pt' (bpp=10)...
  Appended results to /eagle/UIC-HPC/amy/sperr-sweep.20260219_214525/results.jsonl
  Running compressor 'sperr' on branch 'AnalysisJetsAuxDyn.pt' (bpp=10)...
  Appended results to /eagle/UIC-HPC/amy/sperr-sweep.20260219_214525/results.jsonl
  Running compressor 'sperr' on branch 'AnalysisJetsAuxDyn.pt' (bpp=10)...
  Appended results to /eagle/UIC-HPC/amy/sperr-sweep.20260219_214525/results.jsonl
  Running compressor 'sperr' on branch 'AnalysisJetsAuxDyn.pt' (bpp=10)...
  Appended results to /eagle/UIC-HPC/amy/sperr-sweep.20260219_214525/results.jsonl
  Running compressor 'sperr' on branch 'AnalysisJetsAuxDyn.pt' (bpp=10)...
  Appended results to /eagle/UIC-HPC/amy/sperr-sweep.20260219_214525/results.jsonl
  Running compressor 'sperr' on branch 'AnalysisJetsAuxDyn.pt' (bpp=10)...
  Appended results to /eagle/UIC-HPC/amy/sperr-sweep.20260219_214525/results.jsonl
  Running compressor 'sperr' on branch 'AnalysisJetsAuxDyn.pt' (bpp=10)...
  Appended results to /eagle/UIC-HPC/amy/sperr-sweep.20260219_214525/results.jsonl
  Running compressor 'sperr' on branch 'AnalysisJetsAuxDyn.pt' (bpp=12)...
  Appended results to /eagle/UIC-HPC/amy/sperr-sweep.20260219_214525/results.jsonl
  Running compressor 'sperr' on branch 'AnalysisJetsAuxDyn.pt' (bpp=12)...
  Appended results to /eagle/UIC-HPC/amy/sperr-sweep.20260219_214525/results.jsonl
  Running compressor 'sperr' on branch 'AnalysisJetsAuxDyn.pt' (bpp=12)...
  Appended results to /eagle/UIC-HPC/amy/sperr-sweep.20260219_214525/results.jsonl
  Running compressor 'sperr' on branch 'AnalysisJetsAuxDyn.pt' (bpp=12)...
  Appended results to /eagle/UIC-HPC/amy/sperr-sweep.20260219_214525/results.jsonl
  Running compressor 'sperr' on branch 'AnalysisJetsAuxDyn.pt' (bpp=12)...
  Appended results to /eagle/UIC-HPC/amy/sperr-sweep.20260219_214525/results.jsonl
  Running compressor 'sperr' on branch 'AnalysisJetsAuxDyn.pt' (bpp=12)...
  Appended results to /eagle/UIC-HPC/amy/sperr-sweep.20260219_214525/results.jsonl
  Running compressor 'sperr' on branch 'AnalysisJetsAuxDyn.pt' (bpp=12)...
  Appended results to /eagle/UIC-HPC/amy/sperr-sweep.20260219_214525/results.jsonl
  Running compressor 'sperr' on branch 'AnalysisJetsAuxDyn.pt' (bpp=12)...
  Appended results to /eagle/UIC-HPC/amy/sperr-sweep.20260219_214525/results.jsonl
  Running compressor 'sperr' on branch 'AnalysisJetsAuxDyn.pt' (bpp=12)...
  Appended results to /eagle/UIC-HPC/amy/sperr-sweep.20260219_214525/results.jsonl
  Running compressor 'sperr' on branch 'AnalysisJetsAuxDyn.pt' (bpp=12)...
  Appended results to /eagle/UIC-HPC/amy/sperr-sweep.20260219_214525/results.jsonl
  Running compressor 'sperr' on branch 'AnalysisJetsAuxDyn.pt' (bpp=12)...
  Appended results to /eagle/UIC-HPC/amy/sperr-sweep.20260219_214525/results.jsonl
  Running compressor 'sperr' on branch 'AnalysisJetsAuxDyn.pt' (bpp=16)...
  Appended results to /eagle/UIC-HPC/amy/sperr-sweep.20260219_214525/results.jsonl
  Running compressor 'sperr' on branch 'AnalysisJetsAuxDyn.pt' (bpp=16)...
  Appended results to /eagle/UIC-HPC/amy/sperr-sweep.20260219_214525/results.jsonl
  Running compressor 'sperr' on branch 'AnalysisJetsAuxDyn.pt' (bpp=16)...
  Appended results to /eagle/UIC-HPC/amy/sperr-sweep.20260219_214525/results.jsonl
  Running compressor 'sperr' on branch 'AnalysisJetsAuxDyn.pt' (bpp=16)...
  Appended results to /eagle/UIC-HPC/amy/sperr-sweep.20260219_214525/results.jsonl
  Running compressor 'sperr' on branch 'AnalysisJetsAuxDyn.pt' (bpp=16)...
  Appended results to /eagle/UIC-HPC/amy/sperr-sweep.20260219_214525/results.jsonl
  Running compressor 'sperr' on branch 'AnalysisJetsAuxDyn.pt' (bpp=16)...
  Appended results to /eagle/UIC-HPC/amy/sperr-sweep.20260219_214525/results.jsonl
  Running compressor 'sperr' on branch 'AnalysisJetsAuxDyn.pt' (bpp=16)...
  Appended results to /eagle/UIC-HPC/amy/sperr-sweep.20260219_214525/results.jsonl
  Running compressor 'sperr' on branch 'AnalysisJetsAuxDyn.pt' (bpp=16)...
  Appended results to /eagle/UIC-HPC/amy/sperr-sweep.20260219_214525/results.jsonl
  Running compressor 'sperr' on branch 'AnalysisJetsAuxDyn.pt' (bpp=16)...
  Appended results to /eagle/UIC-HPC/amy/sperr-sweep.20260219_214525/results.jsonl
  Running compressor 'sperr' on branch 'AnalysisJetsAuxDyn.pt' (bpp=16)...
  Appended results to /eagle/UIC-HPC/amy/sperr-sweep.20260219_214525/results.jsonl
  Running compressor 'sperr' on branch 'AnalysisJetsAuxDyn.pt' (bpp=16)...
  Appended results to /eagle/UIC-HPC/amy/sperr-sweep.20260219_214525/results.jsonl
  Running compressor 'sperr' on branch 'AnalysisJetsAuxDyn.pt' (bpp=20)...
  Appended results to /eagle/UIC-HPC/amy/sperr-sweep.20260219_214525/results.jsonl
  Running compressor 'sperr' on branch 'AnalysisJetsAuxDyn.pt' (bpp=20)...
  Appended results to /eagle/UIC-HPC/amy/sperr-sweep.20260219_214525/results.jsonl
  Running compressor 'sperr' on branch 'AnalysisJetsAuxDyn.pt' (bpp=20)...
  Appended results to /eagle/UIC-HPC/amy/sperr-sweep.20260219_214525/results.jsonl
  Running compressor 'sperr' on branch 'AnalysisJetsAuxDyn.pt' (bpp=20)...
  Appended results to /eagle/UIC-HPC/amy/sperr-sweep.20260219_214525/results.jsonl
  Running compressor 'sperr' on branch 'AnalysisJetsAuxDyn.pt' (bpp=20)...
  Appended results to /eagle/UIC-HPC/amy/sperr-sweep.20260219_214525/results.jsonl
  Running compressor 'sperr' on branch 'AnalysisJetsAuxDyn.pt' (bpp=20)...
  Appended results to /eagle/UIC-HPC/amy/sperr-sweep.20260219_214525/results.jsonl
  Running compressor 'sperr' on branch 'AnalysisJetsAuxDyn.pt' (bpp=20)...
  Appended results to /eagle/UIC-HPC/amy/sperr-sweep.20260219_214525/results.jsonl
  Running compressor 'sperr' on branch 'AnalysisJetsAuxDyn.pt' (bpp=20)...
  Appended results to /eagle/UIC-HPC/amy/sperr-sweep.20260219_214525/results.jsonl
  Running compressor 'sperr' on branch 'AnalysisJetsAuxDyn.pt' (bpp=20)...
  Appended results to /eagle/UIC-HPC/amy/sperr-sweep.20260219_214525/results.jsonl
  Running compressor 'sperr' on branch 'AnalysisJetsAuxDyn.pt' (bpp=20)...
  Appended results to /eagle/UIC-HPC/amy/sperr-sweep.20260219_214525/results.jsonl
  Running compressor 'sperr' on branch 'AnalysisJetsAuxDyn.pt' (bpp=20)...
  Appended results to /eagle/UIC-HPC/amy/sperr-sweep.20260219_214525/results.jsonl
  Running compressor 'sperr' on branch 'AnalysisJetsAuxDyn.pt' (bpp=24)...
  Appended results to /eagle/UIC-HPC/amy/sperr-sweep.20260219_214525/results.jsonl
  Running compressor 'sperr' on branch 'AnalysisJetsAuxDyn.pt' (bpp=24)...
  Appended results to /eagle/UIC-HPC/amy/sperr-sweep.20260219_214525/results.jsonl
  Running compressor 'sperr' on branch 'AnalysisJetsAuxDyn.pt' (bpp=24)...
  Appended results to /eagle/UIC-HPC/amy/sperr-sweep.20260219_214525/results.jsonl
  Running compressor 'sperr' on branch 'AnalysisJetsAuxDyn.pt' (bpp=24)...
  Appended results to /eagle/UIC-HPC/amy/sperr-sweep.20260219_214525/results.jsonl
  Running compressor 'sperr' on branch 'AnalysisJetsAuxDyn.pt' (bpp=24)...
  Appended results to /eagle/UIC-HPC/amy/sperr-sweep.20260219_214525/results.jsonl
  Running compressor 'sperr' on branch 'AnalysisJetsAuxDyn.pt' (bpp=24)...
  Appended results to /eagle/UIC-HPC/amy/sperr-sweep.20260219_214525/results.jsonl
  Running compressor 'sperr' on branch 'AnalysisJetsAuxDyn.pt' (bpp=24)...
  Appended results to /eagle/UIC-HPC/amy/sperr-sweep.20260219_214525/results.jsonl
  Running compressor 'sperr' on branch 'AnalysisJetsAuxDyn.pt' (bpp=24)...
  Appended results to /eagle/UIC-HPC/amy/sperr-sweep.20260219_214525/results.jsonl
  Running compressor 'sperr' on branch 'AnalysisJetsAuxDyn.pt' (bpp=24)...
  Appended results to /eagle/UIC-HPC/amy/sperr-sweep.20260219_214525/results.jsonl
  Running compressor 'sperr' on branch 'AnalysisJetsAuxDyn.pt' (bpp=24)...
  Appended results to /eagle/UIC-HPC/amy/sperr-sweep.20260219_214525/results.jsonl
  Running compressor 'sperr' on branch 'AnalysisJetsAuxDyn.pt' (bpp=24)...
  Appended results to /eagle/UIC-HPC/amy/sperr-sweep.20260219_214525/results.jsonl
  Running compressor 'sperr' on branch 'AnalysisJetsAuxDyn.pt' (bpp=26)...
  Appended results to /eagle/UIC-HPC/amy/sperr-sweep.20260219_214525/results.jsonl
  Running compressor 'sperr' on branch 'AnalysisJetsAuxDyn.pt' (bpp=26)...
  Appended results to /eagle/UIC-HPC/amy/sperr-sweep.20260219_214525/results.jsonl
  Running compressor 'sperr' on branch 'AnalysisJetsAuxDyn.pt' (bpp=26)...
  Appended results to /eagle/UIC-HPC/amy/sperr-sweep.20260219_214525/results.jsonl
  Running compressor 'sperr' on branch 'AnalysisJetsAuxDyn.pt' (bpp=26)...
  Appended results to /eagle/UIC-HPC/amy/sperr-sweep.20260219_214525/results.jsonl
  Running compressor 'sperr' on branch 'AnalysisJetsAuxDyn.pt' (bpp=26)...
  Appended results to /eagle/UIC-HPC/amy/sperr-sweep.20260219_214525/results.jsonl
  Running compressor 'sperr' on branch 'AnalysisJetsAuxDyn.pt' (bpp=26)...
  Appended results to /eagle/UIC-HPC/amy/sperr-sweep.20260219_214525/results.jsonl
  Running compressor 'sperr' on branch 'AnalysisJetsAuxDyn.pt' (bpp=26)...
  Appended results to /eagle/UIC-HPC/amy/sperr-sweep.20260219_214525/results.jsonl
  Running compressor 'sperr' on branch 'AnalysisJetsAuxDyn.pt' (bpp=26)...
  Appended results to /eagle/UIC-HPC/amy/sperr-sweep.20260219_214525/results.jsonl
  Running compressor 'sperr' on branch 'AnalysisJetsAuxDyn.pt' (bpp=26)...
  Appended results to /eagle/UIC-HPC/amy/sperr-sweep.20260219_214525/results.jsonl
  Running compressor 'sperr' on branch 'AnalysisJetsAuxDyn.pt' (bpp=26)...
  Appended results to /eagle/UIC-HPC/amy/sperr-sweep.20260219_214525/results.jsonl
  Running compressor 'sperr' on branch 'AnalysisJetsAuxDyn.pt' (bpp=26)...
  Appended results to /eagle/UIC-HPC/amy/sperr-sweep.20260219_214525/results.jsonl
  Running compressor 'sperr' on branch 'AnalysisJetsAuxDyn.pt' (bpp=28)...
  Appended results to /eagle/UIC-HPC/amy/sperr-sweep.20260219_214525/results.jsonl
  Running compressor 'sperr' on branch 'AnalysisJetsAuxDyn.pt' (bpp=28)...
  Appended results to /eagle/UIC-HPC/amy/sperr-sweep.20260219_214525/results.jsonl
  Running compressor 'sperr' on branch 'AnalysisJetsAuxDyn.pt' (bpp=28)...
  Appended results to /eagle/UIC-HPC/amy/sperr-sweep.20260219_214525/results.jsonl
  Running compressor 'sperr' on branch 'AnalysisJetsAuxDyn.pt' (bpp=28)...
  Appended results to /eagle/UIC-HPC/amy/sperr-sweep.20260219_214525/results.jsonl
  Running compressor 'sperr' on branch 'AnalysisJetsAuxDyn.pt' (bpp=28)...
  Appended results to /eagle/UIC-HPC/amy/sperr-sweep.20260219_214525/results.jsonl
  Running compressor 'sperr' on branch 'AnalysisJetsAuxDyn.pt' (bpp=28)...
  Appended results to /eagle/UIC-HPC/amy/sperr-sweep.20260219_214525/results.jsonl
  Running compressor 'sperr' on branch 'AnalysisJetsAuxDyn.pt' (bpp=28)...
  Appended results to /eagle/UIC-HPC/amy/sperr-sweep.20260219_214525/results.jsonl
  Running compressor 'sperr' on branch 'AnalysisJetsAuxDyn.pt' (bpp=28)...
  Appended results to /eagle/UIC-HPC/amy/sperr-sweep.20260219_214525/results.jsonl
  Running compressor 'sperr' on branch 'AnalysisJetsAuxDyn.pt' (bpp=28)...
  Appended results to /eagle/UIC-HPC/amy/sperr-sweep.20260219_214525/results.jsonl
  Running compressor 'sperr' on branch 'AnalysisJetsAuxDyn.pt' (bpp=28)...
  Appended results to /eagle/UIC-HPC/amy/sperr-sweep.20260219_214525/results.jsonl
  Running compressor 'sperr' on branch 'AnalysisJetsAuxDyn.pt' (bpp=28)...
  Appended results to /eagle/UIC-HPC/amy/sperr-sweep.20260219_214525/results.jsonl
  Running compressor 'sperr' on branch 'AnalysisJetsAuxDyn.pt' (bpp=30)...
  Appended results to /eagle/UIC-HPC/amy/sperr-sweep.20260219_214525/results.jsonl
  Running compressor 'sperr' on branch 'AnalysisJetsAuxDyn.pt' (bpp=30)...
  Appended results to /eagle/UIC-HPC/amy/sperr-sweep.20260219_214525/results.jsonl
  Running compressor 'sperr' on branch 'AnalysisJetsAuxDyn.pt' (bpp=30)...
  Appended results to /eagle/UIC-HPC/amy/sperr-sweep.20260219_214525/results.jsonl
  Running compressor 'sperr' on branch 'AnalysisJetsAuxDyn.pt' (bpp=30)...
  Appended results to /eagle/UIC-HPC/amy/sperr-sweep.20260219_214525/results.jsonl
  Running compressor 'sperr' on branch 'AnalysisJetsAuxDyn.pt' (bpp=30)...
  Appended results to /eagle/UIC-HPC/amy/sperr-sweep.20260219_214525/results.jsonl
  Running compressor 'sperr' on branch 'AnalysisJetsAuxDyn.pt' (bpp=30)...
  Appended results to /eagle/UIC-HPC/amy/sperr-sweep.20260219_214525/results.jsonl
  Running compressor 'sperr' on branch 'AnalysisJetsAuxDyn.pt' (bpp=30)...
  Appended results to /eagle/UIC-HPC/amy/sperr-sweep.20260219_214525/results.jsonl
  Running compressor 'sperr' on branch 'AnalysisJetsAuxDyn.pt' (bpp=30)...
  Appended results to /eagle/UIC-HPC/amy/sperr-sweep.20260219_214525/results.jsonl
  Running compressor 'sperr' on branch 'AnalysisJetsAuxDyn.pt' (bpp=30)...
  Appended results to /eagle/UIC-HPC/amy/sperr-sweep.20260219_214525/results.jsonl
  Running compressor 'sperr' on branch 'AnalysisJetsAuxDyn.pt' (bpp=30)...
  Appended results to /eagle/UIC-HPC/amy/sperr-sweep.20260219_214525/results.jsonl
  Running compressor 'sperr' on branch 'AnalysisJetsAuxDyn.pt' (bpp=30)...
  Appended results to /eagle/UIC-HPC/amy/sperr-sweep.20260219_214525/results.jsonl
  Running compressor 'sperr' on branch 'AnalysisJetsAuxDyn.pt' (bpp=32)...
  Appended results to /eagle/UIC-HPC/amy/sperr-sweep.20260219_214525/results.jsonl
  Running compressor 'sperr' on branch 'AnalysisJetsAuxDyn.pt' (bpp=32)...
  Appended results to /eagle/UIC-HPC/amy/sperr-sweep.20260219_214525/results.jsonl
  Running compressor 'sperr' on branch 'AnalysisJetsAuxDyn.pt' (bpp=32)...
  Appended results to /eagle/UIC-HPC/amy/sperr-sweep.20260219_214525/results.jsonl
  Running compressor 'sperr' on branch 'AnalysisJetsAuxDyn.pt' (bpp=32)...
  Appended results to /eagle/UIC-HPC/amy/sperr-sweep.20260219_214525/results.jsonl
  Running compressor 'sperr' on branch 'AnalysisJetsAuxDyn.pt' (bpp=32)...
  Appended results to /eagle/UIC-HPC/amy/sperr-sweep.20260219_214525/results.jsonl
  Running compressor 'sperr' on branch 'AnalysisJetsAuxDyn.pt' (bpp=32)...
  Appended results to /eagle/UIC-HPC/amy/sperr-sweep.20260219_214525/results.jsonl
  Running compressor 'sperr' on branch 'AnalysisJetsAuxDyn.pt' (bpp=32)...
  Appended results to /eagle/UIC-HPC/amy/sperr-sweep.20260219_214525/results.jsonl
  Running compressor 'sperr' on branch 'AnalysisJetsAuxDyn.pt' (bpp=32)...
  Appended results to /eagle/UIC-HPC/amy/sperr-sweep.20260219_214525/results.jsonl
  Running compressor 'sperr' on branch 'AnalysisJetsAuxDyn.pt' (bpp=32)...
  Appended results to /eagle/UIC-HPC/amy/sperr-sweep.20260219_214525/results.jsonl
  Running compressor 'sperr' on branch 'AnalysisJetsAuxDyn.pt' (bpp=32)...
  Appended results to /eagle/UIC-HPC/amy/sperr-sweep.20260219_214525/results.jsonl
  Running compressor 'sperr' on branch 'AnalysisJetsAuxDyn.pt' (bpp=32)...
  Appended results to /eagle/UIC-HPC/amy/sperr-sweep.20260219_214525/results.jsonl
Reading data for branch 'AnalysisJetsAuxDyn.eta'...
  Running compressor 'sperr' on branch 'AnalysisJetsAuxDyn.eta' (bpp=2)...
  Appended results to /eagle/UIC-HPC/amy/sperr-sweep.20260219_214525/results.jsonl
  Running compressor 'sperr' on branch 'AnalysisJetsAuxDyn.eta' (bpp=2)...
  Appended results to /eagle/UIC-HPC/amy/sperr-sweep.20260219_214525/results.jsonl
  Running compressor 'sperr' on branch 'AnalysisJetsAuxDyn.eta' (bpp=2)...
  Appended results to /eagle/UIC-HPC/amy/sperr-sweep.20260219_214525/results.jsonl
  Running compressor 'sperr' on branch 'AnalysisJetsAuxDyn.eta' (bpp=2)...
  Appended results to /eagle/UIC-HPC/amy/sperr-sweep.20260219_214525/results.jsonl
  Running compressor 'sperr' on branch 'AnalysisJetsAuxDyn.eta' (bpp=2)...
  Appended results to /eagle/UIC-HPC/amy/sperr-sweep.20260219_214525/results.jsonl
  Running compressor 'sperr' on branch 'AnalysisJetsAuxDyn.eta' (bpp=2)...
  Appended results to /eagle/UIC-HPC/amy/sperr-sweep.20260219_214525/results.jsonl
  Running compressor 'sperr' on branch 'AnalysisJetsAuxDyn.eta' (bpp=2)...
  Appended results to /eagle/UIC-HPC/amy/sperr-sweep.20260219_214525/results.jsonl
  Running compressor 'sperr' on branch 'AnalysisJetsAuxDyn.eta' (bpp=2)...
  Appended results to /eagle/UIC-HPC/amy/sperr-sweep.20260219_214525/results.jsonl
  Running compressor 'sperr' on branch 'AnalysisJetsAuxDyn.eta' (bpp=2)...
  Appended results to /eagle/UIC-HPC/amy/sperr-sweep.20260219_214525/results.jsonl
  Running compressor 'sperr' on branch 'AnalysisJetsAuxDyn.eta' (bpp=2)...
  Appended results to /eagle/UIC-HPC/amy/sperr-sweep.20260219_214525/results.jsonl
  Running compressor 'sperr' on branch 'AnalysisJetsAuxDyn.eta' (bpp=2)...
  Appended results to /eagle/UIC-HPC/amy/sperr-sweep.20260219_214525/results.jsonl
  Running compressor 'sperr' on branch 'AnalysisJetsAuxDyn.eta' (bpp=4)...
  Appended results to /eagle/UIC-HPC/amy/sperr-sweep.20260219_214525/results.jsonl
  Running compressor 'sperr' on branch 'AnalysisJetsAuxDyn.eta' (bpp=4)...
  Appended results to /eagle/UIC-HPC/amy/sperr-sweep.20260219_214525/results.jsonl
  Running compressor 'sperr' on branch 'AnalysisJetsAuxDyn.eta' (bpp=4)...
  Appended results to /eagle/UIC-HPC/amy/sperr-sweep.20260219_214525/results.jsonl
  Running compressor 'sperr' on branch 'AnalysisJetsAuxDyn.eta' (bpp=4)...
  Appended results to /eagle/UIC-HPC/amy/sperr-sweep.20260219_214525/results.jsonl
  Running compressor 'sperr' on branch 'AnalysisJetsAuxDyn.eta' (bpp=4)...
  Appended results to /eagle/UIC-HPC/amy/sperr-sweep.20260219_214525/results.jsonl
  Running compressor 'sperr' on branch 'AnalysisJetsAuxDyn.eta' (bpp=4)...
  Appended results to /eagle/UIC-HPC/amy/sperr-sweep.20260219_214525/results.jsonl
  Running compressor 'sperr' on branch 'AnalysisJetsAuxDyn.eta' (bpp=4)...
  Appended results to /eagle/UIC-HPC/amy/sperr-sweep.20260219_214525/results.jsonl
  Running compressor 'sperr' on branch 'AnalysisJetsAuxDyn.eta' (bpp=4)...
  Appended results to /eagle/UIC-HPC/amy/sperr-sweep.20260219_214525/results.jsonl
  Running compressor 'sperr' on branch 'AnalysisJetsAuxDyn.eta' (bpp=4)...
  Appended results to /eagle/UIC-HPC/amy/sperr-sweep.20260219_214525/results.jsonl
  Running compressor 'sperr' on branch 'AnalysisJetsAuxDyn.eta' (bpp=4)...
  Appended results to /eagle/UIC-HPC/amy/sperr-sweep.20260219_214525/results.jsonl
  Running compressor 'sperr' on branch 'AnalysisJetsAuxDyn.eta' (bpp=4)...
  Appended results to /eagle/UIC-HPC/amy/sperr-sweep.20260219_214525/results.jsonl
  Running compressor 'sperr' on branch 'AnalysisJetsAuxDyn.eta' (bpp=8)...
  Appended results to /eagle/UIC-HPC/amy/sperr-sweep.20260219_214525/results.jsonl
  Running compressor 'sperr' on branch 'AnalysisJetsAuxDyn.eta' (bpp=8)...
  Appended results to /eagle/UIC-HPC/amy/sperr-sweep.20260219_214525/results.jsonl
  Running compressor 'sperr' on branch 'AnalysisJetsAuxDyn.eta' (bpp=8)...
  Appended results to /eagle/UIC-HPC/amy/sperr-sweep.20260219_214525/results.jsonl
  Running compressor 'sperr' on branch 'AnalysisJetsAuxDyn.eta' (bpp=8)...
  Appended results to /eagle/UIC-HPC/amy/sperr-sweep.20260219_214525/results.jsonl
  Running compressor 'sperr' on branch 'AnalysisJetsAuxDyn.eta' (bpp=8)...
  Appended results to /eagle/UIC-HPC/amy/sperr-sweep.20260219_214525/results.jsonl
  Running compressor 'sperr' on branch 'AnalysisJetsAuxDyn.eta' (bpp=8)...
  Appended results to /eagle/UIC-HPC/amy/sperr-sweep.20260219_214525/results.jsonl
  Running compressor 'sperr' on branch 'AnalysisJetsAuxDyn.eta' (bpp=8)...
  Appended results to /eagle/UIC-HPC/amy/sperr-sweep.20260219_214525/results.jsonl
  Running compressor 'sperr' on branch 'AnalysisJetsAuxDyn.eta' (bpp=8)...
  Appended results to /eagle/UIC-HPC/amy/sperr-sweep.20260219_214525/results.jsonl
  Running compressor 'sperr' on branch 'AnalysisJetsAuxDyn.eta' (bpp=8)...
  Appended results to /eagle/UIC-HPC/amy/sperr-sweep.20260219_214525/results.jsonl
  Running compressor 'sperr' on branch 'AnalysisJetsAuxDyn.eta' (bpp=8)...
  Appended results to /eagle/UIC-HPC/amy/sperr-sweep.20260219_214525/results.jsonl
  Running compressor 'sperr' on branch 'AnalysisJetsAuxDyn.eta' (bpp=8)...
  Appended results to /eagle/UIC-HPC/amy/sperr-sweep.20260219_214525/results.jsonl
  Running compressor 'sperr' on branch 'AnalysisJetsAuxDyn.eta' (bpp=10)...
  Appended results to /eagle/UIC-HPC/amy/sperr-sweep.20260219_214525/results.jsonl
  Running compressor 'sperr' on branch 'AnalysisJetsAuxDyn.eta' (bpp=10)...
  Appended results to /eagle/UIC-HPC/amy/sperr-sweep.20260219_214525/results.jsonl
  Running compressor 'sperr' on branch 'AnalysisJetsAuxDyn.eta' (bpp=10)...
  Appended results to /eagle/UIC-HPC/amy/sperr-sweep.20260219_214525/results.jsonl
  Running compressor 'sperr' on branch 'AnalysisJetsAuxDyn.eta' (bpp=10)...
  Appended results to /eagle/UIC-HPC/amy/sperr-sweep.20260219_214525/results.jsonl
  Running compressor 'sperr' on branch 'AnalysisJetsAuxDyn.eta' (bpp=10)...
  Appended results to /eagle/UIC-HPC/amy/sperr-sweep.20260219_214525/results.jsonl
  Running compressor 'sperr' on branch 'AnalysisJetsAuxDyn.eta' (bpp=10)...
  Appended results to /eagle/UIC-HPC/amy/sperr-sweep.20260219_214525/results.jsonl
  Running compressor 'sperr' on branch 'AnalysisJetsAuxDyn.eta' (bpp=10)...
  Appended results to /eagle/UIC-HPC/amy/sperr-sweep.20260219_214525/results.jsonl
  Running compressor 'sperr' on branch 'AnalysisJetsAuxDyn.eta' (bpp=10)...
  Appended results to /eagle/UIC-HPC/amy/sperr-sweep.20260219_214525/results.jsonl
  Running compressor 'sperr' on branch 'AnalysisJetsAuxDyn.eta' (bpp=10)...
  Appended results to /eagle/UIC-HPC/amy/sperr-sweep.20260219_214525/results.jsonl
  Running compressor 'sperr' on branch 'AnalysisJetsAuxDyn.eta' (bpp=10)...
  Appended results to /eagle/UIC-HPC/amy/sperr-sweep.20260219_214525/results.jsonl
  Running compressor 'sperr' on branch 'AnalysisJetsAuxDyn.eta' (bpp=10)...
  Appended results to /eagle/UIC-HPC/amy/sperr-sweep.20260219_214525/results.jsonl
  Running compressor 'sperr' on branch 'AnalysisJetsAuxDyn.eta' (bpp=12)...
  Appended results to /eagle/UIC-HPC/amy/sperr-sweep.20260219_214525/results.jsonl
  Running compressor 'sperr' on branch 'AnalysisJetsAuxDyn.eta' (bpp=12)...
  Appended results to /eagle/UIC-HPC/amy/sperr-sweep.20260219_214525/results.jsonl
  Running compressor 'sperr' on branch 'AnalysisJetsAuxDyn.eta' (bpp=12)...
  Appended results to /eagle/UIC-HPC/amy/sperr-sweep.20260219_214525/results.jsonl
  Running compressor 'sperr' on branch 'AnalysisJetsAuxDyn.eta' (bpp=12)...
  Appended results to /eagle/UIC-HPC/amy/sperr-sweep.20260219_214525/results.jsonl
  Running compressor 'sperr' on branch 'AnalysisJetsAuxDyn.eta' (bpp=12)...
  Appended results to /eagle/UIC-HPC/amy/sperr-sweep.20260219_214525/results.jsonl
  Running compressor 'sperr' on branch 'AnalysisJetsAuxDyn.eta' (bpp=12)...
  Appended results to /eagle/UIC-HPC/amy/sperr-sweep.20260219_214525/results.jsonl
  Running compressor 'sperr' on branch 'AnalysisJetsAuxDyn.eta' (bpp=12)...
  Appended results to /eagle/UIC-HPC/amy/sperr-sweep.20260219_214525/results.jsonl
  Running compressor 'sperr' on branch 'AnalysisJetsAuxDyn.eta' (bpp=12)...
  Appended results to /eagle/UIC-HPC/amy/sperr-sweep.20260219_214525/results.jsonl
  Running compressor 'sperr' on branch 'AnalysisJetsAuxDyn.eta' (bpp=12)...
  Appended results to /eagle/UIC-HPC/amy/sperr-sweep.20260219_214525/results.jsonl
  Running compressor 'sperr' on branch 'AnalysisJetsAuxDyn.eta' (bpp=12)...
  Appended results to /eagle/UIC-HPC/amy/sperr-sweep.20260219_214525/results.jsonl
  Running compressor 'sperr' on branch 'AnalysisJetsAuxDyn.eta' (bpp=12)...
  Appended results to /eagle/UIC-HPC/amy/sperr-sweep.20260219_214525/results.jsonl
  Running compressor 'sperr' on branch 'AnalysisJetsAuxDyn.eta' (bpp=16)...
  Appended results to /eagle/UIC-HPC/amy/sperr-sweep.20260219_214525/results.jsonl
  Running compressor 'sperr' on branch 'AnalysisJetsAuxDyn.eta' (bpp=16)...
  Appended results to /eagle/UIC-HPC/amy/sperr-sweep.20260219_214525/results.jsonl
  Running compressor 'sperr' on branch 'AnalysisJetsAuxDyn.eta' (bpp=16)...
  Appended results to /eagle/UIC-HPC/amy/sperr-sweep.20260219_214525/results.jsonl
  Running compressor 'sperr' on branch 'AnalysisJetsAuxDyn.eta' (bpp=16)...
  Appended results to /eagle/UIC-HPC/amy/sperr-sweep.20260219_214525/results.jsonl
  Running compressor 'sperr' on branch 'AnalysisJetsAuxDyn.eta' (bpp=16)...
  Appended results to /eagle/UIC-HPC/amy/sperr-sweep.20260219_214525/results.jsonl
  Running compressor 'sperr' on branch 'AnalysisJetsAuxDyn.eta' (bpp=16)...
  Appended results to /eagle/UIC-HPC/amy/sperr-sweep.20260219_214525/results.jsonl
  Running compressor 'sperr' on branch 'AnalysisJetsAuxDyn.eta' (bpp=16)...
  Appended results to /eagle/UIC-HPC/amy/sperr-sweep.20260219_214525/results.jsonl
  Running compressor 'sperr' on branch 'AnalysisJetsAuxDyn.eta' (bpp=16)...
  Appended results to /eagle/UIC-HPC/amy/sperr-sweep.20260219_214525/results.jsonl
  Running compressor 'sperr' on branch 'AnalysisJetsAuxDyn.eta' (bpp=16)...
  Appended results to /eagle/UIC-HPC/amy/sperr-sweep.20260219_214525/results.jsonl
  Running compressor 'sperr' on branch 'AnalysisJetsAuxDyn.eta' (bpp=16)...
  Appended results to /eagle/UIC-HPC/amy/sperr-sweep.20260219_214525/results.jsonl
  Running compressor 'sperr' on branch 'AnalysisJetsAuxDyn.eta' (bpp=16)...
  Appended results to /eagle/UIC-HPC/amy/sperr-sweep.20260219_214525/results.jsonl
  Running compressor 'sperr' on branch 'AnalysisJetsAuxDyn.eta' (bpp=20)...
  Appended results to /eagle/UIC-HPC/amy/sperr-sweep.20260219_214525/results.jsonl
  Running compressor 'sperr' on branch 'AnalysisJetsAuxDyn.eta' (bpp=20)...
  Appended results to /eagle/UIC-HPC/amy/sperr-sweep.20260219_214525/results.jsonl
  Running compressor 'sperr' on branch 'AnalysisJetsAuxDyn.eta' (bpp=20)...
  Appended results to /eagle/UIC-HPC/amy/sperr-sweep.20260219_214525/results.jsonl
  Running compressor 'sperr' on branch 'AnalysisJetsAuxDyn.eta' (bpp=20)...
  Appended results to /eagle/UIC-HPC/amy/sperr-sweep.20260219_214525/results.jsonl
  Running compressor 'sperr' on branch 'AnalysisJetsAuxDyn.eta' (bpp=20)...
  Appended results to /eagle/UIC-HPC/amy/sperr-sweep.20260219_214525/results.jsonl
  Running compressor 'sperr' on branch 'AnalysisJetsAuxDyn.eta' (bpp=20)...
  Appended results to /eagle/UIC-HPC/amy/sperr-sweep.20260219_214525/results.jsonl
  Running compressor 'sperr' on branch 'AnalysisJetsAuxDyn.eta' (bpp=20)...
  Appended results to /eagle/UIC-HPC/amy/sperr-sweep.20260219_214525/results.jsonl
  Running compressor 'sperr' on branch 'AnalysisJetsAuxDyn.eta' (bpp=20)...
  Appended results to /eagle/UIC-HPC/amy/sperr-sweep.20260219_214525/results.jsonl
  Running compressor 'sperr' on branch 'AnalysisJetsAuxDyn.eta' (bpp=20)...
  Appended results to /eagle/UIC-HPC/amy/sperr-sweep.20260219_214525/results.jsonl
  Running compressor 'sperr' on branch 'AnalysisJetsAuxDyn.eta' (bpp=20)...
  Appended results to /eagle/UIC-HPC/amy/sperr-sweep.20260219_214525/results.jsonl
  Running compressor 'sperr' on branch 'AnalysisJetsAuxDyn.eta' (bpp=20)...
  Appended results to /eagle/UIC-HPC/amy/sperr-sweep.20260219_214525/results.jsonl
  Running compressor 'sperr' on branch 'AnalysisJetsAuxDyn.eta' (bpp=24)...
  Appended results to /eagle/UIC-HPC/amy/sperr-sweep.20260219_214525/results.jsonl
  Running compressor 'sperr' on branch 'AnalysisJetsAuxDyn.eta' (bpp=24)...
  Appended results to /eagle/UIC-HPC/amy/sperr-sweep.20260219_214525/results.jsonl
  Running compressor 'sperr' on branch 'AnalysisJetsAuxDyn.eta' (bpp=24)...
  Appended results to /eagle/UIC-HPC/amy/sperr-sweep.20260219_214525/results.jsonl
  Running compressor 'sperr' on branch 'AnalysisJetsAuxDyn.eta' (bpp=24)...
  Appended results to /eagle/UIC-HPC/amy/sperr-sweep.20260219_214525/results.jsonl
  Running compressor 'sperr' on branch 'AnalysisJetsAuxDyn.eta' (bpp=24)...
  Appended results to /eagle/UIC-HPC/amy/sperr-sweep.20260219_214525/results.jsonl
  Running compressor 'sperr' on branch 'AnalysisJetsAuxDyn.eta' (bpp=24)...
  Appended results to /eagle/UIC-HPC/amy/sperr-sweep.20260219_214525/results.jsonl
  Running compressor 'sperr' on branch 'AnalysisJetsAuxDyn.eta' (bpp=24)...
  Appended results to /eagle/UIC-HPC/amy/sperr-sweep.20260219_214525/results.jsonl
  Running compressor 'sperr' on branch 'AnalysisJetsAuxDyn.eta' (bpp=24)...
  Appended results to /eagle/UIC-HPC/amy/sperr-sweep.20260219_214525/results.jsonl
  Running compressor 'sperr' on branch 'AnalysisJetsAuxDyn.eta' (bpp=24)...
  Appended results to /eagle/UIC-HPC/amy/sperr-sweep.20260219_214525/results.jsonl
  Running compressor 'sperr' on branch 'AnalysisJetsAuxDyn.eta' (bpp=24)...
  Appended results to /eagle/UIC-HPC/amy/sperr-sweep.20260219_214525/results.jsonl
  Running compressor 'sperr' on branch 'AnalysisJetsAuxDyn.eta' (bpp=24)...
  Appended results to /eagle/UIC-HPC/amy/sperr-sweep.20260219_214525/results.jsonl
  Running compressor 'sperr' on branch 'AnalysisJetsAuxDyn.eta' (bpp=26)...
  Appended results to /eagle/UIC-HPC/amy/sperr-sweep.20260219_214525/results.jsonl
  Running compressor 'sperr' on branch 'AnalysisJetsAuxDyn.eta' (bpp=26)...
  Appended results to /eagle/UIC-HPC/amy/sperr-sweep.20260219_214525/results.jsonl
  Running compressor 'sperr' on branch 'AnalysisJetsAuxDyn.eta' (bpp=26)...
  Appended results to /eagle/UIC-HPC/amy/sperr-sweep.20260219_214525/results.jsonl
  Running compressor 'sperr' on branch 'AnalysisJetsAuxDyn.eta' (bpp=26)...
  Appended results to /eagle/UIC-HPC/amy/sperr-sweep.20260219_214525/results.jsonl
  Running compressor 'sperr' on branch 'AnalysisJetsAuxDyn.eta' (bpp=26)...
  Appended results to /eagle/UIC-HPC/amy/sperr-sweep.20260219_214525/results.jsonl
  Running compressor 'sperr' on branch 'AnalysisJetsAuxDyn.eta' (bpp=26)...
  Appended results to /eagle/UIC-HPC/amy/sperr-sweep.20260219_214525/results.jsonl
  Running compressor 'sperr' on branch 'AnalysisJetsAuxDyn.eta' (bpp=26)...
  Appended results to /eagle/UIC-HPC/amy/sperr-sweep.20260219_214525/results.jsonl
  Running compressor 'sperr' on branch 'AnalysisJetsAuxDyn.eta' (bpp=26)...
  Appended results to /eagle/UIC-HPC/amy/sperr-sweep.20260219_214525/results.jsonl
  Running compressor 'sperr' on branch 'AnalysisJetsAuxDyn.eta' (bpp=26)...
  Appended results to /eagle/UIC-HPC/amy/sperr-sweep.20260219_214525/results.jsonl
  Running compressor 'sperr' on branch 'AnalysisJetsAuxDyn.eta' (bpp=26)...
  Appended results to /eagle/UIC-HPC/amy/sperr-sweep.20260219_214525/results.jsonl
  Running compressor 'sperr' on branch 'AnalysisJetsAuxDyn.eta' (bpp=26)...
  Appended results to /eagle/UIC-HPC/amy/sperr-sweep.20260219_214525/results.jsonl
  Running compressor 'sperr' on branch 'AnalysisJetsAuxDyn.eta' (bpp=28)...
  Appended results to /eagle/UIC-HPC/amy/sperr-sweep.20260219_214525/results.jsonl
  Running compressor 'sperr' on branch 'AnalysisJetsAuxDyn.eta' (bpp=28)...
  Appended results to /eagle/UIC-HPC/amy/sperr-sweep.20260219_214525/results.jsonl
  Running compressor 'sperr' on branch 'AnalysisJetsAuxDyn.eta' (bpp=28)...
  Appended results to /eagle/UIC-HPC/amy/sperr-sweep.20260219_214525/results.jsonl
  Running compressor 'sperr' on branch 'AnalysisJetsAuxDyn.eta' (bpp=28)...
  Appended results to /eagle/UIC-HPC/amy/sperr-sweep.20260219_214525/results.jsonl
  Running compressor 'sperr' on branch 'AnalysisJetsAuxDyn.eta' (bpp=28)...
  Appended results to /eagle/UIC-HPC/amy/sperr-sweep.20260219_214525/results.jsonl
  Running compressor 'sperr' on branch 'AnalysisJetsAuxDyn.eta' (bpp=28)...
  Appended results to /eagle/UIC-HPC/amy/sperr-sweep.20260219_214525/results.jsonl
  Running compressor 'sperr' on branch 'AnalysisJetsAuxDyn.eta' (bpp=28)...
  Appended results to /eagle/UIC-HPC/amy/sperr-sweep.20260219_214525/results.jsonl
  Running compressor 'sperr' on branch 'AnalysisJetsAuxDyn.eta' (bpp=28)...
  Appended results to /eagle/UIC-HPC/amy/sperr-sweep.20260219_214525/results.jsonl
  Running compressor 'sperr' on branch 'AnalysisJetsAuxDyn.eta' (bpp=28)...
  Appended results to /eagle/UIC-HPC/amy/sperr-sweep.20260219_214525/results.jsonl
  Running compressor 'sperr' on branch 'AnalysisJetsAuxDyn.eta' (bpp=28)...
  Appended results to /eagle/UIC-HPC/amy/sperr-sweep.20260219_214525/results.jsonl
  Running compressor 'sperr' on branch 'AnalysisJetsAuxDyn.eta' (bpp=28)...
  Appended results to /eagle/UIC-HPC/amy/sperr-sweep.20260219_214525/results.jsonl
  Running compressor 'sperr' on branch 'AnalysisJetsAuxDyn.eta' (bpp=30)...
  Appended results to /eagle/UIC-HPC/amy/sperr-sweep.20260219_214525/results.jsonl
  Running compressor 'sperr' on branch 'AnalysisJetsAuxDyn.eta' (bpp=30)...
  Appended results to /eagle/UIC-HPC/amy/sperr-sweep.20260219_214525/results.jsonl
  Running compressor 'sperr' on branch 'AnalysisJetsAuxDyn.eta' (bpp=30)...
  Appended results to /eagle/UIC-HPC/amy/sperr-sweep.20260219_214525/results.jsonl
  Running compressor 'sperr' on branch 'AnalysisJetsAuxDyn.eta' (bpp=30)...
  Appended results to /eagle/UIC-HPC/amy/sperr-sweep.20260219_214525/results.jsonl
  Running compressor 'sperr' on branch 'AnalysisJetsAuxDyn.eta' (bpp=30)...
  Appended results to /eagle/UIC-HPC/amy/sperr-sweep.20260219_214525/results.jsonl
  Running compressor 'sperr' on branch 'AnalysisJetsAuxDyn.eta' (bpp=30)...
  Appended results to /eagle/UIC-HPC/amy/sperr-sweep.20260219_214525/results.jsonl
  Running compressor 'sperr' on branch 'AnalysisJetsAuxDyn.eta' (bpp=30)...
  Appended results to /eagle/UIC-HPC/amy/sperr-sweep.20260219_214525/results.jsonl
  Running compressor 'sperr' on branch 'AnalysisJetsAuxDyn.eta' (bpp=30)...
  Appended results to /eagle/UIC-HPC/amy/sperr-sweep.20260219_214525/results.jsonl
  Running compressor 'sperr' on branch 'AnalysisJetsAuxDyn.eta' (bpp=30)...
  Appended results to /eagle/UIC-HPC/amy/sperr-sweep.20260219_214525/results.jsonl
  Running compressor 'sperr' on branch 'AnalysisJetsAuxDyn.eta' (bpp=30)...
  Appended results to /eagle/UIC-HPC/amy/sperr-sweep.20260219_214525/results.jsonl
  Running compressor 'sperr' on branch 'AnalysisJetsAuxDyn.eta' (bpp=30)...
  Appended results to /eagle/UIC-HPC/amy/sperr-sweep.20260219_214525/results.jsonl
  Running compressor 'sperr' on branch 'AnalysisJetsAuxDyn.eta' (bpp=32)...
  Appended results to /eagle/UIC-HPC/amy/sperr-sweep.20260219_214525/results.jsonl
  Running compressor 'sperr' on branch 'AnalysisJetsAuxDyn.eta' (bpp=32)...
  Appended results to /eagle/UIC-HPC/amy/sperr-sweep.20260219_214525/results.jsonl
  Running compressor 'sperr' on branch 'AnalysisJetsAuxDyn.eta' (bpp=32)...
  Appended results to /eagle/UIC-HPC/amy/sperr-sweep.20260219_214525/results.jsonl
  Running compressor 'sperr' on branch 'AnalysisJetsAuxDyn.eta' (bpp=32)...
  Appended results to /eagle/UIC-HPC/amy/sperr-sweep.20260219_214525/results.jsonl
  Running compressor 'sperr' on branch 'AnalysisJetsAuxDyn.eta' (bpp=32)...
  Appended results to /eagle/UIC-HPC/amy/sperr-sweep.20260219_214525/results.jsonl
  Running compressor 'sperr' on branch 'AnalysisJetsAuxDyn.eta' (bpp=32)...
  Appended results to /eagle/UIC-HPC/amy/sperr-sweep.20260219_214525/results.jsonl
  Running compressor 'sperr' on branch 'AnalysisJetsAuxDyn.eta' (bpp=32)...
  Appended results to /eagle/UIC-HPC/amy/sperr-sweep.20260219_214525/results.jsonl
  Running compressor 'sperr' on branch 'AnalysisJetsAuxDyn.eta' (bpp=32)...
  Appended results to /eagle/UIC-HPC/amy/sperr-sweep.20260219_214525/results.jsonl
  Running compressor 'sperr' on branch 'AnalysisJetsAuxDyn.eta' (bpp=32)...
  Appended results to /eagle/UIC-HPC/amy/sperr-sweep.20260219_214525/results.jsonl
  Running compressor 'sperr' on branch 'AnalysisJetsAuxDyn.eta' (bpp=32)...
  Appended results to /eagle/UIC-HPC/amy/sperr-sweep.20260219_214525/results.jsonl
  Running compressor 'sperr' on branch 'AnalysisJetsAuxDyn.eta' (bpp=32)...
  Appended results to /eagle/UIC-HPC/amy/sperr-sweep.20260219_214525/results.jsonl
Reading data for branch 'AnalysisJetsAuxDyn.phi'...
  Running compressor 'sperr' on branch 'AnalysisJetsAuxDyn.phi' (bpp=2)...
  Appended results to /eagle/UIC-HPC/amy/sperr-sweep.20260219_214525/results.jsonl
  Running compressor 'sperr' on branch 'AnalysisJetsAuxDyn.phi' (bpp=2)...
  Appended results to /eagle/UIC-HPC/amy/sperr-sweep.20260219_214525/results.jsonl
  Running compressor 'sperr' on branch 'AnalysisJetsAuxDyn.phi' (bpp=2)...
  Appended results to /eagle/UIC-HPC/amy/sperr-sweep.20260219_214525/results.jsonl
  Running compressor 'sperr' on branch 'AnalysisJetsAuxDyn.phi' (bpp=2)...
  Appended results to /eagle/UIC-HPC/amy/sperr-sweep.20260219_214525/results.jsonl
  Running compressor 'sperr' on branch 'AnalysisJetsAuxDyn.phi' (bpp=2)...
  Appended results to /eagle/UIC-HPC/amy/sperr-sweep.20260219_214525/results.jsonl
  Running compressor 'sperr' on branch 'AnalysisJetsAuxDyn.phi' (bpp=2)...
  Appended results to /eagle/UIC-HPC/amy/sperr-sweep.20260219_214525/results.jsonl
  Running compressor 'sperr' on branch 'AnalysisJetsAuxDyn.phi' (bpp=2)...
  Appended results to /eagle/UIC-HPC/amy/sperr-sweep.20260219_214525/results.jsonl
  Running compressor 'sperr' on branch 'AnalysisJetsAuxDyn.phi' (bpp=2)...
  Appended results to /eagle/UIC-HPC/amy/sperr-sweep.20260219_214525/results.jsonl
  Running compressor 'sperr' on branch 'AnalysisJetsAuxDyn.phi' (bpp=2)...
  Appended results to /eagle/UIC-HPC/amy/sperr-sweep.20260219_214525/results.jsonl
  Running compressor 'sperr' on branch 'AnalysisJetsAuxDyn.phi' (bpp=2)...
  Appended results to /eagle/UIC-HPC/amy/sperr-sweep.20260219_214525/results.jsonl
  Running compressor 'sperr' on branch 'AnalysisJetsAuxDyn.phi' (bpp=2)...
  Appended results to /eagle/UIC-HPC/amy/sperr-sweep.20260219_214525/results.jsonl
  Running compressor 'sperr' on branch 'AnalysisJetsAuxDyn.phi' (bpp=4)...
  Appended results to /eagle/UIC-HPC/amy/sperr-sweep.20260219_214525/results.jsonl
  Running compressor 'sperr' on branch 'AnalysisJetsAuxDyn.phi' (bpp=4)...
  Appended results to /eagle/UIC-HPC/amy/sperr-sweep.20260219_214525/results.jsonl
  Running compressor 'sperr' on branch 'AnalysisJetsAuxDyn.phi' (bpp=4)...
  Appended results to /eagle/UIC-HPC/amy/sperr-sweep.20260219_214525/results.jsonl
  Running compressor 'sperr' on branch 'AnalysisJetsAuxDyn.phi' (bpp=4)...
  Appended results to /eagle/UIC-HPC/amy/sperr-sweep.20260219_214525/results.jsonl
  Running compressor 'sperr' on branch 'AnalysisJetsAuxDyn.phi' (bpp=4)...
  Appended results to /eagle/UIC-HPC/amy/sperr-sweep.20260219_214525/results.jsonl
  Running compressor 'sperr' on branch 'AnalysisJetsAuxDyn.phi' (bpp=4)...
  Appended results to /eagle/UIC-HPC/amy/sperr-sweep.20260219_214525/results.jsonl
  Running compressor 'sperr' on branch 'AnalysisJetsAuxDyn.phi' (bpp=4)...
  Appended results to /eagle/UIC-HPC/amy/sperr-sweep.20260219_214525/results.jsonl
  Running compressor 'sperr' on branch 'AnalysisJetsAuxDyn.phi' (bpp=4)...
  Appended results to /eagle/UIC-HPC/amy/sperr-sweep.20260219_214525/results.jsonl
  Running compressor 'sperr' on branch 'AnalysisJetsAuxDyn.phi' (bpp=4)...
  Appended results to /eagle/UIC-HPC/amy/sperr-sweep.20260219_214525/results.jsonl
  Running compressor 'sperr' on branch 'AnalysisJetsAuxDyn.phi' (bpp=4)...
  Appended results to /eagle/UIC-HPC/amy/sperr-sweep.20260219_214525/results.jsonl
  Running compressor 'sperr' on branch 'AnalysisJetsAuxDyn.phi' (bpp=4)...
  Appended results to /eagle/UIC-HPC/amy/sperr-sweep.20260219_214525/results.jsonl
  Running compressor 'sperr' on branch 'AnalysisJetsAuxDyn.phi' (bpp=8)...
  Appended results to /eagle/UIC-HPC/amy/sperr-sweep.20260219_214525/results.jsonl
  Running compressor 'sperr' on branch 'AnalysisJetsAuxDyn.phi' (bpp=8)...
  Appended results to /eagle/UIC-HPC/amy/sperr-sweep.20260219_214525/results.jsonl
  Running compressor 'sperr' on branch 'AnalysisJetsAuxDyn.phi' (bpp=8)...
  Appended results to /eagle/UIC-HPC/amy/sperr-sweep.20260219_214525/results.jsonl
  Running compressor 'sperr' on branch 'AnalysisJetsAuxDyn.phi' (bpp=8)...
  Appended results to /eagle/UIC-HPC/amy/sperr-sweep.20260219_214525/results.jsonl
  Running compressor 'sperr' on branch 'AnalysisJetsAuxDyn.phi' (bpp=8)...
  Appended results to /eagle/UIC-HPC/amy/sperr-sweep.20260219_214525/results.jsonl
  Running compressor 'sperr' on branch 'AnalysisJetsAuxDyn.phi' (bpp=8)...
  Appended results to /eagle/UIC-HPC/amy/sperr-sweep.20260219_214525/results.jsonl
  Running compressor 'sperr' on branch 'AnalysisJetsAuxDyn.phi' (bpp=8)...
  Appended results to /eagle/UIC-HPC/amy/sperr-sweep.20260219_214525/results.jsonl
  Running compressor 'sperr' on branch 'AnalysisJetsAuxDyn.phi' (bpp=8)...
  Appended results to /eagle/UIC-HPC/amy/sperr-sweep.20260219_214525/results.jsonl
  Running compressor 'sperr' on branch 'AnalysisJetsAuxDyn.phi' (bpp=8)...
  Appended results to /eagle/UIC-HPC/amy/sperr-sweep.20260219_214525/results.jsonl
  Running compressor 'sperr' on branch 'AnalysisJetsAuxDyn.phi' (bpp=8)...
  Appended results to /eagle/UIC-HPC/amy/sperr-sweep.20260219_214525/results.jsonl
  Running compressor 'sperr' on branch 'AnalysisJetsAuxDyn.phi' (bpp=8)...
  Appended results to /eagle/UIC-HPC/amy/sperr-sweep.20260219_214525/results.jsonl
  Running compressor 'sperr' on branch 'AnalysisJetsAuxDyn.phi' (bpp=10)...
  Appended results to /eagle/UIC-HPC/amy/sperr-sweep.20260219_214525/results.jsonl
  Running compressor 'sperr' on branch 'AnalysisJetsAuxDyn.phi' (bpp=10)...
  Appended results to /eagle/UIC-HPC/amy/sperr-sweep.20260219_214525/results.jsonl
  Running compressor 'sperr' on branch 'AnalysisJetsAuxDyn.phi' (bpp=10)...
  Appended results to /eagle/UIC-HPC/amy/sperr-sweep.20260219_214525/results.jsonl
  Running compressor 'sperr' on branch 'AnalysisJetsAuxDyn.phi' (bpp=10)...
  Appended results to /eagle/UIC-HPC/amy/sperr-sweep.20260219_214525/results.jsonl
  Running compressor 'sperr' on branch 'AnalysisJetsAuxDyn.phi' (bpp=10)...
  Appended results to /eagle/UIC-HPC/amy/sperr-sweep.20260219_214525/results.jsonl
  Running compressor 'sperr' on branch 'AnalysisJetsAuxDyn.phi' (bpp=10)...
  Appended results to /eagle/UIC-HPC/amy/sperr-sweep.20260219_214525/results.jsonl
  Running compressor 'sperr' on branch 'AnalysisJetsAuxDyn.phi' (bpp=10)...
  Appended results to /eagle/UIC-HPC/amy/sperr-sweep.20260219_214525/results.jsonl
  Running compressor 'sperr' on branch 'AnalysisJetsAuxDyn.phi' (bpp=10)...
  Appended results to /eagle/UIC-HPC/amy/sperr-sweep.20260219_214525/results.jsonl
  Running compressor 'sperr' on branch 'AnalysisJetsAuxDyn.phi' (bpp=10)...
  Appended results to /eagle/UIC-HPC/amy/sperr-sweep.20260219_214525/results.jsonl
  Running compressor 'sperr' on branch 'AnalysisJetsAuxDyn.phi' (bpp=10)...
  Appended results to /eagle/UIC-HPC/amy/sperr-sweep.20260219_214525/results.jsonl
  Running compressor 'sperr' on branch 'AnalysisJetsAuxDyn.phi' (bpp=10)...
  Appended results to /eagle/UIC-HPC/amy/sperr-sweep.20260219_214525/results.jsonl
  Running compressor 'sperr' on branch 'AnalysisJetsAuxDyn.phi' (bpp=12)...
  Appended results to /eagle/UIC-HPC/amy/sperr-sweep.20260219_214525/results.jsonl
  Running compressor 'sperr' on branch 'AnalysisJetsAuxDyn.phi' (bpp=12)...
  Appended results to /eagle/UIC-HPC/amy/sperr-sweep.20260219_214525/results.jsonl
  Running compressor 'sperr' on branch 'AnalysisJetsAuxDyn.phi' (bpp=12)...
  Appended results to /eagle/UIC-HPC/amy/sperr-sweep.20260219_214525/results.jsonl
  Running compressor 'sperr' on branch 'AnalysisJetsAuxDyn.phi' (bpp=12)...
  Appended results to /eagle/UIC-HPC/amy/sperr-sweep.20260219_214525/results.jsonl
  Running compressor 'sperr' on branch 'AnalysisJetsAuxDyn.phi' (bpp=12)...
  Appended results to /eagle/UIC-HPC/amy/sperr-sweep.20260219_214525/results.jsonl
  Running compressor 'sperr' on branch 'AnalysisJetsAuxDyn.phi' (bpp=12)...
  Appended results to /eagle/UIC-HPC/amy/sperr-sweep.20260219_214525/results.jsonl
  Running compressor 'sperr' on branch 'AnalysisJetsAuxDyn.phi' (bpp=12)...
  Appended results to /eagle/UIC-HPC/amy/sperr-sweep.20260219_214525/results.jsonl
  Running compressor 'sperr' on branch 'AnalysisJetsAuxDyn.phi' (bpp=12)...
  Appended results to /eagle/UIC-HPC/amy/sperr-sweep.20260219_214525/results.jsonl
  Running compressor 'sperr' on branch 'AnalysisJetsAuxDyn.phi' (bpp=12)...
  Appended results to /eagle/UIC-HPC/amy/sperr-sweep.20260219_214525/results.jsonl
  Running compressor 'sperr' on branch 'AnalysisJetsAuxDyn.phi' (bpp=12)...
  Appended results to /eagle/UIC-HPC/amy/sperr-sweep.20260219_214525/results.jsonl
  Running compressor 'sperr' on branch 'AnalysisJetsAuxDyn.phi' (bpp=12)...
  Appended results to /eagle/UIC-HPC/amy/sperr-sweep.20260219_214525/results.jsonl
  Running compressor 'sperr' on branch 'AnalysisJetsAuxDyn.phi' (bpp=16)...
  Appended results to /eagle/UIC-HPC/amy/sperr-sweep.20260219_214525/results.jsonl
  Running compressor 'sperr' on branch 'AnalysisJetsAuxDyn.phi' (bpp=16)...
  Appended results to /eagle/UIC-HPC/amy/sperr-sweep.20260219_214525/results.jsonl
  Running compressor 'sperr' on branch 'AnalysisJetsAuxDyn.phi' (bpp=16)...
  Appended results to /eagle/UIC-HPC/amy/sperr-sweep.20260219_214525/results.jsonl
  Running compressor 'sperr' on branch 'AnalysisJetsAuxDyn.phi' (bpp=16)...
  Appended results to /eagle/UIC-HPC/amy/sperr-sweep.20260219_214525/results.jsonl
  Running compressor 'sperr' on branch 'AnalysisJetsAuxDyn.phi' (bpp=16)...
  Appended results to /eagle/UIC-HPC/amy/sperr-sweep.20260219_214525/results.jsonl
  Running compressor 'sperr' on branch 'AnalysisJetsAuxDyn.phi' (bpp=16)...
  Appended results to /eagle/UIC-HPC/amy/sperr-sweep.20260219_214525/results.jsonl
  Running compressor 'sperr' on branch 'AnalysisJetsAuxDyn.phi' (bpp=16)...
  Appended results to /eagle/UIC-HPC/amy/sperr-sweep.20260219_214525/results.jsonl
  Running compressor 'sperr' on branch 'AnalysisJetsAuxDyn.phi' (bpp=16)...
  Appended results to /eagle/UIC-HPC/amy/sperr-sweep.20260219_214525/results.jsonl
  Running compressor 'sperr' on branch 'AnalysisJetsAuxDyn.phi' (bpp=16)...
  Appended results to /eagle/UIC-HPC/amy/sperr-sweep.20260219_214525/results.jsonl
  Running compressor 'sperr' on branch 'AnalysisJetsAuxDyn.phi' (bpp=16)...
  Appended results to /eagle/UIC-HPC/amy/sperr-sweep.20260219_214525/results.jsonl
  Running compressor 'sperr' on branch 'AnalysisJetsAuxDyn.phi' (bpp=16)...
  Appended results to /eagle/UIC-HPC/amy/sperr-sweep.20260219_214525/results.jsonl
  Running compressor 'sperr' on branch 'AnalysisJetsAuxDyn.phi' (bpp=20)...
  Appended results to /eagle/UIC-HPC/amy/sperr-sweep.20260219_214525/results.jsonl
  Running compressor 'sperr' on branch 'AnalysisJetsAuxDyn.phi' (bpp=20)...
  Appended results to /eagle/UIC-HPC/amy/sperr-sweep.20260219_214525/results.jsonl
  Running compressor 'sperr' on branch 'AnalysisJetsAuxDyn.phi' (bpp=20)...
  Appended results to /eagle/UIC-HPC/amy/sperr-sweep.20260219_214525/results.jsonl
  Running compressor 'sperr' on branch 'AnalysisJetsAuxDyn.phi' (bpp=20)...
  Appended results to /eagle/UIC-HPC/amy/sperr-sweep.20260219_214525/results.jsonl
  Running compressor 'sperr' on branch 'AnalysisJetsAuxDyn.phi' (bpp=20)...
  Appended results to /eagle/UIC-HPC/amy/sperr-sweep.20260219_214525/results.jsonl
  Running compressor 'sperr' on branch 'AnalysisJetsAuxDyn.phi' (bpp=20)...
  Appended results to /eagle/UIC-HPC/amy/sperr-sweep.20260219_214525/results.jsonl
  Running compressor 'sperr' on branch 'AnalysisJetsAuxDyn.phi' (bpp=20)...
  Appended results to /eagle/UIC-HPC/amy/sperr-sweep.20260219_214525/results.jsonl
  Running compressor 'sperr' on branch 'AnalysisJetsAuxDyn.phi' (bpp=20)...
  Appended results to /eagle/UIC-HPC/amy/sperr-sweep.20260219_214525/results.jsonl
  Running compressor 'sperr' on branch 'AnalysisJetsAuxDyn.phi' (bpp=20)...
  Appended results to /eagle/UIC-HPC/amy/sperr-sweep.20260219_214525/results.jsonl
  Running compressor 'sperr' on branch 'AnalysisJetsAuxDyn.phi' (bpp=20)...
  Appended results to /eagle/UIC-HPC/amy/sperr-sweep.20260219_214525/results.jsonl
  Running compressor 'sperr' on branch 'AnalysisJetsAuxDyn.phi' (bpp=20)...
  Appended results to /eagle/UIC-HPC/amy/sperr-sweep.20260219_214525/results.jsonl
  Running compressor 'sperr' on branch 'AnalysisJetsAuxDyn.phi' (bpp=24)...
  Appended results to /eagle/UIC-HPC/amy/sperr-sweep.20260219_214525/results.jsonl
  Running compressor 'sperr' on branch 'AnalysisJetsAuxDyn.phi' (bpp=24)...
  Appended results to /eagle/UIC-HPC/amy/sperr-sweep.20260219_214525/results.jsonl
  Running compressor 'sperr' on branch 'AnalysisJetsAuxDyn.phi' (bpp=24)...
  Appended results to /eagle/UIC-HPC/amy/sperr-sweep.20260219_214525/results.jsonl
  Running compressor 'sperr' on branch 'AnalysisJetsAuxDyn.phi' (bpp=24)...
  Appended results to /eagle/UIC-HPC/amy/sperr-sweep.20260219_214525/results.jsonl
  Running compressor 'sperr' on branch 'AnalysisJetsAuxDyn.phi' (bpp=24)...
  Appended results to /eagle/UIC-HPC/amy/sperr-sweep.20260219_214525/results.jsonl
  Running compressor 'sperr' on branch 'AnalysisJetsAuxDyn.phi' (bpp=24)...
  Appended results to /eagle/UIC-HPC/amy/sperr-sweep.20260219_214525/results.jsonl
  Running compressor 'sperr' on branch 'AnalysisJetsAuxDyn.phi' (bpp=24)...
  Appended results to /eagle/UIC-HPC/amy/sperr-sweep.20260219_214525/results.jsonl
  Running compressor 'sperr' on branch 'AnalysisJetsAuxDyn.phi' (bpp=24)...
  Appended results to /eagle/UIC-HPC/amy/sperr-sweep.20260219_214525/results.jsonl
  Running compressor 'sperr' on branch 'AnalysisJetsAuxDyn.phi' (bpp=24)...
  Appended results to /eagle/UIC-HPC/amy/sperr-sweep.20260219_214525/results.jsonl
  Running compressor 'sperr' on branch 'AnalysisJetsAuxDyn.phi' (bpp=24)...
  Appended results to /eagle/UIC-HPC/amy/sperr-sweep.20260219_214525/results.jsonl
  Running compressor 'sperr' on branch 'AnalysisJetsAuxDyn.phi' (bpp=24)...
  Appended results to /eagle/UIC-HPC/amy/sperr-sweep.20260219_214525/results.jsonl
  Running compressor 'sperr' on branch 'AnalysisJetsAuxDyn.phi' (bpp=26)...
  Appended results to /eagle/UIC-HPC/amy/sperr-sweep.20260219_214525/results.jsonl
  Running compressor 'sperr' on branch 'AnalysisJetsAuxDyn.phi' (bpp=26)...
  Appended results to /eagle/UIC-HPC/amy/sperr-sweep.20260219_214525/results.jsonl
  Running compressor 'sperr' on branch 'AnalysisJetsAuxDyn.phi' (bpp=26)...
  Appended results to /eagle/UIC-HPC/amy/sperr-sweep.20260219_214525/results.jsonl
  Running compressor 'sperr' on branch 'AnalysisJetsAuxDyn.phi' (bpp=26)...
  Appended results to /eagle/UIC-HPC/amy/sperr-sweep.20260219_214525/results.jsonl
  Running compressor 'sperr' on branch 'AnalysisJetsAuxDyn.phi' (bpp=26)...
  Appended results to /eagle/UIC-HPC/amy/sperr-sweep.20260219_214525/results.jsonl
  Running compressor 'sperr' on branch 'AnalysisJetsAuxDyn.phi' (bpp=26)...
  Appended results to /eagle/UIC-HPC/amy/sperr-sweep.20260219_214525/results.jsonl
  Running compressor 'sperr' on branch 'AnalysisJetsAuxDyn.phi' (bpp=26)...
  Appended results to /eagle/UIC-HPC/amy/sperr-sweep.20260219_214525/results.jsonl
  Running compressor 'sperr' on branch 'AnalysisJetsAuxDyn.phi' (bpp=26)...
  Appended results to /eagle/UIC-HPC/amy/sperr-sweep.20260219_214525/results.jsonl
  Running compressor 'sperr' on branch 'AnalysisJetsAuxDyn.phi' (bpp=26)...
  Appended results to /eagle/UIC-HPC/amy/sperr-sweep.20260219_214525/results.jsonl
  Running compressor 'sperr' on branch 'AnalysisJetsAuxDyn.phi' (bpp=26)...
  Appended results to /eagle/UIC-HPC/amy/sperr-sweep.20260219_214525/results.jsonl
  Running compressor 'sperr' on branch 'AnalysisJetsAuxDyn.phi' (bpp=26)...
  Appended results to /eagle/UIC-HPC/amy/sperr-sweep.20260219_214525/results.jsonl
  Running compressor 'sperr' on branch 'AnalysisJetsAuxDyn.phi' (bpp=28)...
  Appended results to /eagle/UIC-HPC/amy/sperr-sweep.20260219_214525/results.jsonl
  Running compressor 'sperr' on branch 'AnalysisJetsAuxDyn.phi' (bpp=28)...
  Appended results to /eagle/UIC-HPC/amy/sperr-sweep.20260219_214525/results.jsonl
  Running compressor 'sperr' on branch 'AnalysisJetsAuxDyn.phi' (bpp=28)...
  Appended results to /eagle/UIC-HPC/amy/sperr-sweep.20260219_214525/results.jsonl
  Running compressor 'sperr' on branch 'AnalysisJetsAuxDyn.phi' (bpp=28)...
  Appended results to /eagle/UIC-HPC/amy/sperr-sweep.20260219_214525/results.jsonl
  Running compressor 'sperr' on branch 'AnalysisJetsAuxDyn.phi' (bpp=28)...
  Appended results to /eagle/UIC-HPC/amy/sperr-sweep.20260219_214525/results.jsonl
  Running compressor 'sperr' on branch 'AnalysisJetsAuxDyn.phi' (bpp=28)...
  Appended results to /eagle/UIC-HPC/amy/sperr-sweep.20260219_214525/results.jsonl
  Running compressor 'sperr' on branch 'AnalysisJetsAuxDyn.phi' (bpp=28)...
  Appended results to /eagle/UIC-HPC/amy/sperr-sweep.20260219_214525/results.jsonl
  Running compressor 'sperr' on branch 'AnalysisJetsAuxDyn.phi' (bpp=28)...
  Appended results to /eagle/UIC-HPC/amy/sperr-sweep.20260219_214525/results.jsonl
  Running compressor 'sperr' on branch 'AnalysisJetsAuxDyn.phi' (bpp=28)...
  Appended results to /eagle/UIC-HPC/amy/sperr-sweep.20260219_214525/results.jsonl
  Running compressor 'sperr' on branch 'AnalysisJetsAuxDyn.phi' (bpp=28)...
  Appended results to /eagle/UIC-HPC/amy/sperr-sweep.20260219_214525/results.jsonl
  Running compressor 'sperr' on branch 'AnalysisJetsAuxDyn.phi' (bpp=28)...
  Appended results to /eagle/UIC-HPC/amy/sperr-sweep.20260219_214525/results.jsonl
  Running compressor 'sperr' on branch 'AnalysisJetsAuxDyn.phi' (bpp=30)...
  Appended results to /eagle/UIC-HPC/amy/sperr-sweep.20260219_214525/results.jsonl
  Running compressor 'sperr' on branch 'AnalysisJetsAuxDyn.phi' (bpp=30)...
  Appended results to /eagle/UIC-HPC/amy/sperr-sweep.20260219_214525/results.jsonl
  Running compressor 'sperr' on branch 'AnalysisJetsAuxDyn.phi' (bpp=30)...
  Appended results to /eagle/UIC-HPC/amy/sperr-sweep.20260219_214525/results.jsonl
  Running compressor 'sperr' on branch 'AnalysisJetsAuxDyn.phi' (bpp=30)...
  Appended results to /eagle/UIC-HPC/amy/sperr-sweep.20260219_214525/results.jsonl
  Running compressor 'sperr' on branch 'AnalysisJetsAuxDyn.phi' (bpp=30)...
  Appended results to /eagle/UIC-HPC/amy/sperr-sweep.20260219_214525/results.jsonl
  Running compressor 'sperr' on branch 'AnalysisJetsAuxDyn.phi' (bpp=30)...
  Appended results to /eagle/UIC-HPC/amy/sperr-sweep.20260219_214525/results.jsonl
  Running compressor 'sperr' on branch 'AnalysisJetsAuxDyn.phi' (bpp=30)...
  Appended results to /eagle/UIC-HPC/amy/sperr-sweep.20260219_214525/results.jsonl
  Running compressor 'sperr' on branch 'AnalysisJetsAuxDyn.phi' (bpp=30)...
  Appended results to /eagle/UIC-HPC/amy/sperr-sweep.20260219_214525/results.jsonl
  Running compressor 'sperr' on branch 'AnalysisJetsAuxDyn.phi' (bpp=30)...
  Appended results to /eagle/UIC-HPC/amy/sperr-sweep.20260219_214525/results.jsonl
  Running compressor 'sperr' on branch 'AnalysisJetsAuxDyn.phi' (bpp=30)...
  Appended results to /eagle/UIC-HPC/amy/sperr-sweep.20260219_214525/results.jsonl
  Running compressor 'sperr' on branch 'AnalysisJetsAuxDyn.phi' (bpp=30)...
  Appended results to /eagle/UIC-HPC/amy/sperr-sweep.20260219_214525/results.jsonl
  Running compressor 'sperr' on branch 'AnalysisJetsAuxDyn.phi' (bpp=32)...
  Appended results to /eagle/UIC-HPC/amy/sperr-sweep.20260219_214525/results.jsonl
  Running compressor 'sperr' on branch 'AnalysisJetsAuxDyn.phi' (bpp=32)...
  Appended results to /eagle/UIC-HPC/amy/sperr-sweep.20260219_214525/results.jsonl
  Running compressor 'sperr' on branch 'AnalysisJetsAuxDyn.phi' (bpp=32)...
  Appended results to /eagle/UIC-HPC/amy/sperr-sweep.20260219_214525/results.jsonl
  Running compressor 'sperr' on branch 'AnalysisJetsAuxDyn.phi' (bpp=32)...
  Appended results to /eagle/UIC-HPC/amy/sperr-sweep.20260219_214525/results.jsonl
  Running compressor 'sperr' on branch 'AnalysisJetsAuxDyn.phi' (bpp=32)...
  Appended results to /eagle/UIC-HPC/amy/sperr-sweep.20260219_214525/results.jsonl
  Running compressor 'sperr' on branch 'AnalysisJetsAuxDyn.phi' (bpp=32)...
  Appended results to /eagle/UIC-HPC/amy/sperr-sweep.20260219_214525/results.jsonl
  Running compressor 'sperr' on branch 'AnalysisJetsAuxDyn.phi' (bpp=32)...
  Appended results to /eagle/UIC-HPC/amy/sperr-sweep.20260219_214525/results.jsonl
  Running compressor 'sperr' on branch 'AnalysisJetsAuxDyn.phi' (bpp=32)...
  Appended results to /eagle/UIC-HPC/amy/sperr-sweep.20260219_214525/results.jsonl
  Running compressor 'sperr' on branch 'AnalysisJetsAuxDyn.phi' (bpp=32)...
  Appended results to /eagle/UIC-HPC/amy/sperr-sweep.20260219_214525/results.jsonl
  Running compressor 'sperr' on branch 'AnalysisJetsAuxDyn.phi' (bpp=32)...
  Appended results to /eagle/UIC-HPC/amy/sperr-sweep.20260219_214525/results.jsonl
  Running compressor 'sperr' on branch 'AnalysisJetsAuxDyn.phi' (bpp=32)...
  Appended results to /eagle/UIC-HPC/amy/sperr-sweep.20260219_214525/results.jsonl
---------- Configuration ----------
Input file:   DAOD_PHYSLITE.37019878._000009.pool.root.1
Tree name:    CollectionTree
Results file: /eagle/UIC-HPC/amy/sperr-sweep.20260219_214525/results.jsonl
Branches:
  AnalysisJetsAuxDyn.pt
Tests (66):
  [0] compressor=sperr options={pwe=0.1} chunkSize=1024 iterations=10
  [1] compressor=sperr options={pwe=0.1} chunkSize=2048 iterations=10
  [2] compressor=sperr options={pwe=0.1} chunkSize=4096 iterations=10
  [3] compressor=sperr options={pwe=0.1} chunkSize=8192 iterations=10
  [4] compressor=sperr options={pwe=0.1} chunkSize=16384 iterations=10
  [5] compressor=sperr options={pwe=0.1} chunkSize=32768 iterations=10
  [6] compressor=sperr options={pwe=0.1} chunkSize=65536 iterations=10
  [7] compressor=sperr options={pwe=0.1} chunkSize=131072 iterations=10
  [8] compressor=sperr options={pwe=0.1} chunkSize=262144 iterations=10
  [9] compressor=sperr options={pwe=0.1} chunkSize=524288 iterations=10
  [10] compressor=sperr options={pwe=0.1} chunkSize=1048576 iterations=10
  [11] compressor=sperr options={pwe=0.5} chunkSize=1024 iterations=10
  [12] compressor=sperr options={pwe=0.5} chunkSize=2048 iterations=10
  [13] compressor=sperr options={pwe=0.5} chunkSize=4096 iterations=10
  [14] compressor=sperr options={pwe=0.5} chunkSize=8192 iterations=10
  [15] compressor=sperr options={pwe=0.5} chunkSize=16384 iterations=10
  [16] compressor=sperr options={pwe=0.5} chunkSize=32768 iterations=10
  [17] compressor=sperr options={pwe=0.5} chunkSize=65536 iterations=10
  [18] compressor=sperr options={pwe=0.5} chunkSize=131072 iterations=10
  [19] compressor=sperr options={pwe=0.5} chunkSize=262144 iterations=10
  [20] compressor=sperr options={pwe=0.5} chunkSize=524288 iterations=10
  [21] compressor=sperr options={pwe=0.5} chunkSize=1048576 iterations=10
  [22] compressor=sperr options={pwe=1} chunkSize=1024 iterations=10
  [23] compressor=sperr options={pwe=1} chunkSize=2048 iterations=10
  [24] compressor=sperr options={pwe=1} chunkSize=4096 iterations=10
  [25] compressor=sperr options={pwe=1} chunkSize=8192 iterations=10
  [26] compressor=sperr options={pwe=1} chunkSize=16384 iterations=10
  [27] compressor=sperr options={pwe=1} chunkSize=32768 iterations=10
  [28] compressor=sperr options={pwe=1} chunkSize=65536 iterations=10
  [29] compressor=sperr options={pwe=1} chunkSize=131072 iterations=10
  [30] compressor=sperr options={pwe=1} chunkSize=262144 iterations=10
  [31] compressor=sperr options={pwe=1} chunkSize=524288 iterations=10
  [32] compressor=sperr options={pwe=1} chunkSize=1048576 iterations=10
  [33] compressor=sperr options={pwe=5} chunkSize=1024 iterations=10
  [34] compressor=sperr options={pwe=5} chunkSize=2048 iterations=10
  [35] compressor=sperr options={pwe=5} chunkSize=4096 iterations=10
  [36] compressor=sperr options={pwe=5} chunkSize=8192 iterations=10
  [37] compressor=sperr options={pwe=5} chunkSize=16384 iterations=10
  [38] compressor=sperr options={pwe=5} chunkSize=32768 iterations=10
  [39] compressor=sperr options={pwe=5} chunkSize=65536 iterations=10
  [40] compressor=sperr options={pwe=5} chunkSize=131072 iterations=10
  [41] compressor=sperr options={pwe=5} chunkSize=262144 iterations=10
  [42] compressor=sperr options={pwe=5} chunkSize=524288 iterations=10
  [43] compressor=sperr options={pwe=5} chunkSize=1048576 iterations=10
  [44] compressor=sperr options={pwe=10} chunkSize=1024 iterations=10
  [45] compressor=sperr options={pwe=10} chunkSize=2048 iterations=10
  [46] compressor=sperr options={pwe=10} chunkSize=4096 iterations=10
  [47] compressor=sperr options={pwe=10} chunkSize=8192 iterations=10
  [48] compressor=sperr options={pwe=10} chunkSize=16384 iterations=10
  [49] compressor=sperr options={pwe=10} chunkSize=32768 iterations=10
  [50] compressor=sperr options={pwe=10} chunkSize=65536 iterations=10
  [51] compressor=sperr options={pwe=10} chunkSize=131072 iterations=10
  [52] compressor=sperr options={pwe=10} chunkSize=262144 iterations=10
  [53] compressor=sperr options={pwe=10} chunkSize=524288 iterations=10
  [54] compressor=sperr options={pwe=10} chunkSize=1048576 iterations=10
  [55] compressor=sperr options={pwe=50} chunkSize=1024 iterations=10
  [56] compressor=sperr options={pwe=50} chunkSize=2048 iterations=10
  [57] compressor=sperr options={pwe=50} chunkSize=4096 iterations=10
  [58] compressor=sperr options={pwe=50} chunkSize=8192 iterations=10
  [59] compressor=sperr options={pwe=50} chunkSize=16384 iterations=10
  [60] compressor=sperr options={pwe=50} chunkSize=32768 iterations=10
  [61] compressor=sperr options={pwe=50} chunkSize=65536 iterations=10
  [62] compressor=sperr options={pwe=50} chunkSize=131072 iterations=10
  [63] compressor=sperr options={pwe=50} chunkSize=262144 iterations=10
  [64] compressor=sperr options={pwe=50} chunkSize=524288 iterations=10
  [65] compressor=sperr options={pwe=50} chunkSize=1048576 iterations=10
-----------------------------------
Reading data for branch 'AnalysisJetsAuxDyn.pt'...
Warning in <TClass::Init>: no dictionary for class DataHeader_p6 is available
Warning in <TClass::Init>: no dictionary for class DataHeaderForm_p6 is available
Warning in <TClass::Init>: no dictionary for class xAOD::AuxContainerBase is available
Warning in <TClass::Init>: no dictionary for class ElementLinkBase is available
Warning in <TClass::Init>: no dictionary for class xAOD::AuxInfoBase is available
Warning in <TClass::Init>: no dictionary for class xAOD::EventInfo_v1 is available
Warning in <TClass::Init>: no dictionary for class xAOD::TrigConfKeys_v1 is available
Warning in <TClass::Init>: no dictionary for class xAOD::TrigDecisionAuxInfo_v1 is available
Warning in <TClass::Init>: no dictionary for class xAOD::TrigDecision_v1 is available
Warning in <TClass::Init>: no dictionary for class xAOD::EventShape_v1 is available
Warning in <TClass::Init>: no dictionary for class ElementLink<DataVector<xAOD::Vertex_v1> > is available
Warning in <TClass::Init>: no dictionary for class EventStreamInfo_p3 is available
Warning in <TClass::Init>: no dictionary for class IOVMetaDataContainer_p1 is available
Warning in <TClass::Init>: no dictionary for class xAOD::FileMetaDataAuxInfo_v1 is available
Warning in <TClass::Init>: no dictionary for class SG::IAuxStore is available
Warning in <TClass::Init>: no dictionary for class SG::IConstAuxStore is available
Warning in <TClass::Init>: no dictionary for class SG::IAuxStoreIO is available
Warning in <TClass::Init>: no dictionary for class SG::IAuxStoreHolder is available
Warning in <TClass::Init>: no dictionary for class ILockable is available
Warning in <TClass::Init>: no dictionary for class xAOD::TriggerMenuJsonAuxContainer_v1 is available
Warning in <TClass::Init>: no dictionary for class xAOD::CutBookkeeperAuxContainer_v1 is available
Warning in <TClass::Init>: no dictionary for class ElementLink<xAOD::CutBookkeeperContainer_v1> is available
Warning in <TClass::Init>: no dictionary for class xAOD::LumiBlockRangeAuxContainer_v1 is available
Warning in <TClass::Init>: no dictionary for class EventType_p3 is available
Warning in <TClass::Init>: no dictionary for class xAOD::FileMetaData_v1 is available
Warning in <TClass::Init>: no dictionary for class SG::AuxElement is available
Warning in <TClass::Init>: no dictionary for class SG::IAuxElement is available
Warning in <TClass::Init>: no dictionary for class xAOD::EventFormat_v1 is available
Warning in <TClass::Init>: no dictionary for class xAOD::LumiBlockRange_v1 is available
Warning in <TClass::Init>: no dictionary for class xAOD::TriggerMenuJson_v1 is available
Warning in <TClass::Init>: no dictionary for class xAOD::CutBookkeeper_v1 is available
Warning in <TClass::Init>: no dictionary for class IOVPayloadContainer_p1 is available
Warning in <TClass::Init>: no dictionary for class IOVPayloadContainer_p1::CondAttrListCollection_p1 is available
Warning in <TClass::Init>: no dictionary for class IOVPayloadContainer_p1::CondAttrListEntry_p1 is available
Warning in <TClass::Init>: no dictionary for class IOVPayloadContainer_p1::IOVRange_p1 is available
Warning in <TClass::Init>: no dictionary for class AttrListIndexes is available
Warning in <TClass::Init>: no dictionary for class DataHeaderForm_p6::DbRecord is available
Warning in <TClass::Init>: no dictionary for class Guid is available
Warning in <TClass::Init>: no dictionary for class DataHeaderForm_p6::ObjRecord is available
Warning in <TClass::Init>: no dictionary for class DataHeader_p6::FullElement is available
Warning in <TClass::Init>: no dictionary for class xAOD::MissingETAuxAssociationMap_v2 is available
Warning in <TClass::Init>: no dictionary for class xAOD::JetAuxContainer_v1 is available
Warning in <TClass::Init>: no dictionary for class xAOD::TauJet_v3 is available
Warning in <TClass::Init>: no dictionary for class xAOD::IParticle is available
Warning in <TClass::Init>: no dictionary for class xAOD::Vertex_v1 is available
Warning in <TClass::Init>: no dictionary for class xAOD::Jet_v1 is available
Warning in <TClass::Init>: no dictionary for class xAOD::BTagging_v1 is available
Warning in <TClass::Init>: no dictionary for class xAOD::Electron_v1 is available
Warning in <TClass::Init>: no dictionary for class xAOD::Egamma_v1 is available
Warning in <TClass::Init>: no dictionary for class xAOD::TauTrack_v1 is available
Warning in <TClass::Init>: no dictionary for class xAOD::Muon_v1 is available
Warning in <TClass::Init>: no dictionary for class xAOD::CaloCluster_v1 is available
Warning in <TClass::Init>: no dictionary for class xAOD::Photon_v1 is available
Warning in <TClass::Init>: no dictionary for class xAOD::TrigComposite_v1 is available
Warning in <TClass::Init>: no dictionary for class xAOD::TrackParticle_v1 is available
Warning in <TClass::Init>: no dictionary for class ElementLink<DataVector<xAOD::TrackParticle_v1> > is available
Warning in <TClass::Init>: no dictionary for class ElementLink<DataVector<xAOD::CaloCluster_v1> > is available
Warning in <TClass::Init>: no dictionary for class ElementLink<DataVector<xAOD::MuonSegment_v1> > is available
Warning in <TClass::Init>: no dictionary for class ElementLink<DataVector<xAOD::IParticle> > is available
Warning in <TClass::Init>: no dictionary for class ElementLink<DataVector<xAOD::Jet_v1> > is available
Warning in <TClass::Init>: no dictionary for class ElementLink<DataVector<xAOD::Egamma_v1> > is available
Warning in <TClass::Init>: no dictionary for class xAOD::MissingETAssociation_v1 is available
Warning in <TClass::Init>: no dictionary for class xAOD::MissingET_v1 is available
Warning in <TClass::Init>: no dictionary for class ElementLink<DataVector<xAOD::BTagging_v1> > is available
Warning in <TClass::Init>: no dictionary for class ElementLink<DataVector<xAOD::NeutralParticle_v1> > is available
Warning in <TClass::Init>: no dictionary for class ElementLink<DataVector<xAOD::TauTrack_v1> > is available
Warning in <TClass::Init>: no dictionary for class DataVector<xAOD::LumiBlockRange_v1> is available
Warning in <TClass::Init>: no dictionary for class DataVector<xAOD::TriggerMenuJson_v1> is available
Warning in <TClass::Init>: no dictionary for class xAOD::CutBookkeeperContainer_v1 is available
  Running compressor 'sperr' on branch 'AnalysisJetsAuxDyn.pt' (pwe=0.1)...
  Appended results to /eagle/UIC-HPC/amy/sperr-sweep.20260219_214525/results.jsonl
  Running compressor 'sperr' on branch 'AnalysisJetsAuxDyn.pt' (pwe=0.1)...
  Appended results to /eagle/UIC-HPC/amy/sperr-sweep.20260219_214525/results.jsonl
  Running compressor 'sperr' on branch 'AnalysisJetsAuxDyn.pt' (pwe=0.1)...
  Appended results to /eagle/UIC-HPC/amy/sperr-sweep.20260219_214525/results.jsonl
  Running compressor 'sperr' on branch 'AnalysisJetsAuxDyn.pt' (pwe=0.1)...
  Appended results to /eagle/UIC-HPC/amy/sperr-sweep.20260219_214525/results.jsonl
  Running compressor 'sperr' on branch 'AnalysisJetsAuxDyn.pt' (pwe=0.1)...
  Appended results to /eagle/UIC-HPC/amy/sperr-sweep.20260219_214525/results.jsonl
  Running compressor 'sperr' on branch 'AnalysisJetsAuxDyn.pt' (pwe=0.1)...
  Appended results to /eagle/UIC-HPC/amy/sperr-sweep.20260219_214525/results.jsonl
  Running compressor 'sperr' on branch 'AnalysisJetsAuxDyn.pt' (pwe=0.1)...
  Appended results to /eagle/UIC-HPC/amy/sperr-sweep.20260219_214525/results.jsonl
  Running compressor 'sperr' on branch 'AnalysisJetsAuxDyn.pt' (pwe=0.1)...
  Appended results to /eagle/UIC-HPC/amy/sperr-sweep.20260219_214525/results.jsonl
  Running compressor 'sperr' on branch 'AnalysisJetsAuxDyn.pt' (pwe=0.1)...
  Appended results to /eagle/UIC-HPC/amy/sperr-sweep.20260219_214525/results.jsonl
  Running compressor 'sperr' on branch 'AnalysisJetsAuxDyn.pt' (pwe=0.1)...
  Appended results to /eagle/UIC-HPC/amy/sperr-sweep.20260219_214525/results.jsonl
  Running compressor 'sperr' on branch 'AnalysisJetsAuxDyn.pt' (pwe=0.1)...
  Appended results to /eagle/UIC-HPC/amy/sperr-sweep.20260219_214525/results.jsonl
  Running compressor 'sperr' on branch 'AnalysisJetsAuxDyn.pt' (pwe=0.5)...
  Appended results to /eagle/UIC-HPC/amy/sperr-sweep.20260219_214525/results.jsonl
  Running compressor 'sperr' on branch 'AnalysisJetsAuxDyn.pt' (pwe=0.5)...
  Appended results to /eagle/UIC-HPC/amy/sperr-sweep.20260219_214525/results.jsonl
  Running compressor 'sperr' on branch 'AnalysisJetsAuxDyn.pt' (pwe=0.5)...
  Appended results to /eagle/UIC-HPC/amy/sperr-sweep.20260219_214525/results.jsonl
  Running compressor 'sperr' on branch 'AnalysisJetsAuxDyn.pt' (pwe=0.5)...
  Appended results to /eagle/UIC-HPC/amy/sperr-sweep.20260219_214525/results.jsonl
  Running compressor 'sperr' on branch 'AnalysisJetsAuxDyn.pt' (pwe=0.5)...
  Appended results to /eagle/UIC-HPC/amy/sperr-sweep.20260219_214525/results.jsonl
  Running compressor 'sperr' on branch 'AnalysisJetsAuxDyn.pt' (pwe=0.5)...
  Appended results to /eagle/UIC-HPC/amy/sperr-sweep.20260219_214525/results.jsonl
  Running compressor 'sperr' on branch 'AnalysisJetsAuxDyn.pt' (pwe=0.5)...
  Appended results to /eagle/UIC-HPC/amy/sperr-sweep.20260219_214525/results.jsonl
  Running compressor 'sperr' on branch 'AnalysisJetsAuxDyn.pt' (pwe=0.5)...
  Appended results to /eagle/UIC-HPC/amy/sperr-sweep.20260219_214525/results.jsonl
  Running compressor 'sperr' on branch 'AnalysisJetsAuxDyn.pt' (pwe=0.5)...
  Appended results to /eagle/UIC-HPC/amy/sperr-sweep.20260219_214525/results.jsonl
  Running compressor 'sperr' on branch 'AnalysisJetsAuxDyn.pt' (pwe=0.5)...
  Appended results to /eagle/UIC-HPC/amy/sperr-sweep.20260219_214525/results.jsonl
  Running compressor 'sperr' on branch 'AnalysisJetsAuxDyn.pt' (pwe=0.5)...
  Appended results to /eagle/UIC-HPC/amy/sperr-sweep.20260219_214525/results.jsonl
  Running compressor 'sperr' on branch 'AnalysisJetsAuxDyn.pt' (pwe=1)...
  Appended results to /eagle/UIC-HPC/amy/sperr-sweep.20260219_214525/results.jsonl
  Running compressor 'sperr' on branch 'AnalysisJetsAuxDyn.pt' (pwe=1)...
  Appended results to /eagle/UIC-HPC/amy/sperr-sweep.20260219_214525/results.jsonl
  Running compressor 'sperr' on branch 'AnalysisJetsAuxDyn.pt' (pwe=1)...
  Appended results to /eagle/UIC-HPC/amy/sperr-sweep.20260219_214525/results.jsonl
  Running compressor 'sperr' on branch 'AnalysisJetsAuxDyn.pt' (pwe=1)...
  Appended results to /eagle/UIC-HPC/amy/sperr-sweep.20260219_214525/results.jsonl
  Running compressor 'sperr' on branch 'AnalysisJetsAuxDyn.pt' (pwe=1)...
  Appended results to /eagle/UIC-HPC/amy/sperr-sweep.20260219_214525/results.jsonl
  Running compressor 'sperr' on branch 'AnalysisJetsAuxDyn.pt' (pwe=1)...
  Appended results to /eagle/UIC-HPC/amy/sperr-sweep.20260219_214525/results.jsonl
  Running compressor 'sperr' on branch 'AnalysisJetsAuxDyn.pt' (pwe=1)...
  Appended results to /eagle/UIC-HPC/amy/sperr-sweep.20260219_214525/results.jsonl
  Running compressor 'sperr' on branch 'AnalysisJetsAuxDyn.pt' (pwe=1)...
  Appended results to /eagle/UIC-HPC/amy/sperr-sweep.20260219_214525/results.jsonl
  Running compressor 'sperr' on branch 'AnalysisJetsAuxDyn.pt' (pwe=1)...
  Appended results to /eagle/UIC-HPC/amy/sperr-sweep.20260219_214525/results.jsonl
  Running compressor 'sperr' on branch 'AnalysisJetsAuxDyn.pt' (pwe=1)...
  Appended results to /eagle/UIC-HPC/amy/sperr-sweep.20260219_214525/results.jsonl
  Running compressor 'sperr' on branch 'AnalysisJetsAuxDyn.pt' (pwe=1)...
  Appended results to /eagle/UIC-HPC/amy/sperr-sweep.20260219_214525/results.jsonl
  Running compressor 'sperr' on branch 'AnalysisJetsAuxDyn.pt' (pwe=5)...
  Appended results to /eagle/UIC-HPC/amy/sperr-sweep.20260219_214525/results.jsonl
  Running compressor 'sperr' on branch 'AnalysisJetsAuxDyn.pt' (pwe=5)...
  Appended results to /eagle/UIC-HPC/amy/sperr-sweep.20260219_214525/results.jsonl
  Running compressor 'sperr' on branch 'AnalysisJetsAuxDyn.pt' (pwe=5)...
  Appended results to /eagle/UIC-HPC/amy/sperr-sweep.20260219_214525/results.jsonl
  Running compressor 'sperr' on branch 'AnalysisJetsAuxDyn.pt' (pwe=5)...
  Appended results to /eagle/UIC-HPC/amy/sperr-sweep.20260219_214525/results.jsonl
  Running compressor 'sperr' on branch 'AnalysisJetsAuxDyn.pt' (pwe=5)...
  Appended results to /eagle/UIC-HPC/amy/sperr-sweep.20260219_214525/results.jsonl
  Running compressor 'sperr' on branch 'AnalysisJetsAuxDyn.pt' (pwe=5)...
  Appended results to /eagle/UIC-HPC/amy/sperr-sweep.20260219_214525/results.jsonl
  Running compressor 'sperr' on branch 'AnalysisJetsAuxDyn.pt' (pwe=5)...
  Appended results to /eagle/UIC-HPC/amy/sperr-sweep.20260219_214525/results.jsonl
  Running compressor 'sperr' on branch 'AnalysisJetsAuxDyn.pt' (pwe=5)...
  Appended results to /eagle/UIC-HPC/amy/sperr-sweep.20260219_214525/results.jsonl
  Running compressor 'sperr' on branch 'AnalysisJetsAuxDyn.pt' (pwe=5)...
  Appended results to /eagle/UIC-HPC/amy/sperr-sweep.20260219_214525/results.jsonl
  Running compressor 'sperr' on branch 'AnalysisJetsAuxDyn.pt' (pwe=5)...
  Appended results to /eagle/UIC-HPC/amy/sperr-sweep.20260219_214525/results.jsonl
  Running compressor 'sperr' on branch 'AnalysisJetsAuxDyn.pt' (pwe=5)...
  Appended results to /eagle/UIC-HPC/amy/sperr-sweep.20260219_214525/results.jsonl
  Running compressor 'sperr' on branch 'AnalysisJetsAuxDyn.pt' (pwe=10)...
  Appended results to /eagle/UIC-HPC/amy/sperr-sweep.20260219_214525/results.jsonl
  Running compressor 'sperr' on branch 'AnalysisJetsAuxDyn.pt' (pwe=10)...
  Appended results to /eagle/UIC-HPC/amy/sperr-sweep.20260219_214525/results.jsonl
  Running compressor 'sperr' on branch 'AnalysisJetsAuxDyn.pt' (pwe=10)...
  Appended results to /eagle/UIC-HPC/amy/sperr-sweep.20260219_214525/results.jsonl
  Running compressor 'sperr' on branch 'AnalysisJetsAuxDyn.pt' (pwe=10)...
  Appended results to /eagle/UIC-HPC/amy/sperr-sweep.20260219_214525/results.jsonl
  Running compressor 'sperr' on branch 'AnalysisJetsAuxDyn.pt' (pwe=10)...
  Appended results to /eagle/UIC-HPC/amy/sperr-sweep.20260219_214525/results.jsonl
  Running compressor 'sperr' on branch 'AnalysisJetsAuxDyn.pt' (pwe=10)...
  Appended results to /eagle/UIC-HPC/amy/sperr-sweep.20260219_214525/results.jsonl
  Running compressor 'sperr' on branch 'AnalysisJetsAuxDyn.pt' (pwe=10)...
  Appended results to /eagle/UIC-HPC/amy/sperr-sweep.20260219_214525/results.jsonl
  Running compressor 'sperr' on branch 'AnalysisJetsAuxDyn.pt' (pwe=10)...
  Appended results to /eagle/UIC-HPC/amy/sperr-sweep.20260219_214525/results.jsonl
  Running compressor 'sperr' on branch 'AnalysisJetsAuxDyn.pt' (pwe=10)...
  Appended results to /eagle/UIC-HPC/amy/sperr-sweep.20260219_214525/results.jsonl
  Running compressor 'sperr' on branch 'AnalysisJetsAuxDyn.pt' (pwe=10)...
  Appended results to /eagle/UIC-HPC/amy/sperr-sweep.20260219_214525/results.jsonl
  Running compressor 'sperr' on branch 'AnalysisJetsAuxDyn.pt' (pwe=10)...
  Appended results to /eagle/UIC-HPC/amy/sperr-sweep.20260219_214525/results.jsonl
  Running compressor 'sperr' on branch 'AnalysisJetsAuxDyn.pt' (pwe=50)...
  Appended results to /eagle/UIC-HPC/amy/sperr-sweep.20260219_214525/results.jsonl
  Running compressor 'sperr' on branch 'AnalysisJetsAuxDyn.pt' (pwe=50)...
  Appended results to /eagle/UIC-HPC/amy/sperr-sweep.20260219_214525/results.jsonl
  Running compressor 'sperr' on branch 'AnalysisJetsAuxDyn.pt' (pwe=50)...
  Appended results to /eagle/UIC-HPC/amy/sperr-sweep.20260219_214525/results.jsonl
  Running compressor 'sperr' on branch 'AnalysisJetsAuxDyn.pt' (pwe=50)...
  Appended results to /eagle/UIC-HPC/amy/sperr-sweep.20260219_214525/results.jsonl
  Running compressor 'sperr' on branch 'AnalysisJetsAuxDyn.pt' (pwe=50)...
  Appended results to /eagle/UIC-HPC/amy/sperr-sweep.20260219_214525/results.jsonl
  Running compressor 'sperr' on branch 'AnalysisJetsAuxDyn.pt' (pwe=50)...
  Appended results to /eagle/UIC-HPC/amy/sperr-sweep.20260219_214525/results.jsonl
  Running compressor 'sperr' on branch 'AnalysisJetsAuxDyn.pt' (pwe=50)...
  Appended results to /eagle/UIC-HPC/amy/sperr-sweep.20260219_214525/results.jsonl
  Running compressor 'sperr' on branch 'AnalysisJetsAuxDyn.pt' (pwe=50)...
  Appended results to /eagle/UIC-HPC/amy/sperr-sweep.20260219_214525/results.jsonl
  Running compressor 'sperr' on branch 'AnalysisJetsAuxDyn.pt' (pwe=50)...
  Appended results to /eagle/UIC-HPC/amy/sperr-sweep.20260219_214525/results.jsonl
  Running compressor 'sperr' on branch 'AnalysisJetsAuxDyn.pt' (pwe=50)...
  Appended results to /eagle/UIC-HPC/amy/sperr-sweep.20260219_214525/results.jsonl
  Running compressor 'sperr' on branch 'AnalysisJetsAuxDyn.pt' (pwe=50)...
  Appended results to /eagle/UIC-HPC/amy/sperr-sweep.20260219_214525/results.jsonl
---------- Configuration ----------
Input file:   DAOD_PHYSLITE.37019878._000009.pool.root.1
Tree name:    CollectionTree
Results file: /eagle/UIC-HPC/amy/sperr-sweep.20260219_214525/results.jsonl
Branches:
  AnalysisJetsAuxDyn.eta
Tests (44):
  [0] compressor=sperr options={pwe=0.01} chunkSize=1024 iterations=10
  [1] compressor=sperr options={pwe=0.01} chunkSize=2048 iterations=10
  [2] compressor=sperr options={pwe=0.01} chunkSize=4096 iterations=10
  [3] compressor=sperr options={pwe=0.01} chunkSize=8192 iterations=10
  [4] compressor=sperr options={pwe=0.01} chunkSize=16384 iterations=10
  [5] compressor=sperr options={pwe=0.01} chunkSize=32768 iterations=10
  [6] compressor=sperr options={pwe=0.01} chunkSize=65536 iterations=10
  [7] compressor=sperr options={pwe=0.01} chunkSize=131072 iterations=10
  [8] compressor=sperr options={pwe=0.01} chunkSize=262144 iterations=10
  [9] compressor=sperr options={pwe=0.01} chunkSize=524288 iterations=10
  [10] compressor=sperr options={pwe=0.01} chunkSize=1048576 iterations=10
  [11] compressor=sperr options={pwe=0.05} chunkSize=1024 iterations=10
  [12] compressor=sperr options={pwe=0.05} chunkSize=2048 iterations=10
  [13] compressor=sperr options={pwe=0.05} chunkSize=4096 iterations=10
  [14] compressor=sperr options={pwe=0.05} chunkSize=8192 iterations=10
  [15] compressor=sperr options={pwe=0.05} chunkSize=16384 iterations=10
  [16] compressor=sperr options={pwe=0.05} chunkSize=32768 iterations=10
  [17] compressor=sperr options={pwe=0.05} chunkSize=65536 iterations=10
  [18] compressor=sperr options={pwe=0.05} chunkSize=131072 iterations=10
  [19] compressor=sperr options={pwe=0.05} chunkSize=262144 iterations=10
  [20] compressor=sperr options={pwe=0.05} chunkSize=524288 iterations=10
  [21] compressor=sperr options={pwe=0.05} chunkSize=1048576 iterations=10
  [22] compressor=sperr options={pwe=0.1} chunkSize=1024 iterations=10
  [23] compressor=sperr options={pwe=0.1} chunkSize=2048 iterations=10
  [24] compressor=sperr options={pwe=0.1} chunkSize=4096 iterations=10
  [25] compressor=sperr options={pwe=0.1} chunkSize=8192 iterations=10
  [26] compressor=sperr options={pwe=0.1} chunkSize=16384 iterations=10
  [27] compressor=sperr options={pwe=0.1} chunkSize=32768 iterations=10
  [28] compressor=sperr options={pwe=0.1} chunkSize=65536 iterations=10
  [29] compressor=sperr options={pwe=0.1} chunkSize=131072 iterations=10
  [30] compressor=sperr options={pwe=0.1} chunkSize=262144 iterations=10
  [31] compressor=sperr options={pwe=0.1} chunkSize=524288 iterations=10
  [32] compressor=sperr options={pwe=0.1} chunkSize=1048576 iterations=10
  [33] compressor=sperr options={pwe=0.5} chunkSize=1024 iterations=10
  [34] compressor=sperr options={pwe=0.5} chunkSize=2048 iterations=10
  [35] compressor=sperr options={pwe=0.5} chunkSize=4096 iterations=10
  [36] compressor=sperr options={pwe=0.5} chunkSize=8192 iterations=10
  [37] compressor=sperr options={pwe=0.5} chunkSize=16384 iterations=10
  [38] compressor=sperr options={pwe=0.5} chunkSize=32768 iterations=10
  [39] compressor=sperr options={pwe=0.5} chunkSize=65536 iterations=10
  [40] compressor=sperr options={pwe=0.5} chunkSize=131072 iterations=10
  [41] compressor=sperr options={pwe=0.5} chunkSize=262144 iterations=10
  [42] compressor=sperr options={pwe=0.5} chunkSize=524288 iterations=10
  [43] compressor=sperr options={pwe=0.5} chunkSize=1048576 iterations=10
-----------------------------------
Reading data for branch 'AnalysisJetsAuxDyn.eta'...
Warning in <TClass::Init>: no dictionary for class DataHeader_p6 is available
Warning in <TClass::Init>: no dictionary for class DataHeaderForm_p6 is available
Warning in <TClass::Init>: no dictionary for class xAOD::AuxContainerBase is available
Warning in <TClass::Init>: no dictionary for class ElementLinkBase is available
Warning in <TClass::Init>: no dictionary for class xAOD::AuxInfoBase is available
Warning in <TClass::Init>: no dictionary for class xAOD::EventInfo_v1 is available
Warning in <TClass::Init>: no dictionary for class xAOD::TrigConfKeys_v1 is available
Warning in <TClass::Init>: no dictionary for class xAOD::TrigDecisionAuxInfo_v1 is available
Warning in <TClass::Init>: no dictionary for class xAOD::TrigDecision_v1 is available
Warning in <TClass::Init>: no dictionary for class xAOD::EventShape_v1 is available
Warning in <TClass::Init>: no dictionary for class ElementLink<DataVector<xAOD::Vertex_v1> > is available
Warning in <TClass::Init>: no dictionary for class EventStreamInfo_p3 is available
Warning in <TClass::Init>: no dictionary for class IOVMetaDataContainer_p1 is available
Warning in <TClass::Init>: no dictionary for class xAOD::FileMetaDataAuxInfo_v1 is available
Warning in <TClass::Init>: no dictionary for class SG::IAuxStore is available
Warning in <TClass::Init>: no dictionary for class SG::IConstAuxStore is available
Warning in <TClass::Init>: no dictionary for class SG::IAuxStoreIO is available
Warning in <TClass::Init>: no dictionary for class SG::IAuxStoreHolder is available
Warning in <TClass::Init>: no dictionary for class ILockable is available
Warning in <TClass::Init>: no dictionary for class xAOD::TriggerMenuJsonAuxContainer_v1 is available
Warning in <TClass::Init>: no dictionary for class xAOD::CutBookkeeperAuxContainer_v1 is available
Warning in <TClass::Init>: no dictionary for class ElementLink<xAOD::CutBookkeeperContainer_v1> is available
Warning in <TClass::Init>: no dictionary for class xAOD::LumiBlockRangeAuxContainer_v1 is available
Warning in <TClass::Init>: no dictionary for class EventType_p3 is available
Warning in <TClass::Init>: no dictionary for class xAOD::FileMetaData_v1 is available
Warning in <TClass::Init>: no dictionary for class SG::AuxElement is available
Warning in <TClass::Init>: no dictionary for class SG::IAuxElement is available
Warning in <TClass::Init>: no dictionary for class xAOD::EventFormat_v1 is available
Warning in <TClass::Init>: no dictionary for class xAOD::LumiBlockRange_v1 is available
Warning in <TClass::Init>: no dictionary for class xAOD::TriggerMenuJson_v1 is available
Warning in <TClass::Init>: no dictionary for class xAOD::CutBookkeeper_v1 is available
Warning in <TClass::Init>: no dictionary for class IOVPayloadContainer_p1 is available
Warning in <TClass::Init>: no dictionary for class IOVPayloadContainer_p1::CondAttrListCollection_p1 is available
Warning in <TClass::Init>: no dictionary for class IOVPayloadContainer_p1::CondAttrListEntry_p1 is available
Warning in <TClass::Init>: no dictionary for class IOVPayloadContainer_p1::IOVRange_p1 is available
Warning in <TClass::Init>: no dictionary for class AttrListIndexes is available
Warning in <TClass::Init>: no dictionary for class DataHeaderForm_p6::DbRecord is available
Warning in <TClass::Init>: no dictionary for class Guid is available
Warning in <TClass::Init>: no dictionary for class DataHeaderForm_p6::ObjRecord is available
Warning in <TClass::Init>: no dictionary for class DataHeader_p6::FullElement is available
Warning in <TClass::Init>: no dictionary for class xAOD::MissingETAuxAssociationMap_v2 is available
Warning in <TClass::Init>: no dictionary for class xAOD::JetAuxContainer_v1 is available
Warning in <TClass::Init>: no dictionary for class xAOD::TauJet_v3 is available
Warning in <TClass::Init>: no dictionary for class xAOD::IParticle is available
Warning in <TClass::Init>: no dictionary for class xAOD::Vertex_v1 is available
Warning in <TClass::Init>: no dictionary for class xAOD::Jet_v1 is available
Warning in <TClass::Init>: no dictionary for class xAOD::BTagging_v1 is available
Warning in <TClass::Init>: no dictionary for class xAOD::Electron_v1 is available
Warning in <TClass::Init>: no dictionary for class xAOD::Egamma_v1 is available
Warning in <TClass::Init>: no dictionary for class xAOD::TauTrack_v1 is available
Warning in <TClass::Init>: no dictionary for class xAOD::Muon_v1 is available
Warning in <TClass::Init>: no dictionary for class xAOD::CaloCluster_v1 is available
Warning in <TClass::Init>: no dictionary for class xAOD::Photon_v1 is available
Warning in <TClass::Init>: no dictionary for class xAOD::TrigComposite_v1 is available
Warning in <TClass::Init>: no dictionary for class xAOD::TrackParticle_v1 is available
Warning in <TClass::Init>: no dictionary for class ElementLink<DataVector<xAOD::TrackParticle_v1> > is available
Warning in <TClass::Init>: no dictionary for class ElementLink<DataVector<xAOD::CaloCluster_v1> > is available
Warning in <TClass::Init>: no dictionary for class ElementLink<DataVector<xAOD::MuonSegment_v1> > is available
Warning in <TClass::Init>: no dictionary for class ElementLink<DataVector<xAOD::IParticle> > is available
Warning in <TClass::Init>: no dictionary for class ElementLink<DataVector<xAOD::Jet_v1> > is available
Warning in <TClass::Init>: no dictionary for class ElementLink<DataVector<xAOD::Egamma_v1> > is available
Warning in <TClass::Init>: no dictionary for class xAOD::MissingETAssociation_v1 is available
Warning in <TClass::Init>: no dictionary for class xAOD::MissingET_v1 is available
Warning in <TClass::Init>: no dictionary for class ElementLink<DataVector<xAOD::BTagging_v1> > is available
Warning in <TClass::Init>: no dictionary for class ElementLink<DataVector<xAOD::NeutralParticle_v1> > is available
Warning in <TClass::Init>: no dictionary for class ElementLink<DataVector<xAOD::TauTrack_v1> > is available
Warning in <TClass::Init>: no dictionary for class DataVector<xAOD::LumiBlockRange_v1> is available
Warning in <TClass::Init>: no dictionary for class DataVector<xAOD::TriggerMenuJson_v1> is available
Warning in <TClass::Init>: no dictionary for class xAOD::CutBookkeeperContainer_v1 is available
  Running compressor 'sperr' on branch 'AnalysisJetsAuxDyn.eta' (pwe=0.01)...
  Appended results to /eagle/UIC-HPC/amy/sperr-sweep.20260219_214525/results.jsonl
  Running compressor 'sperr' on branch 'AnalysisJetsAuxDyn.eta' (pwe=0.01)...
  Appended results to /eagle/UIC-HPC/amy/sperr-sweep.20260219_214525/results.jsonl
  Running compressor 'sperr' on branch 'AnalysisJetsAuxDyn.eta' (pwe=0.01)...
  Appended results to /eagle/UIC-HPC/amy/sperr-sweep.20260219_214525/results.jsonl
  Running compressor 'sperr' on branch 'AnalysisJetsAuxDyn.eta' (pwe=0.01)...
  Appended results to /eagle/UIC-HPC/amy/sperr-sweep.20260219_214525/results.jsonl
  Running compressor 'sperr' on branch 'AnalysisJetsAuxDyn.eta' (pwe=0.01)...
  Appended results to /eagle/UIC-HPC/amy/sperr-sweep.20260219_214525/results.jsonl
  Running compressor 'sperr' on branch 'AnalysisJetsAuxDyn.eta' (pwe=0.01)...
  Appended results to /eagle/UIC-HPC/amy/sperr-sweep.20260219_214525/results.jsonl
  Running compressor 'sperr' on branch 'AnalysisJetsAuxDyn.eta' (pwe=0.01)...
  Appended results to /eagle/UIC-HPC/amy/sperr-sweep.20260219_214525/results.jsonl
  Running compressor 'sperr' on branch 'AnalysisJetsAuxDyn.eta' (pwe=0.01)...
  Appended results to /eagle/UIC-HPC/amy/sperr-sweep.20260219_214525/results.jsonl
  Running compressor 'sperr' on branch 'AnalysisJetsAuxDyn.eta' (pwe=0.01)...
  Appended results to /eagle/UIC-HPC/amy/sperr-sweep.20260219_214525/results.jsonl
  Running compressor 'sperr' on branch 'AnalysisJetsAuxDyn.eta' (pwe=0.01)...
  Appended results to /eagle/UIC-HPC/amy/sperr-sweep.20260219_214525/results.jsonl
  Running compressor 'sperr' on branch 'AnalysisJetsAuxDyn.eta' (pwe=0.01)...
  Appended results to /eagle/UIC-HPC/amy/sperr-sweep.20260219_214525/results.jsonl
  Running compressor 'sperr' on branch 'AnalysisJetsAuxDyn.eta' (pwe=0.05)...
  Appended results to /eagle/UIC-HPC/amy/sperr-sweep.20260219_214525/results.jsonl
  Running compressor 'sperr' on branch 'AnalysisJetsAuxDyn.eta' (pwe=0.05)...
  Appended results to /eagle/UIC-HPC/amy/sperr-sweep.20260219_214525/results.jsonl
  Running compressor 'sperr' on branch 'AnalysisJetsAuxDyn.eta' (pwe=0.05)...
  Appended results to /eagle/UIC-HPC/amy/sperr-sweep.20260219_214525/results.jsonl
  Running compressor 'sperr' on branch 'AnalysisJetsAuxDyn.eta' (pwe=0.05)...
  Appended results to /eagle/UIC-HPC/amy/sperr-sweep.20260219_214525/results.jsonl
  Running compressor 'sperr' on branch 'AnalysisJetsAuxDyn.eta' (pwe=0.05)...
  Appended results to /eagle/UIC-HPC/amy/sperr-sweep.20260219_214525/results.jsonl
  Running compressor 'sperr' on branch 'AnalysisJetsAuxDyn.eta' (pwe=0.05)...
  Appended results to /eagle/UIC-HPC/amy/sperr-sweep.20260219_214525/results.jsonl
  Running compressor 'sperr' on branch 'AnalysisJetsAuxDyn.eta' (pwe=0.05)...
  Appended results to /eagle/UIC-HPC/amy/sperr-sweep.20260219_214525/results.jsonl
  Running compressor 'sperr' on branch 'AnalysisJetsAuxDyn.eta' (pwe=0.05)...
  Appended results to /eagle/UIC-HPC/amy/sperr-sweep.20260219_214525/results.jsonl
  Running compressor 'sperr' on branch 'AnalysisJetsAuxDyn.eta' (pwe=0.05)...
  Appended results to /eagle/UIC-HPC/amy/sperr-sweep.20260219_214525/results.jsonl
  Running compressor 'sperr' on branch 'AnalysisJetsAuxDyn.eta' (pwe=0.05)...
  Appended results to /eagle/UIC-HPC/amy/sperr-sweep.20260219_214525/results.jsonl
  Running compressor 'sperr' on branch 'AnalysisJetsAuxDyn.eta' (pwe=0.05)...
  Appended results to /eagle/UIC-HPC/amy/sperr-sweep.20260219_214525/results.jsonl
  Running compressor 'sperr' on branch 'AnalysisJetsAuxDyn.eta' (pwe=0.1)...
  Appended results to /eagle/UIC-HPC/amy/sperr-sweep.20260219_214525/results.jsonl
  Running compressor 'sperr' on branch 'AnalysisJetsAuxDyn.eta' (pwe=0.1)...
  Appended results to /eagle/UIC-HPC/amy/sperr-sweep.20260219_214525/results.jsonl
  Running compressor 'sperr' on branch 'AnalysisJetsAuxDyn.eta' (pwe=0.1)...
  Appended results to /eagle/UIC-HPC/amy/sperr-sweep.20260219_214525/results.jsonl
  Running compressor 'sperr' on branch 'AnalysisJetsAuxDyn.eta' (pwe=0.1)...
  Appended results to /eagle/UIC-HPC/amy/sperr-sweep.20260219_214525/results.jsonl
  Running compressor 'sperr' on branch 'AnalysisJetsAuxDyn.eta' (pwe=0.1)...
  Appended results to /eagle/UIC-HPC/amy/sperr-sweep.20260219_214525/results.jsonl
  Running compressor 'sperr' on branch 'AnalysisJetsAuxDyn.eta' (pwe=0.1)...
  Appended results to /eagle/UIC-HPC/amy/sperr-sweep.20260219_214525/results.jsonl
  Running compressor 'sperr' on branch 'AnalysisJetsAuxDyn.eta' (pwe=0.1)...
  Appended results to /eagle/UIC-HPC/amy/sperr-sweep.20260219_214525/results.jsonl
  Running compressor 'sperr' on branch 'AnalysisJetsAuxDyn.eta' (pwe=0.1)...
  Appended results to /eagle/UIC-HPC/amy/sperr-sweep.20260219_214525/results.jsonl
  Running compressor 'sperr' on branch 'AnalysisJetsAuxDyn.eta' (pwe=0.1)...
  Appended results to /eagle/UIC-HPC/amy/sperr-sweep.20260219_214525/results.jsonl
  Running compressor 'sperr' on branch 'AnalysisJetsAuxDyn.eta' (pwe=0.1)...
  Appended results to /eagle/UIC-HPC/amy/sperr-sweep.20260219_214525/results.jsonl
  Running compressor 'sperr' on branch 'AnalysisJetsAuxDyn.eta' (pwe=0.1)...
  Appended results to /eagle/UIC-HPC/amy/sperr-sweep.20260219_214525/results.jsonl
  Running compressor 'sperr' on branch 'AnalysisJetsAuxDyn.eta' (pwe=0.5)...
  Appended results to /eagle/UIC-HPC/amy/sperr-sweep.20260219_214525/results.jsonl
  Running compressor 'sperr' on branch 'AnalysisJetsAuxDyn.eta' (pwe=0.5)...
  Appended results to /eagle/UIC-HPC/amy/sperr-sweep.20260219_214525/results.jsonl
  Running compressor 'sperr' on branch 'AnalysisJetsAuxDyn.eta' (pwe=0.5)...
  Appended results to /eagle/UIC-HPC/amy/sperr-sweep.20260219_214525/results.jsonl
  Running compressor 'sperr' on branch 'AnalysisJetsAuxDyn.eta' (pwe=0.5)...
  Appended results to /eagle/UIC-HPC/amy/sperr-sweep.20260219_214525/results.jsonl
  Running compressor 'sperr' on branch 'AnalysisJetsAuxDyn.eta' (pwe=0.5)...
  Appended results to /eagle/UIC-HPC/amy/sperr-sweep.20260219_214525/results.jsonl
  Running compressor 'sperr' on branch 'AnalysisJetsAuxDyn.eta' (pwe=0.5)...
  Appended results to /eagle/UIC-HPC/amy/sperr-sweep.20260219_214525/results.jsonl
  Running compressor 'sperr' on branch 'AnalysisJetsAuxDyn.eta' (pwe=0.5)...
  Appended results to /eagle/UIC-HPC/amy/sperr-sweep.20260219_214525/results.jsonl
  Running compressor 'sperr' on branch 'AnalysisJetsAuxDyn.eta' (pwe=0.5)...
  Appended results to /eagle/UIC-HPC/amy/sperr-sweep.20260219_214525/results.jsonl
  Running compressor 'sperr' on branch 'AnalysisJetsAuxDyn.eta' (pwe=0.5)...
  Appended results to /eagle/UIC-HPC/amy/sperr-sweep.20260219_214525/results.jsonl
  Running compressor 'sperr' on branch 'AnalysisJetsAuxDyn.eta' (pwe=0.5)...
  Appended results to /eagle/UIC-HPC/amy/sperr-sweep.20260219_214525/results.jsonl
  Running compressor 'sperr' on branch 'AnalysisJetsAuxDyn.eta' (pwe=0.5)...
  Appended results to /eagle/UIC-HPC/amy/sperr-sweep.20260219_214525/results.jsonl
---------- Configuration ----------
Input file:   DAOD_PHYSLITE.37019878._000009.pool.root.1
Tree name:    CollectionTree
Results file: /eagle/UIC-HPC/amy/sperr-sweep.20260219_214525/results.jsonl
Branches:
  AnalysisJetsAuxDyn.phi
Tests (44):
  [0] compressor=sperr options={pwe=0.01} chunkSize=1024 iterations=10
  [1] compressor=sperr options={pwe=0.01} chunkSize=2048 iterations=10
  [2] compressor=sperr options={pwe=0.01} chunkSize=4096 iterations=10
  [3] compressor=sperr options={pwe=0.01} chunkSize=8192 iterations=10
  [4] compressor=sperr options={pwe=0.01} chunkSize=16384 iterations=10
  [5] compressor=sperr options={pwe=0.01} chunkSize=32768 iterations=10
  [6] compressor=sperr options={pwe=0.01} chunkSize=65536 iterations=10
  [7] compressor=sperr options={pwe=0.01} chunkSize=131072 iterations=10
  [8] compressor=sperr options={pwe=0.01} chunkSize=262144 iterations=10
  [9] compressor=sperr options={pwe=0.01} chunkSize=524288 iterations=10
  [10] compressor=sperr options={pwe=0.01} chunkSize=1048576 iterations=10
  [11] compressor=sperr options={pwe=0.05} chunkSize=1024 iterations=10
  [12] compressor=sperr options={pwe=0.05} chunkSize=2048 iterations=10
  [13] compressor=sperr options={pwe=0.05} chunkSize=4096 iterations=10
  [14] compressor=sperr options={pwe=0.05} chunkSize=8192 iterations=10
  [15] compressor=sperr options={pwe=0.05} chunkSize=16384 iterations=10
  [16] compressor=sperr options={pwe=0.05} chunkSize=32768 iterations=10
  [17] compressor=sperr options={pwe=0.05} chunkSize=65536 iterations=10
  [18] compressor=sperr options={pwe=0.05} chunkSize=131072 iterations=10
  [19] compressor=sperr options={pwe=0.05} chunkSize=262144 iterations=10
  [20] compressor=sperr options={pwe=0.05} chunkSize=524288 iterations=10
  [21] compressor=sperr options={pwe=0.05} chunkSize=1048576 iterations=10
  [22] compressor=sperr options={pwe=0.1} chunkSize=1024 iterations=10
  [23] compressor=sperr options={pwe=0.1} chunkSize=2048 iterations=10
  [24] compressor=sperr options={pwe=0.1} chunkSize=4096 iterations=10
  [25] compressor=sperr options={pwe=0.1} chunkSize=8192 iterations=10
  [26] compressor=sperr options={pwe=0.1} chunkSize=16384 iterations=10
  [27] compressor=sperr options={pwe=0.1} chunkSize=32768 iterations=10
  [28] compressor=sperr options={pwe=0.1} chunkSize=65536 iterations=10
  [29] compressor=sperr options={pwe=0.1} chunkSize=131072 iterations=10
  [30] compressor=sperr options={pwe=0.1} chunkSize=262144 iterations=10
  [31] compressor=sperr options={pwe=0.1} chunkSize=524288 iterations=10
  [32] compressor=sperr options={pwe=0.1} chunkSize=1048576 iterations=10
  [33] compressor=sperr options={pwe=0.5} chunkSize=1024 iterations=10
  [34] compressor=sperr options={pwe=0.5} chunkSize=2048 iterations=10
  [35] compressor=sperr options={pwe=0.5} chunkSize=4096 iterations=10
  [36] compressor=sperr options={pwe=0.5} chunkSize=8192 iterations=10
  [37] compressor=sperr options={pwe=0.5} chunkSize=16384 iterations=10
  [38] compressor=sperr options={pwe=0.5} chunkSize=32768 iterations=10
  [39] compressor=sperr options={pwe=0.5} chunkSize=65536 iterations=10
  [40] compressor=sperr options={pwe=0.5} chunkSize=131072 iterations=10
  [41] compressor=sperr options={pwe=0.5} chunkSize=262144 iterations=10
  [42] compressor=sperr options={pwe=0.5} chunkSize=524288 iterations=10
  [43] compressor=sperr options={pwe=0.5} chunkSize=1048576 iterations=10
-----------------------------------
Reading data for branch 'AnalysisJetsAuxDyn.phi'...
Warning in <TClass::Init>: no dictionary for class DataHeader_p6 is available
Warning in <TClass::Init>: no dictionary for class DataHeaderForm_p6 is available
Warning in <TClass::Init>: no dictionary for class xAOD::AuxContainerBase is available
Warning in <TClass::Init>: no dictionary for class ElementLinkBase is available
Warning in <TClass::Init>: no dictionary for class xAOD::AuxInfoBase is available
Warning in <TClass::Init>: no dictionary for class xAOD::EventInfo_v1 is available
Warning in <TClass::Init>: no dictionary for class xAOD::TrigConfKeys_v1 is available
Warning in <TClass::Init>: no dictionary for class xAOD::TrigDecisionAuxInfo_v1 is available
Warning in <TClass::Init>: no dictionary for class xAOD::TrigDecision_v1 is available
Warning in <TClass::Init>: no dictionary for class xAOD::EventShape_v1 is available
Warning in <TClass::Init>: no dictionary for class ElementLink<DataVector<xAOD::Vertex_v1> > is available
Warning in <TClass::Init>: no dictionary for class EventStreamInfo_p3 is available
Warning in <TClass::Init>: no dictionary for class IOVMetaDataContainer_p1 is available
Warning in <TClass::Init>: no dictionary for class xAOD::FileMetaDataAuxInfo_v1 is available
Warning in <TClass::Init>: no dictionary for class SG::IAuxStore is available
Warning in <TClass::Init>: no dictionary for class SG::IConstAuxStore is available
Warning in <TClass::Init>: no dictionary for class SG::IAuxStoreIO is available
Warning in <TClass::Init>: no dictionary for class SG::IAuxStoreHolder is available
Warning in <TClass::Init>: no dictionary for class ILockable is available
Warning in <TClass::Init>: no dictionary for class xAOD::TriggerMenuJsonAuxContainer_v1 is available
Warning in <TClass::Init>: no dictionary for class xAOD::CutBookkeeperAuxContainer_v1 is available
Warning in <TClass::Init>: no dictionary for class ElementLink<xAOD::CutBookkeeperContainer_v1> is available
Warning in <TClass::Init>: no dictionary for class xAOD::LumiBlockRangeAuxContainer_v1 is available
Warning in <TClass::Init>: no dictionary for class EventType_p3 is available
Warning in <TClass::Init>: no dictionary for class xAOD::FileMetaData_v1 is available
Warning in <TClass::Init>: no dictionary for class SG::AuxElement is available
Warning in <TClass::Init>: no dictionary for class SG::IAuxElement is available
Warning in <TClass::Init>: no dictionary for class xAOD::EventFormat_v1 is available
Warning in <TClass::Init>: no dictionary for class xAOD::LumiBlockRange_v1 is available
Warning in <TClass::Init>: no dictionary for class xAOD::TriggerMenuJson_v1 is available
Warning in <TClass::Init>: no dictionary for class xAOD::CutBookkeeper_v1 is available
Warning in <TClass::Init>: no dictionary for class IOVPayloadContainer_p1 is available
Warning in <TClass::Init>: no dictionary for class IOVPayloadContainer_p1::CondAttrListCollection_p1 is available
Warning in <TClass::Init>: no dictionary for class IOVPayloadContainer_p1::CondAttrListEntry_p1 is available
Warning in <TClass::Init>: no dictionary for class IOVPayloadContainer_p1::IOVRange_p1 is available
Warning in <TClass::Init>: no dictionary for class AttrListIndexes is available
Warning in <TClass::Init>: no dictionary for class DataHeaderForm_p6::DbRecord is available
Warning in <TClass::Init>: no dictionary for class Guid is available
Warning in <TClass::Init>: no dictionary for class DataHeaderForm_p6::ObjRecord is available
Warning in <TClass::Init>: no dictionary for class DataHeader_p6::FullElement is available
Warning in <TClass::Init>: no dictionary for class xAOD::MissingETAuxAssociationMap_v2 is available
Warning in <TClass::Init>: no dictionary for class xAOD::JetAuxContainer_v1 is available
Warning in <TClass::Init>: no dictionary for class xAOD::TauJet_v3 is available
Warning in <TClass::Init>: no dictionary for class xAOD::IParticle is available
Warning in <TClass::Init>: no dictionary for class xAOD::Vertex_v1 is available
Warning in <TClass::Init>: no dictionary for class xAOD::Jet_v1 is available
Warning in <TClass::Init>: no dictionary for class xAOD::BTagging_v1 is available
Warning in <TClass::Init>: no dictionary for class xAOD::Electron_v1 is available
Warning in <TClass::Init>: no dictionary for class xAOD::Egamma_v1 is available
Warning in <TClass::Init>: no dictionary for class xAOD::TauTrack_v1 is available
Warning in <TClass::Init>: no dictionary for class xAOD::Muon_v1 is available
Warning in <TClass::Init>: no dictionary for class xAOD::CaloCluster_v1 is available
Warning in <TClass::Init>: no dictionary for class xAOD::Photon_v1 is available
Warning in <TClass::Init>: no dictionary for class xAOD::TrigComposite_v1 is available
Warning in <TClass::Init>: no dictionary for class xAOD::TrackParticle_v1 is available
Warning in <TClass::Init>: no dictionary for class ElementLink<DataVector<xAOD::TrackParticle_v1> > is available
Warning in <TClass::Init>: no dictionary for class ElementLink<DataVector<xAOD::CaloCluster_v1> > is available
Warning in <TClass::Init>: no dictionary for class ElementLink<DataVector<xAOD::MuonSegment_v1> > is available
Warning in <TClass::Init>: no dictionary for class ElementLink<DataVector<xAOD::IParticle> > is available
Warning in <TClass::Init>: no dictionary for class ElementLink<DataVector<xAOD::Jet_v1> > is available
Warning in <TClass::Init>: no dictionary for class ElementLink<DataVector<xAOD::Egamma_v1> > is available
Warning in <TClass::Init>: no dictionary for class xAOD::MissingETAssociation_v1 is available
Warning in <TClass::Init>: no dictionary for class xAOD::MissingET_v1 is available
Warning in <TClass::Init>: no dictionary for class ElementLink<DataVector<xAOD::BTagging_v1> > is available
Warning in <TClass::Init>: no dictionary for class ElementLink<DataVector<xAOD::NeutralParticle_v1> > is available
Warning in <TClass::Init>: no dictionary for class ElementLink<DataVector<xAOD::TauTrack_v1> > is available
Warning in <TClass::Init>: no dictionary for class DataVector<xAOD::LumiBlockRange_v1> is available
Warning in <TClass::Init>: no dictionary for class DataVector<xAOD::TriggerMenuJson_v1> is available
Warning in <TClass::Init>: no dictionary for class xAOD::CutBookkeeperContainer_v1 is available
  Running compressor 'sperr' on branch 'AnalysisJetsAuxDyn.phi' (pwe=0.01)...
  Appended results to /eagle/UIC-HPC/amy/sperr-sweep.20260219_214525/results.jsonl
  Running compressor 'sperr' on branch 'AnalysisJetsAuxDyn.phi' (pwe=0.01)...
  Appended results to /eagle/UIC-HPC/amy/sperr-sweep.20260219_214525/results.jsonl
  Running compressor 'sperr' on branch 'AnalysisJetsAuxDyn.phi' (pwe=0.01)...
  Appended results to /eagle/UIC-HPC/amy/sperr-sweep.20260219_214525/results.jsonl
  Running compressor 'sperr' on branch 'AnalysisJetsAuxDyn.phi' (pwe=0.01)...
  Appended results to /eagle/UIC-HPC/amy/sperr-sweep.20260219_214525/results.jsonl
  Running compressor 'sperr' on branch 'AnalysisJetsAuxDyn.phi' (pwe=0.01)...
  Appended results to /eagle/UIC-HPC/amy/sperr-sweep.20260219_214525/results.jsonl
  Running compressor 'sperr' on branch 'AnalysisJetsAuxDyn.phi' (pwe=0.01)...
  Appended results to /eagle/UIC-HPC/amy/sperr-sweep.20260219_214525/results.jsonl
  Running compressor 'sperr' on branch 'AnalysisJetsAuxDyn.phi' (pwe=0.01)...
  Appended results to /eagle/UIC-HPC/amy/sperr-sweep.20260219_214525/results.jsonl
  Running compressor 'sperr' on branch 'AnalysisJetsAuxDyn.phi' (pwe=0.01)...
  Appended results to /eagle/UIC-HPC/amy/sperr-sweep.20260219_214525/results.jsonl
  Running compressor 'sperr' on branch 'AnalysisJetsAuxDyn.phi' (pwe=0.01)...
  Appended results to /eagle/UIC-HPC/amy/sperr-sweep.20260219_214525/results.jsonl
  Running compressor 'sperr' on branch 'AnalysisJetsAuxDyn.phi' (pwe=0.01)...
  Appended results to /eagle/UIC-HPC/amy/sperr-sweep.20260219_214525/results.jsonl
  Running compressor 'sperr' on branch 'AnalysisJetsAuxDyn.phi' (pwe=0.01)...
  Appended results to /eagle/UIC-HPC/amy/sperr-sweep.20260219_214525/results.jsonl
  Running compressor 'sperr' on branch 'AnalysisJetsAuxDyn.phi' (pwe=0.05)...
  Appended results to /eagle/UIC-HPC/amy/sperr-sweep.20260219_214525/results.jsonl
  Running compressor 'sperr' on branch 'AnalysisJetsAuxDyn.phi' (pwe=0.05)...
  Appended results to /eagle/UIC-HPC/amy/sperr-sweep.20260219_214525/results.jsonl
  Running compressor 'sperr' on branch 'AnalysisJetsAuxDyn.phi' (pwe=0.05)...
  Appended results to /eagle/UIC-HPC/amy/sperr-sweep.20260219_214525/results.jsonl
  Running compressor 'sperr' on branch 'AnalysisJetsAuxDyn.phi' (pwe=0.05)...
  Appended results to /eagle/UIC-HPC/amy/sperr-sweep.20260219_214525/results.jsonl
  Running compressor 'sperr' on branch 'AnalysisJetsAuxDyn.phi' (pwe=0.05)...
  Appended results to /eagle/UIC-HPC/amy/sperr-sweep.20260219_214525/results.jsonl
  Running compressor 'sperr' on branch 'AnalysisJetsAuxDyn.phi' (pwe=0.05)...
  Appended results to /eagle/UIC-HPC/amy/sperr-sweep.20260219_214525/results.jsonl
  Running compressor 'sperr' on branch 'AnalysisJetsAuxDyn.phi' (pwe=0.05)...
  Appended results to /eagle/UIC-HPC/amy/sperr-sweep.20260219_214525/results.jsonl
  Running compressor 'sperr' on branch 'AnalysisJetsAuxDyn.phi' (pwe=0.05)...
  Appended results to /eagle/UIC-HPC/amy/sperr-sweep.20260219_214525/results.jsonl
  Running compressor 'sperr' on branch 'AnalysisJetsAuxDyn.phi' (pwe=0.05)...
  Appended results to /eagle/UIC-HPC/amy/sperr-sweep.20260219_214525/results.jsonl
  Running compressor 'sperr' on branch 'AnalysisJetsAuxDyn.phi' (pwe=0.05)...
  Appended results to /eagle/UIC-HPC/amy/sperr-sweep.20260219_214525/results.jsonl
  Running compressor 'sperr' on branch 'AnalysisJetsAuxDyn.phi' (pwe=0.05)...
  Appended results to /eagle/UIC-HPC/amy/sperr-sweep.20260219_214525/results.jsonl
  Running compressor 'sperr' on branch 'AnalysisJetsAuxDyn.phi' (pwe=0.1)...
  Appended results to /eagle/UIC-HPC/amy/sperr-sweep.20260219_214525/results.jsonl
  Running compressor 'sperr' on branch 'AnalysisJetsAuxDyn.phi' (pwe=0.1)...
  Appended results to /eagle/UIC-HPC/amy/sperr-sweep.20260219_214525/results.jsonl
  Running compressor 'sperr' on branch 'AnalysisJetsAuxDyn.phi' (pwe=0.1)...
  Appended results to /eagle/UIC-HPC/amy/sperr-sweep.20260219_214525/results.jsonl
  Running compressor 'sperr' on branch 'AnalysisJetsAuxDyn.phi' (pwe=0.1)...
  Appended results to /eagle/UIC-HPC/amy/sperr-sweep.20260219_214525/results.jsonl
  Running compressor 'sperr' on branch 'AnalysisJetsAuxDyn.phi' (pwe=0.1)...
  Appended results to /eagle/UIC-HPC/amy/sperr-sweep.20260219_214525/results.jsonl
  Running compressor 'sperr' on branch 'AnalysisJetsAuxDyn.phi' (pwe=0.1)...
  Appended results to /eagle/UIC-HPC/amy/sperr-sweep.20260219_214525/results.jsonl
  Running compressor 'sperr' on branch 'AnalysisJetsAuxDyn.phi' (pwe=0.1)...
  Appended results to /eagle/UIC-HPC/amy/sperr-sweep.20260219_214525/results.jsonl
  Running compressor 'sperr' on branch 'AnalysisJetsAuxDyn.phi' (pwe=0.1)...
  Appended results to /eagle/UIC-HPC/amy/sperr-sweep.20260219_214525/results.jsonl
  Running compressor 'sperr' on branch 'AnalysisJetsAuxDyn.phi' (pwe=0.1)...
  Appended results to /eagle/UIC-HPC/amy/sperr-sweep.20260219_214525/results.jsonl
  Running compressor 'sperr' on branch 'AnalysisJetsAuxDyn.phi' (pwe=0.1)...
  Appended results to /eagle/UIC-HPC/amy/sperr-sweep.20260219_214525/results.jsonl
  Running compressor 'sperr' on branch 'AnalysisJetsAuxDyn.phi' (pwe=0.1)...
  Appended results to /eagle/UIC-HPC/amy/sperr-sweep.20260219_214525/results.jsonl
  Running compressor 'sperr' on branch 'AnalysisJetsAuxDyn.phi' (pwe=0.5)...
  Appended results to /eagle/UIC-HPC/amy/sperr-sweep.20260219_214525/results.jsonl
  Running compressor 'sperr' on branch 'AnalysisJetsAuxDyn.phi' (pwe=0.5)...
  Appended results to /eagle/UIC-HPC/amy/sperr-sweep.20260219_214525/results.jsonl
  Running compressor 'sperr' on branch 'AnalysisJetsAuxDyn.phi' (pwe=0.5)...
  Appended results to /eagle/UIC-HPC/amy/sperr-sweep.20260219_214525/results.jsonl
  Running compressor 'sperr' on branch 'AnalysisJetsAuxDyn.phi' (pwe=0.5)...
  Appended results to /eagle/UIC-HPC/amy/sperr-sweep.20260219_214525/results.jsonl
  Running compressor 'sperr' on branch 'AnalysisJetsAuxDyn.phi' (pwe=0.5)...
  Appended results to /eagle/UIC-HPC/amy/sperr-sweep.20260219_214525/results.jsonl
  Running compressor 'sperr' on branch 'AnalysisJetsAuxDyn.phi' (pwe=0.5)...
  Appended results to /eagle/UIC-HPC/amy/sperr-sweep.20260219_214525/results.jsonl
  Running compressor 'sperr' on branch 'AnalysisJetsAuxDyn.phi' (pwe=0.5)...
  Appended results to /eagle/UIC-HPC/amy/sperr-sweep.20260219_214525/results.jsonl
  Running compressor 'sperr' on branch 'AnalysisJetsAuxDyn.phi' (pwe=0.5)...
  Appended results to /eagle/UIC-HPC/amy/sperr-sweep.20260219_214525/results.jsonl
  Running compressor 'sperr' on branch 'AnalysisJetsAuxDyn.phi' (pwe=0.5)...
  Appended results to /eagle/UIC-HPC/amy/sperr-sweep.20260219_214525/results.jsonl
  Running compressor 'sperr' on branch 'AnalysisJetsAuxDyn.phi' (pwe=0.5)...
  Appended results to /eagle/UIC-HPC/amy/sperr-sweep.20260219_214525/results.jsonl
  Running compressor 'sperr' on branch 'AnalysisJetsAuxDyn.phi' (pwe=0.5)...
  Appended results to /eagle/UIC-HPC/amy/sperr-sweep.20260219_214525/results.jsonl
