Reading data for branch 'lep_pt'...
  Compressing branch 'lep_pt' with compressor 'sperr' (bitrate=2)...
  Appended results to data/muon-sperr-sweep/results.jsonl
  Compressing branch 'lep_pt' with compressor 'sperr' (bitrate=2)...
  Appended results to data/muon-sperr-sweep/results.jsonl
  Compressing branch 'lep_pt' with compressor 'sperr' (bitrate=2)...
  Appended results to data/muon-sperr-sweep/results.jsonl
  Compressing branch 'lep_pt' with compressor 'sperr' (bitrate=2)...
  Appended results to data/muon-sperr-sweep/results.jsonl
  Compressing branch 'lep_pt' with compressor 'sperr' (bitrate=2)...
  Appended results to data/muon-sperr-sweep/results.jsonl
  Compressing branch 'lep_pt' with compressor 'sperr' (bitrate=2)...
  Appended results to data/muon-sperr-sweep/results.jsonl
  Compressing branch 'lep_pt' with compressor 'sperr' (bitrate=2)...
  Appended results to data/muon-sperr-sweep/results.jsonl
  Compressing branch 'lep_pt' with compressor 'sperr' (bitrate=2)...
  Appended results to data/muon-sperr-sweep/results.jsonl
  Compressing branch 'lep_pt' with compressor 'sperr' (bitrate=2)...
  Appended results to data/muon-sperr-sweep/results.jsonl
  Compressing branch 'lep_pt' with compressor 'sperr' (bitrate=2)...
  Appended results to data/muon-sperr-sweep/results.jsonl
  Compressing branch 'lep_pt' with compressor 'sperr' (bitrate=2)...
  Appended results to data/muon-sperr-sweep/results.jsonl
  Compressing branch 'lep_pt' with compressor 'sperr' (bitrate=4)...
  Appended results to data/muon-sperr-sweep/results.jsonl
  Compressing branch 'lep_pt' with compressor 'sperr' (bitrate=4)...
  Appended results to data/muon-sperr-sweep/results.jsonl
  Compressing branch 'lep_pt' with compressor 'sperr' (bitrate=4)...
  Appended results to data/muon-sperr-sweep/results.jsonl
  Compressing branch 'lep_pt' with compressor 'sperr' (bitrate=4)...
  Appended results to data/muon-sperr-sweep/results.jsonl
  Compressing branch 'lep_pt' with compressor 'sperr' (bitrate=4)...
  Appended results to data/muon-sperr-sweep/results.jsonl
  Compressing branch 'lep_pt' with compressor 'sperr' (bitrate=4)...
  Appended results to data/muon-sperr-sweep/results.jsonl
  Compressing branch 'lep_pt' with compressor 'sperr' (bitrate=4)...
  Appended results to data/muon-sperr-sweep/results.jsonl
  Compressing branch 'lep_pt' with compressor 'sperr' (bitrate=4)...
  Appended results to data/muon-sperr-sweep/results.jsonl
  Compressing branch 'lep_pt' with compressor 'sperr' (bitrate=4)...
  Appended results to data/muon-sperr-sweep/results.jsonl
  Compressing branch 'lep_pt' with compressor 'sperr' (bitrate=4)...
  Appended results to data/muon-sperr-sweep/results.jsonl
  Compressing branch 'lep_pt' with compressor 'sperr' (bitrate=4)...
  Appended results to data/muon-sperr-sweep/results.jsonl
  Compressing branch 'lep_pt' with compressor 'sperr' (bitrate=8)...
  Appended results to data/muon-sperr-sweep/results.jsonl
  Compressing branch 'lep_pt' with compressor 'sperr' (bitrate=8)...
  Appended results to data/muon-sperr-sweep/results.jsonl
  Compressing branch 'lep_pt' with compressor 'sperr' (bitrate=8)...
  Appended results to data/muon-sperr-sweep/results.jsonl
  Compressing branch 'lep_pt' with compressor 'sperr' (bitrate=8)...
  Appended results to data/muon-sperr-sweep/results.jsonl
  Compressing branch 'lep_pt' with compressor 'sperr' (bitrate=8)...
  Appended results to data/muon-sperr-sweep/results.jsonl
  Compressing branch 'lep_pt' with compressor 'sperr' (bitrate=8)...
  Appended results to data/muon-sperr-sweep/results.jsonl
  Compressing branch 'lep_pt' with compressor 'sperr' (bitrate=8)...
  Appended results to data/muon-sperr-sweep/results.jsonl
  Compressing branch 'lep_pt' with compressor 'sperr' (bitrate=8)...
  Appended results to data/muon-sperr-sweep/results.jsonl
  Compressing branch 'lep_pt' with compressor 'sperr' (bitrate=8)...
  Appended results to data/muon-sperr-sweep/results.jsonl
  Compressing branch 'lep_pt' with compressor 'sperr' (bitrate=8)...
  Appended results to data/muon-sperr-sweep/results.jsonl
  Compressing branch 'lep_pt' with compressor 'sperr' (bitrate=8)...
  Appended results to data/muon-sperr-sweep/results.jsonl
  Compressing branch 'lep_pt' with compressor 'sperr' (bitrate=10)...
  Appended results to data/muon-sperr-sweep/results.jsonl
  Compressing branch 'lep_pt' with compressor 'sperr' (bitrate=10)...
  Appended results to data/muon-sperr-sweep/results.jsonl
  Compressing branch 'lep_pt' with compressor 'sperr' (bitrate=10)...
  Appended results to data/muon-sperr-sweep/results.jsonl
  Compressing branch 'lep_pt' with compressor 'sperr' (bitrate=10)...
  Appended results to data/muon-sperr-sweep/results.jsonl
  Compressing branch 'lep_pt' with compressor 'sperr' (bitrate=10)...
  Appended results to data/muon-sperr-sweep/results.jsonl
  Compressing branch 'lep_pt' with compressor 'sperr' (bitrate=10)...
  Appended results to data/muon-sperr-sweep/results.jsonl
  Compressing branch 'lep_pt' with compressor 'sperr' (bitrate=10)...
  Appended results to data/muon-sperr-sweep/results.jsonl
  Compressing branch 'lep_pt' with compressor 'sperr' (bitrate=10)...
  Appended results to data/muon-sperr-sweep/results.jsonl
  Compressing branch 'lep_pt' with compressor 'sperr' (bitrate=10)...
  Appended results to data/muon-sperr-sweep/results.jsonl
  Compressing branch 'lep_pt' with compressor 'sperr' (bitrate=10)...
  Appended results to data/muon-sperr-sweep/results.jsonl
  Compressing branch 'lep_pt' with compressor 'sperr' (bitrate=10)...
  Appended results to data/muon-sperr-sweep/results.jsonl
  Compressing branch 'lep_pt' with compressor 'sperr' (bitrate=12)...
  Appended results to data/muon-sperr-sweep/results.jsonl
  Compressing branch 'lep_pt' with compressor 'sperr' (bitrate=12)...
  Appended results to data/muon-sperr-sweep/results.jsonl
  Compressing branch 'lep_pt' with compressor 'sperr' (bitrate=12)...
  Appended results to data/muon-sperr-sweep/results.jsonl
  Compressing branch 'lep_pt' with compressor 'sperr' (bitrate=12)...
  Appended results to data/muon-sperr-sweep/results.jsonl
  Compressing branch 'lep_pt' with compressor 'sperr' (bitrate=12)...
  Appended results to data/muon-sperr-sweep/results.jsonl
  Compressing branch 'lep_pt' with compressor 'sperr' (bitrate=12)...
  Appended results to data/muon-sperr-sweep/results.jsonl
  Compressing branch 'lep_pt' with compressor 'sperr' (bitrate=12)...
  Appended results to data/muon-sperr-sweep/results.jsonl
  Compressing branch 'lep_pt' with compressor 'sperr' (bitrate=12)...
  Appended results to data/muon-sperr-sweep/results.jsonl
  Compressing branch 'lep_pt' with compressor 'sperr' (bitrate=12)...
  Appended results to data/muon-sperr-sweep/results.jsonl
  Compressing branch 'lep_pt' with compressor 'sperr' (bitrate=12)...
  Appended results to data/muon-sperr-sweep/results.jsonl
  Compressing branch 'lep_pt' with compressor 'sperr' (bitrate=12)...
  Appended results to data/muon-sperr-sweep/results.jsonl
  Compressing branch 'lep_pt' with compressor 'sperr' (bitrate=16)...
  Appended results to data/muon-sperr-sweep/results.jsonl
  Compressing branch 'lep_pt' with compressor 'sperr' (bitrate=16)...
  Appended results to data/muon-sperr-sweep/results.jsonl
  Compressing branch 'lep_pt' with compressor 'sperr' (bitrate=16)...
  Appended results to data/muon-sperr-sweep/results.jsonl
  Compressing branch 'lep_pt' with compressor 'sperr' (bitrate=16)...
  Appended results to data/muon-sperr-sweep/results.jsonl
  Compressing branch 'lep_pt' with compressor 'sperr' (bitrate=16)...
  Appended results to data/muon-sperr-sweep/results.jsonl
  Compressing branch 'lep_pt' with compressor 'sperr' (bitrate=16)...
  Appended results to data/muon-sperr-sweep/results.jsonl
  Compressing branch 'lep_pt' with compressor 'sperr' (bitrate=16)...
  Appended results to data/muon-sperr-sweep/results.jsonl
  Compressing branch 'lep_pt' with compressor 'sperr' (bitrate=16)...
  Appended results to data/muon-sperr-sweep/results.jsonl
  Compressing branch 'lep_pt' with compressor 'sperr' (bitrate=16)...
  Appended results to data/muon-sperr-sweep/results.jsonl
  Compressing branch 'lep_pt' with compressor 'sperr' (bitrate=16)...
  Appended results to data/muon-sperr-sweep/results.jsonl
  Compressing branch 'lep_pt' with compressor 'sperr' (bitrate=16)...
  Appended results to data/muon-sperr-sweep/results.jsonl
  Compressing branch 'lep_pt' with compressor 'sperr' (bitrate=20)...
  Appended results to data/muon-sperr-sweep/results.jsonl
  Compressing branch 'lep_pt' with compressor 'sperr' (bitrate=20)...
  Appended results to data/muon-sperr-sweep/results.jsonl
  Compressing branch 'lep_pt' with compressor 'sperr' (bitrate=20)...
  Appended results to data/muon-sperr-sweep/results.jsonl
  Compressing branch 'lep_pt' with compressor 'sperr' (bitrate=20)...
  Appended results to data/muon-sperr-sweep/results.jsonl
  Compressing branch 'lep_pt' with compressor 'sperr' (bitrate=20)...
  Appended results to data/muon-sperr-sweep/results.jsonl
  Compressing branch 'lep_pt' with compressor 'sperr' (bitrate=20)...
  Appended results to data/muon-sperr-sweep/results.jsonl
  Compressing branch 'lep_pt' with compressor 'sperr' (bitrate=20)...
  Appended results to data/muon-sperr-sweep/results.jsonl
  Compressing branch 'lep_pt' with compressor 'sperr' (bitrate=20)...
  Appended results to data/muon-sperr-sweep/results.jsonl
  Compressing branch 'lep_pt' with compressor 'sperr' (bitrate=20)...
  Appended results to data/muon-sperr-sweep/results.jsonl
  Compressing branch 'lep_pt' with compressor 'sperr' (bitrate=20)...
  Appended results to data/muon-sperr-sweep/results.jsonl
  Compressing branch 'lep_pt' with compressor 'sperr' (bitrate=20)...
  Appended results to data/muon-sperr-sweep/results.jsonl
  Compressing branch 'lep_pt' with compressor 'sperr' (bitrate=24)...
  Appended results to data/muon-sperr-sweep/results.jsonl
  Compressing branch 'lep_pt' with compressor 'sperr' (bitrate=24)...
  Appended results to data/muon-sperr-sweep/results.jsonl
  Compressing branch 'lep_pt' with compressor 'sperr' (bitrate=24)...
  Appended results to data/muon-sperr-sweep/results.jsonl
  Compressing branch 'lep_pt' with compressor 'sperr' (bitrate=24)...
  Appended results to data/muon-sperr-sweep/results.jsonl
  Compressing branch 'lep_pt' with compressor 'sperr' (bitrate=24)...
  Appended results to data/muon-sperr-sweep/results.jsonl
  Compressing branch 'lep_pt' with compressor 'sperr' (bitrate=24)...
  Appended results to data/muon-sperr-sweep/results.jsonl
  Compressing branch 'lep_pt' with compressor 'sperr' (bitrate=24)...
  Appended results to data/muon-sperr-sweep/results.jsonl
  Compressing branch 'lep_pt' with compressor 'sperr' (bitrate=24)...
  Appended results to data/muon-sperr-sweep/results.jsonl
  Compressing branch 'lep_pt' with compressor 'sperr' (bitrate=24)...
  Appended results to data/muon-sperr-sweep/results.jsonl
  Compressing branch 'lep_pt' with compressor 'sperr' (bitrate=24)...
  Appended results to data/muon-sperr-sweep/results.jsonl
  Compressing branch 'lep_pt' with compressor 'sperr' (bitrate=24)...
  Appended results to data/muon-sperr-sweep/results.jsonl
  Compressing branch 'lep_pt' with compressor 'sperr' (bitrate=26)...
  Appended results to data/muon-sperr-sweep/results.jsonl
  Compressing branch 'lep_pt' with compressor 'sperr' (bitrate=26)...
  Appended results to data/muon-sperr-sweep/results.jsonl
  Compressing branch 'lep_pt' with compressor 'sperr' (bitrate=26)...
  Appended results to data/muon-sperr-sweep/results.jsonl
  Compressing branch 'lep_pt' with compressor 'sperr' (bitrate=26)...
  Appended results to data/muon-sperr-sweep/results.jsonl
  Compressing branch 'lep_pt' with compressor 'sperr' (bitrate=26)...
  Appended results to data/muon-sperr-sweep/results.jsonl
  Compressing branch 'lep_pt' with compressor 'sperr' (bitrate=26)...
  Appended results to data/muon-sperr-sweep/results.jsonl
  Compressing branch 'lep_pt' with compressor 'sperr' (bitrate=26)...
  Appended results to data/muon-sperr-sweep/results.jsonl
  Compressing branch 'lep_pt' with compressor 'sperr' (bitrate=26)...
  Appended results to data/muon-sperr-sweep/results.jsonl
  Compressing branch 'lep_pt' with compressor 'sperr' (bitrate=26)...
  Appended results to data/muon-sperr-sweep/results.jsonl
  Compressing branch 'lep_pt' with compressor 'sperr' (bitrate=26)...
  Appended results to data/muon-sperr-sweep/results.jsonl
  Compressing branch 'lep_pt' with compressor 'sperr' (bitrate=26)...
  Appended results to data/muon-sperr-sweep/results.jsonl
  Compressing branch 'lep_pt' with compressor 'sperr' (bitrate=28)...
  Appended results to data/muon-sperr-sweep/results.jsonl
  Compressing branch 'lep_pt' with compressor 'sperr' (bitrate=28)...
  Appended results to data/muon-sperr-sweep/results.jsonl
  Compressing branch 'lep_pt' with compressor 'sperr' (bitrate=28)...
  Appended results to data/muon-sperr-sweep/results.jsonl
  Compressing branch 'lep_pt' with compressor 'sperr' (bitrate=28)...
  Appended results to data/muon-sperr-sweep/results.jsonl
  Compressing branch 'lep_pt' with compressor 'sperr' (bitrate=28)...
  Appended results to data/muon-sperr-sweep/results.jsonl
  Compressing branch 'lep_pt' with compressor 'sperr' (bitrate=28)...
  Appended results to data/muon-sperr-sweep/results.jsonl
  Compressing branch 'lep_pt' with compressor 'sperr' (bitrate=28)...
  Appended results to data/muon-sperr-sweep/results.jsonl
  Compressing branch 'lep_pt' with compressor 'sperr' (bitrate=28)...
  Appended results to data/muon-sperr-sweep/results.jsonl
  Compressing branch 'lep_pt' with compressor 'sperr' (bitrate=28)...
  Appended results to data/muon-sperr-sweep/results.jsonl
  Compressing branch 'lep_pt' with compressor 'sperr' (bitrate=28)...
  Appended results to data/muon-sperr-sweep/results.jsonl
  Compressing branch 'lep_pt' with compressor 'sperr' (bitrate=28)...
  Appended results to data/muon-sperr-sweep/results.jsonl
  Compressing branch 'lep_pt' with compressor 'sperr' (bitrate=30)...
  Appended results to data/muon-sperr-sweep/results.jsonl
  Compressing branch 'lep_pt' with compressor 'sperr' (bitrate=30)...
  Appended results to data/muon-sperr-sweep/results.jsonl
  Compressing branch 'lep_pt' with compressor 'sperr' (bitrate=30)...
  Appended results to data/muon-sperr-sweep/results.jsonl
  Compressing branch 'lep_pt' with compressor 'sperr' (bitrate=30)...
  Appended results to data/muon-sperr-sweep/results.jsonl
  Compressing branch 'lep_pt' with compressor 'sperr' (bitrate=30)...
  Appended results to data/muon-sperr-sweep/results.jsonl
  Compressing branch 'lep_pt' with compressor 'sperr' (bitrate=30)...
  Appended results to data/muon-sperr-sweep/results.jsonl
  Compressing branch 'lep_pt' with compressor 'sperr' (bitrate=30)...
  Appended results to data/muon-sperr-sweep/results.jsonl
  Compressing branch 'lep_pt' with compressor 'sperr' (bitrate=30)...
  Appended results to data/muon-sperr-sweep/results.jsonl
  Compressing branch 'lep_pt' with compressor 'sperr' (bitrate=30)...
  Appended results to data/muon-sperr-sweep/results.jsonl
  Compressing branch 'lep_pt' with compressor 'sperr' (bitrate=30)...
  Appended results to data/muon-sperr-sweep/results.jsonl
  Compressing branch 'lep_pt' with compressor 'sperr' (bitrate=30)...
  Appended results to data/muon-sperr-sweep/results.jsonl
  Compressing branch 'lep_pt' with compressor 'sperr' (bitrate=32)...
  Appended results to data/muon-sperr-sweep/results.jsonl
  Compressing branch 'lep_pt' with compressor 'sperr' (bitrate=32)...
  Appended results to data/muon-sperr-sweep/results.jsonl
  Compressing branch 'lep_pt' with compressor 'sperr' (bitrate=32)...
  Appended results to data/muon-sperr-sweep/results.jsonl
  Compressing branch 'lep_pt' with compressor 'sperr' (bitrate=32)...
  Appended results to data/muon-sperr-sweep/results.jsonl
  Compressing branch 'lep_pt' with compressor 'sperr' (bitrate=32)...
  Appended results to data/muon-sperr-sweep/results.jsonl
  Compressing branch 'lep_pt' with compressor 'sperr' (bitrate=32)...
  Appended results to data/muon-sperr-sweep/results.jsonl
  Compressing branch 'lep_pt' with compressor 'sperr' (bitrate=32)...
  Appended results to data/muon-sperr-sweep/results.jsonl
  Compressing branch 'lep_pt' with compressor 'sperr' (bitrate=32)...
  Appended results to data/muon-sperr-sweep/results.jsonl
  Compressing branch 'lep_pt' with compressor 'sperr' (bitrate=32)...
  Appended results to data/muon-sperr-sweep/results.jsonl
  Compressing branch 'lep_pt' with compressor 'sperr' (bitrate=32)...
  Appended results to data/muon-sperr-sweep/results.jsonl
  Compressing branch 'lep_pt' with compressor 'sperr' (bitrate=32)...
  Appended results to data/muon-sperr-sweep/results.jsonl
  Compressing branch 'lep_pt' with compressor 'sperr' (pwe=100)...
  Appended results to data/muon-sperr-sweep/results.jsonl
  Compressing branch 'lep_pt' with compressor 'sperr' (pwe=100)...
  Appended results to data/muon-sperr-sweep/results.jsonl
  Compressing branch 'lep_pt' with compressor 'sperr' (pwe=100)...
  Appended results to data/muon-sperr-sweep/results.jsonl
  Compressing branch 'lep_pt' with compressor 'sperr' (pwe=100)...
  Appended results to data/muon-sperr-sweep/results.jsonl
  Compressing branch 'lep_pt' with compressor 'sperr' (pwe=100)...
  Appended results to data/muon-sperr-sweep/results.jsonl
  Compressing branch 'lep_pt' with compressor 'sperr' (pwe=100)...
  Appended results to data/muon-sperr-sweep/results.jsonl
  Compressing branch 'lep_pt' with compressor 'sperr' (pwe=100)...
  Appended results to data/muon-sperr-sweep/results.jsonl
  Compressing branch 'lep_pt' with compressor 'sperr' (pwe=100)...
  Appended results to data/muon-sperr-sweep/results.jsonl
  Compressing branch 'lep_pt' with compressor 'sperr' (pwe=100)...
  Appended results to data/muon-sperr-sweep/results.jsonl
  Compressing branch 'lep_pt' with compressor 'sperr' (pwe=100)...
  Appended results to data/muon-sperr-sweep/results.jsonl
  Compressing branch 'lep_pt' with compressor 'sperr' (pwe=100)...
  Appended results to data/muon-sperr-sweep/results.jsonl
  Compressing branch 'lep_pt' with compressor 'sperr' (pwe=10)...
  Appended results to data/muon-sperr-sweep/results.jsonl
  Compressing branch 'lep_pt' with compressor 'sperr' (pwe=10)...
  Appended results to data/muon-sperr-sweep/results.jsonl
  Compressing branch 'lep_pt' with compressor 'sperr' (pwe=10)...
  Appended results to data/muon-sperr-sweep/results.jsonl
  Compressing branch 'lep_pt' with compressor 'sperr' (pwe=10)...
  Appended results to data/muon-sperr-sweep/results.jsonl
  Compressing branch 'lep_pt' with compressor 'sperr' (pwe=10)...
  Appended results to data/muon-sperr-sweep/results.jsonl
  Compressing branch 'lep_pt' with compressor 'sperr' (pwe=10)...
  Appended results to data/muon-sperr-sweep/results.jsonl
  Compressing branch 'lep_pt' with compressor 'sperr' (pwe=10)...
  Appended results to data/muon-sperr-sweep/results.jsonl
  Compressing branch 'lep_pt' with compressor 'sperr' (pwe=10)...
  Appended results to data/muon-sperr-sweep/results.jsonl
  Compressing branch 'lep_pt' with compressor 'sperr' (pwe=10)...
  Appended results to data/muon-sperr-sweep/results.jsonl
  Compressing branch 'lep_pt' with compressor 'sperr' (pwe=10)...
  Appended results to data/muon-sperr-sweep/results.jsonl
  Compressing branch 'lep_pt' with compressor 'sperr' (pwe=10)...
  Appended results to data/muon-sperr-sweep/results.jsonl
  Compressing branch 'lep_pt' with compressor 'sperr' (pwe=1)...
  Appended results to data/muon-sperr-sweep/results.jsonl
  Compressing branch 'lep_pt' with compressor 'sperr' (pwe=1)...
  Appended results to data/muon-sperr-sweep/results.jsonl
  Compressing branch 'lep_pt' with compressor 'sperr' (pwe=1)...
  Appended results to data/muon-sperr-sweep/results.jsonl
  Compressing branch 'lep_pt' with compressor 'sperr' (pwe=1)...
  Appended results to data/muon-sperr-sweep/results.jsonl
  Compressing branch 'lep_pt' with compressor 'sperr' (pwe=1)...
  Appended results to data/muon-sperr-sweep/results.jsonl
  Compressing branch 'lep_pt' with compressor 'sperr' (pwe=1)...
  Appended results to data/muon-sperr-sweep/results.jsonl
  Compressing branch 'lep_pt' with compressor 'sperr' (pwe=1)...
  Appended results to data/muon-sperr-sweep/results.jsonl
  Compressing branch 'lep_pt' with compressor 'sperr' (pwe=1)...
  Appended results to data/muon-sperr-sweep/results.jsonl
  Compressing branch 'lep_pt' with compressor 'sperr' (pwe=1)...
  Appended results to data/muon-sperr-sweep/results.jsonl
  Compressing branch 'lep_pt' with compressor 'sperr' (pwe=1)...
  Appended results to data/muon-sperr-sweep/results.jsonl
  Compressing branch 'lep_pt' with compressor 'sperr' (pwe=1)...
  Appended results to data/muon-sperr-sweep/results.jsonl
  Compressing branch 'lep_pt' with compressor 'sperr' (pwe=0.1)...
  Appended results to data/muon-sperr-sweep/results.jsonl
  Compressing branch 'lep_pt' with compressor 'sperr' (pwe=0.1)...
  Appended results to data/muon-sperr-sweep/results.jsonl
  Compressing branch 'lep_pt' with compressor 'sperr' (pwe=0.1)...
  Appended results to data/muon-sperr-sweep/results.jsonl
  Compressing branch 'lep_pt' with compressor 'sperr' (pwe=0.1)...
  Appended results to data/muon-sperr-sweep/results.jsonl
  Compressing branch 'lep_pt' with compressor 'sperr' (pwe=0.1)...
  Appended results to data/muon-sperr-sweep/results.jsonl
  Compressing branch 'lep_pt' with compressor 'sperr' (pwe=0.1)...
  Appended results to data/muon-sperr-sweep/results.jsonl
  Compressing branch 'lep_pt' with compressor 'sperr' (pwe=0.1)...
  Appended results to data/muon-sperr-sweep/results.jsonl
  Compressing branch 'lep_pt' with compressor 'sperr' (pwe=0.1)...
  Appended results to data/muon-sperr-sweep/results.jsonl
  Compressing branch 'lep_pt' with compressor 'sperr' (pwe=0.1)...
  Appended results to data/muon-sperr-sweep/results.jsonl
  Compressing branch 'lep_pt' with compressor 'sperr' (pwe=0.1)...
  Appended results to data/muon-sperr-sweep/results.jsonl
  Compressing branch 'lep_pt' with compressor 'sperr' (pwe=0.1)...
  Appended results to data/muon-sperr-sweep/results.jsonl
  Compressing branch 'lep_pt' with compressor 'sperr' (pwe=0.01)...
  Appended results to data/muon-sperr-sweep/results.jsonl
  Compressing branch 'lep_pt' with compressor 'sperr' (pwe=0.01)...
  Appended results to data/muon-sperr-sweep/results.jsonl
  Compressing branch 'lep_pt' with compressor 'sperr' (pwe=0.01)...
  Appended results to data/muon-sperr-sweep/results.jsonl
  Compressing branch 'lep_pt' with compressor 'sperr' (pwe=0.01)...
  Appended results to data/muon-sperr-sweep/results.jsonl
  Compressing branch 'lep_pt' with compressor 'sperr' (pwe=0.01)...
  Appended results to data/muon-sperr-sweep/results.jsonl
  Compressing branch 'lep_pt' with compressor 'sperr' (pwe=0.01)...
  Appended results to data/muon-sperr-sweep/results.jsonl
  Compressing branch 'lep_pt' with compressor 'sperr' (pwe=0.01)...
  Appended results to data/muon-sperr-sweep/results.jsonl
  Compressing branch 'lep_pt' with compressor 'sperr' (pwe=0.01)...
  Appended results to data/muon-sperr-sweep/results.jsonl
  Compressing branch 'lep_pt' with compressor 'sperr' (pwe=0.01)...
  Appended results to data/muon-sperr-sweep/results.jsonl
  Compressing branch 'lep_pt' with compressor 'sperr' (pwe=0.01)...
  Appended results to data/muon-sperr-sweep/results.jsonl
  Compressing branch 'lep_pt' with compressor 'sperr' (pwe=0.01)...
  Appended results to data/muon-sperr-sweep/results.jsonl
  Compressing branch 'lep_pt' with compressor 'sperr' (pwe=0.001)...
  Appended results to data/muon-sperr-sweep/results.jsonl
  Compressing branch 'lep_pt' with compressor 'sperr' (pwe=0.001)...
  Appended results to data/muon-sperr-sweep/results.jsonl
  Compressing branch 'lep_pt' with compressor 'sperr' (pwe=0.001)...
  Appended results to data/muon-sperr-sweep/results.jsonl
  Compressing branch 'lep_pt' with compressor 'sperr' (pwe=0.001)...
  Appended results to data/muon-sperr-sweep/results.jsonl
  Compressing branch 'lep_pt' with compressor 'sperr' (pwe=0.001)...
  Appended results to data/muon-sperr-sweep/results.jsonl
  Compressing branch 'lep_pt' with compressor 'sperr' (pwe=0.001)...
  Appended results to data/muon-sperr-sweep/results.jsonl
  Compressing branch 'lep_pt' with compressor 'sperr' (pwe=0.001)...
  Appended results to data/muon-sperr-sweep/results.jsonl
  Compressing branch 'lep_pt' with compressor 'sperr' (pwe=0.001)...
  Appended results to data/muon-sperr-sweep/results.jsonl
  Compressing branch 'lep_pt' with compressor 'sperr' (pwe=0.001)...
  Appended results to data/muon-sperr-sweep/results.jsonl
  Compressing branch 'lep_pt' with compressor 'sperr' (pwe=0.001)...
  Appended results to data/muon-sperr-sweep/results.jsonl
  Compressing branch 'lep_pt' with compressor 'sperr' (pwe=0.001)...
  Appended results to data/muon-sperr-sweep/results.jsonl
  Compressing branch 'lep_pt' with compressor 'sperr' (pwe=0.0001)...
  Appended results to data/muon-sperr-sweep/results.jsonl
  Compressing branch 'lep_pt' with compressor 'sperr' (pwe=0.0001)...
  Appended results to data/muon-sperr-sweep/results.jsonl
  Compressing branch 'lep_pt' with compressor 'sperr' (pwe=0.0001)...
  Appended results to data/muon-sperr-sweep/results.jsonl
  Compressing branch 'lep_pt' with compressor 'sperr' (pwe=0.0001)...
  Appended results to data/muon-sperr-sweep/results.jsonl
  Compressing branch 'lep_pt' with compressor 'sperr' (pwe=0.0001)...
  Appended results to data/muon-sperr-sweep/results.jsonl
  Compressing branch 'lep_pt' with compressor 'sperr' (pwe=0.0001)...
  Appended results to data/muon-sperr-sweep/results.jsonl
  Compressing branch 'lep_pt' with compressor 'sperr' (pwe=0.0001)...
  Appended results to data/muon-sperr-sweep/results.jsonl
  Compressing branch 'lep_pt' with compressor 'sperr' (pwe=0.0001)...
  Appended results to data/muon-sperr-sweep/results.jsonl
  Compressing branch 'lep_pt' with compressor 'sperr' (pwe=0.0001)...
  Appended results to data/muon-sperr-sweep/results.jsonl
  Compressing branch 'lep_pt' with compressor 'sperr' (pwe=0.0001)...
  Appended results to data/muon-sperr-sweep/results.jsonl
  Compressing branch 'lep_pt' with compressor 'sperr' (pwe=0.0001)...
  Appended results to data/muon-sperr-sweep/results.jsonl
  Compressing branch 'lep_pt' with compressor 'sperr' (pwe=1e-05)...
  Appended results to data/muon-sperr-sweep/results.jsonl
  Compressing branch 'lep_pt' with compressor 'sperr' (pwe=1e-05)...
  Appended results to data/muon-sperr-sweep/results.jsonl
  Compressing branch 'lep_pt' with compressor 'sperr' (pwe=1e-05)...
  Appended results to data/muon-sperr-sweep/results.jsonl
  Compressing branch 'lep_pt' with compressor 'sperr' (pwe=1e-05)...
  Appended results to data/muon-sperr-sweep/results.jsonl
  Compressing branch 'lep_pt' with compressor 'sperr' (pwe=1e-05)...
  Appended results to data/muon-sperr-sweep/results.jsonl
  Compressing branch 'lep_pt' with compressor 'sperr' (pwe=1e-05)...
  Appended results to data/muon-sperr-sweep/results.jsonl
  Compressing branch 'lep_pt' with compressor 'sperr' (pwe=1e-05)...
  Appended results to data/muon-sperr-sweep/results.jsonl
  Compressing branch 'lep_pt' with compressor 'sperr' (pwe=1e-05)...
  Appended results to data/muon-sperr-sweep/results.jsonl
  Compressing branch 'lep_pt' with compressor 'sperr' (pwe=1e-05)...
  Appended results to data/muon-sperr-sweep/results.jsonl
  Compressing branch 'lep_pt' with compressor 'sperr' (pwe=1e-05)...
  Appended results to data/muon-sperr-sweep/results.jsonl
  Compressing branch 'lep_pt' with compressor 'sperr' (pwe=1e-05)...
  Appended results to data/muon-sperr-sweep/results.jsonl
  Compressing branch 'lep_pt' with compressor 'sperr' (pwe=1e-06)...
  Appended results to data/muon-sperr-sweep/results.jsonl
  Compressing branch 'lep_pt' with compressor 'sperr' (pwe=1e-06)...
  Appended results to data/muon-sperr-sweep/results.jsonl
  Compressing branch 'lep_pt' with compressor 'sperr' (pwe=1e-06)...
  Appended results to data/muon-sperr-sweep/results.jsonl
  Compressing branch 'lep_pt' with compressor 'sperr' (pwe=1e-06)...
  Appended results to data/muon-sperr-sweep/results.jsonl
  Compressing branch 'lep_pt' with compressor 'sperr' (pwe=1e-06)...
  Appended results to data/muon-sperr-sweep/results.jsonl
  Compressing branch 'lep_pt' with compressor 'sperr' (pwe=1e-06)...
  Appended results to data/muon-sperr-sweep/results.jsonl
  Compressing branch 'lep_pt' with compressor 'sperr' (pwe=1e-06)...
  Appended results to data/muon-sperr-sweep/results.jsonl
  Compressing branch 'lep_pt' with compressor 'sperr' (pwe=1e-06)...
  Appended results to data/muon-sperr-sweep/results.jsonl
  Compressing branch 'lep_pt' with compressor 'sperr' (pwe=1e-06)...
  Appended results to data/muon-sperr-sweep/results.jsonl
  Compressing branch 'lep_pt' with compressor 'sperr' (pwe=1e-06)...
  Appended results to data/muon-sperr-sweep/results.jsonl
  Compressing branch 'lep_pt' with compressor 'sperr' (pwe=1e-06)...
  Appended results to data/muon-sperr-sweep/results.jsonl
Reading data for branch 'lep_eta'...
  Compressing branch 'lep_eta' with compressor 'sperr' (bitrate=2)...
  Appended results to data/muon-sperr-sweep/results.jsonl
  Compressing branch 'lep_eta' with compressor 'sperr' (bitrate=2)...
  Appended results to data/muon-sperr-sweep/results.jsonl
  Compressing branch 'lep_eta' with compressor 'sperr' (bitrate=2)...
  Appended results to data/muon-sperr-sweep/results.jsonl
  Compressing branch 'lep_eta' with compressor 'sperr' (bitrate=2)...
  Appended results to data/muon-sperr-sweep/results.jsonl
  Compressing branch 'lep_eta' with compressor 'sperr' (bitrate=2)...
  Appended results to data/muon-sperr-sweep/results.jsonl
  Compressing branch 'lep_eta' with compressor 'sperr' (bitrate=2)...
  Appended results to data/muon-sperr-sweep/results.jsonl
  Compressing branch 'lep_eta' with compressor 'sperr' (bitrate=2)...
  Appended results to data/muon-sperr-sweep/results.jsonl
  Compressing branch 'lep_eta' with compressor 'sperr' (bitrate=2)...
  Appended results to data/muon-sperr-sweep/results.jsonl
  Compressing branch 'lep_eta' with compressor 'sperr' (bitrate=2)...
  Appended results to data/muon-sperr-sweep/results.jsonl
  Compressing branch 'lep_eta' with compressor 'sperr' (bitrate=2)...
  Appended results to data/muon-sperr-sweep/results.jsonl
  Compressing branch 'lep_eta' with compressor 'sperr' (bitrate=2)...
  Appended results to data/muon-sperr-sweep/results.jsonl
  Compressing branch 'lep_eta' with compressor 'sperr' (bitrate=4)...
  Appended results to data/muon-sperr-sweep/results.jsonl
  Compressing branch 'lep_eta' with compressor 'sperr' (bitrate=4)...
  Appended results to data/muon-sperr-sweep/results.jsonl
  Compressing branch 'lep_eta' with compressor 'sperr' (bitrate=4)...
  Appended results to data/muon-sperr-sweep/results.jsonl
  Compressing branch 'lep_eta' with compressor 'sperr' (bitrate=4)...
  Appended results to data/muon-sperr-sweep/results.jsonl
  Compressing branch 'lep_eta' with compressor 'sperr' (bitrate=4)...
  Appended results to data/muon-sperr-sweep/results.jsonl
  Compressing branch 'lep_eta' with compressor 'sperr' (bitrate=4)...
  Appended results to data/muon-sperr-sweep/results.jsonl
  Compressing branch 'lep_eta' with compressor 'sperr' (bitrate=4)...
  Appended results to data/muon-sperr-sweep/results.jsonl
  Compressing branch 'lep_eta' with compressor 'sperr' (bitrate=4)...
  Appended results to data/muon-sperr-sweep/results.jsonl
  Compressing branch 'lep_eta' with compressor 'sperr' (bitrate=4)...
  Appended results to data/muon-sperr-sweep/results.jsonl
  Compressing branch 'lep_eta' with compressor 'sperr' (bitrate=4)...
  Appended results to data/muon-sperr-sweep/results.jsonl
  Compressing branch 'lep_eta' with compressor 'sperr' (bitrate=4)...
  Appended results to data/muon-sperr-sweep/results.jsonl
  Compressing branch 'lep_eta' with compressor 'sperr' (bitrate=8)...
  Appended results to data/muon-sperr-sweep/results.jsonl
  Compressing branch 'lep_eta' with compressor 'sperr' (bitrate=8)...
  Appended results to data/muon-sperr-sweep/results.jsonl
  Compressing branch 'lep_eta' with compressor 'sperr' (bitrate=8)...
  Appended results to data/muon-sperr-sweep/results.jsonl
  Compressing branch 'lep_eta' with compressor 'sperr' (bitrate=8)...
  Appended results to data/muon-sperr-sweep/results.jsonl
  Compressing branch 'lep_eta' with compressor 'sperr' (bitrate=8)...
  Appended results to data/muon-sperr-sweep/results.jsonl
  Compressing branch 'lep_eta' with compressor 'sperr' (bitrate=8)...
  Appended results to data/muon-sperr-sweep/results.jsonl
  Compressing branch 'lep_eta' with compressor 'sperr' (bitrate=8)...
  Appended results to data/muon-sperr-sweep/results.jsonl
  Compressing branch 'lep_eta' with compressor 'sperr' (bitrate=8)...
  Appended results to data/muon-sperr-sweep/results.jsonl
  Compressing branch 'lep_eta' with compressor 'sperr' (bitrate=8)...
  Appended results to data/muon-sperr-sweep/results.jsonl
  Compressing branch 'lep_eta' with compressor 'sperr' (bitrate=8)...
  Appended results to data/muon-sperr-sweep/results.jsonl
  Compressing branch 'lep_eta' with compressor 'sperr' (bitrate=8)...
  Appended results to data/muon-sperr-sweep/results.jsonl
  Compressing branch 'lep_eta' with compressor 'sperr' (bitrate=10)...
  Appended results to data/muon-sperr-sweep/results.jsonl
  Compressing branch 'lep_eta' with compressor 'sperr' (bitrate=10)...
  Appended results to data/muon-sperr-sweep/results.jsonl
  Compressing branch 'lep_eta' with compressor 'sperr' (bitrate=10)...
  Appended results to data/muon-sperr-sweep/results.jsonl
  Compressing branch 'lep_eta' with compressor 'sperr' (bitrate=10)...
  Appended results to data/muon-sperr-sweep/results.jsonl
  Compressing branch 'lep_eta' with compressor 'sperr' (bitrate=10)...
  Appended results to data/muon-sperr-sweep/results.jsonl
  Compressing branch 'lep_eta' with compressor 'sperr' (bitrate=10)...
  Appended results to data/muon-sperr-sweep/results.jsonl
  Compressing branch 'lep_eta' with compressor 'sperr' (bitrate=10)...
  Appended results to data/muon-sperr-sweep/results.jsonl
  Compressing branch 'lep_eta' with compressor 'sperr' (bitrate=10)...
  Appended results to data/muon-sperr-sweep/results.jsonl
  Compressing branch 'lep_eta' with compressor 'sperr' (bitrate=10)...
  Appended results to data/muon-sperr-sweep/results.jsonl
  Compressing branch 'lep_eta' with compressor 'sperr' (bitrate=10)...
  Appended results to data/muon-sperr-sweep/results.jsonl
  Compressing branch 'lep_eta' with compressor 'sperr' (bitrate=10)...
  Appended results to data/muon-sperr-sweep/results.jsonl
  Compressing branch 'lep_eta' with compressor 'sperr' (bitrate=12)...
  Appended results to data/muon-sperr-sweep/results.jsonl
  Compressing branch 'lep_eta' with compressor 'sperr' (bitrate=12)...
  Appended results to data/muon-sperr-sweep/results.jsonl
  Compressing branch 'lep_eta' with compressor 'sperr' (bitrate=12)...
  Appended results to data/muon-sperr-sweep/results.jsonl
  Compressing branch 'lep_eta' with compressor 'sperr' (bitrate=12)...
  Appended results to data/muon-sperr-sweep/results.jsonl
  Compressing branch 'lep_eta' with compressor 'sperr' (bitrate=12)...
  Appended results to data/muon-sperr-sweep/results.jsonl
  Compressing branch 'lep_eta' with compressor 'sperr' (bitrate=12)...
  Appended results to data/muon-sperr-sweep/results.jsonl
  Compressing branch 'lep_eta' with compressor 'sperr' (bitrate=12)...
  Appended results to data/muon-sperr-sweep/results.jsonl
  Compressing branch 'lep_eta' with compressor 'sperr' (bitrate=12)...
  Appended results to data/muon-sperr-sweep/results.jsonl
  Compressing branch 'lep_eta' with compressor 'sperr' (bitrate=12)...
  Appended results to data/muon-sperr-sweep/results.jsonl
  Compressing branch 'lep_eta' with compressor 'sperr' (bitrate=12)...
  Appended results to data/muon-sperr-sweep/results.jsonl
  Compressing branch 'lep_eta' with compressor 'sperr' (bitrate=12)...
  Appended results to data/muon-sperr-sweep/results.jsonl
  Compressing branch 'lep_eta' with compressor 'sperr' (bitrate=16)...
  Appended results to data/muon-sperr-sweep/results.jsonl
  Compressing branch 'lep_eta' with compressor 'sperr' (bitrate=16)...
  Appended results to data/muon-sperr-sweep/results.jsonl
  Compressing branch 'lep_eta' with compressor 'sperr' (bitrate=16)...
  Appended results to data/muon-sperr-sweep/results.jsonl
  Compressing branch 'lep_eta' with compressor 'sperr' (bitrate=16)...
  Appended results to data/muon-sperr-sweep/results.jsonl
  Compressing branch 'lep_eta' with compressor 'sperr' (bitrate=16)...
  Appended results to data/muon-sperr-sweep/results.jsonl
  Compressing branch 'lep_eta' with compressor 'sperr' (bitrate=16)...
  Appended results to data/muon-sperr-sweep/results.jsonl
  Compressing branch 'lep_eta' with compressor 'sperr' (bitrate=16)...
  Appended results to data/muon-sperr-sweep/results.jsonl
  Compressing branch 'lep_eta' with compressor 'sperr' (bitrate=16)...
  Appended results to data/muon-sperr-sweep/results.jsonl
  Compressing branch 'lep_eta' with compressor 'sperr' (bitrate=16)...
  Appended results to data/muon-sperr-sweep/results.jsonl
  Compressing branch 'lep_eta' with compressor 'sperr' (bitrate=16)...
  Appended results to data/muon-sperr-sweep/results.jsonl
  Compressing branch 'lep_eta' with compressor 'sperr' (bitrate=16)...
  Appended results to data/muon-sperr-sweep/results.jsonl
  Compressing branch 'lep_eta' with compressor 'sperr' (bitrate=20)...
  Appended results to data/muon-sperr-sweep/results.jsonl
  Compressing branch 'lep_eta' with compressor 'sperr' (bitrate=20)...
  Appended results to data/muon-sperr-sweep/results.jsonl
  Compressing branch 'lep_eta' with compressor 'sperr' (bitrate=20)...
  Appended results to data/muon-sperr-sweep/results.jsonl
  Compressing branch 'lep_eta' with compressor 'sperr' (bitrate=20)...
  Appended results to data/muon-sperr-sweep/results.jsonl
  Compressing branch 'lep_eta' with compressor 'sperr' (bitrate=20)...
  Appended results to data/muon-sperr-sweep/results.jsonl
  Compressing branch 'lep_eta' with compressor 'sperr' (bitrate=20)...
  Appended results to data/muon-sperr-sweep/results.jsonl
  Compressing branch 'lep_eta' with compressor 'sperr' (bitrate=20)...
  Appended results to data/muon-sperr-sweep/results.jsonl
  Compressing branch 'lep_eta' with compressor 'sperr' (bitrate=20)...
  Appended results to data/muon-sperr-sweep/results.jsonl
  Compressing branch 'lep_eta' with compressor 'sperr' (bitrate=20)...
  Appended results to data/muon-sperr-sweep/results.jsonl
  Compressing branch 'lep_eta' with compressor 'sperr' (bitrate=20)...
  Appended results to data/muon-sperr-sweep/results.jsonl
  Compressing branch 'lep_eta' with compressor 'sperr' (bitrate=20)...
  Appended results to data/muon-sperr-sweep/results.jsonl
  Compressing branch 'lep_eta' with compressor 'sperr' (bitrate=24)...
  Appended results to data/muon-sperr-sweep/results.jsonl
  Compressing branch 'lep_eta' with compressor 'sperr' (bitrate=24)...
  Appended results to data/muon-sperr-sweep/results.jsonl
  Compressing branch 'lep_eta' with compressor 'sperr' (bitrate=24)...
  Appended results to data/muon-sperr-sweep/results.jsonl
  Compressing branch 'lep_eta' with compressor 'sperr' (bitrate=24)...
  Appended results to data/muon-sperr-sweep/results.jsonl
  Compressing branch 'lep_eta' with compressor 'sperr' (bitrate=24)...
  Appended results to data/muon-sperr-sweep/results.jsonl
  Compressing branch 'lep_eta' with compressor 'sperr' (bitrate=24)...
  Appended results to data/muon-sperr-sweep/results.jsonl
  Compressing branch 'lep_eta' with compressor 'sperr' (bitrate=24)...
  Appended results to data/muon-sperr-sweep/results.jsonl
  Compressing branch 'lep_eta' with compressor 'sperr' (bitrate=24)...
  Appended results to data/muon-sperr-sweep/results.jsonl
  Compressing branch 'lep_eta' with compressor 'sperr' (bitrate=24)...
  Appended results to data/muon-sperr-sweep/results.jsonl
  Compressing branch 'lep_eta' with compressor 'sperr' (bitrate=24)...
  Appended results to data/muon-sperr-sweep/results.jsonl
  Compressing branch 'lep_eta' with compressor 'sperr' (bitrate=24)...
  Appended results to data/muon-sperr-sweep/results.jsonl
  Compressing branch 'lep_eta' with compressor 'sperr' (bitrate=26)...
  Appended results to data/muon-sperr-sweep/results.jsonl
  Compressing branch 'lep_eta' with compressor 'sperr' (bitrate=26)...
  Appended results to data/muon-sperr-sweep/results.jsonl
  Compressing branch 'lep_eta' with compressor 'sperr' (bitrate=26)...
  Appended results to data/muon-sperr-sweep/results.jsonl
  Compressing branch 'lep_eta' with compressor 'sperr' (bitrate=26)...
  Appended results to data/muon-sperr-sweep/results.jsonl
  Compressing branch 'lep_eta' with compressor 'sperr' (bitrate=26)...
  Appended results to data/muon-sperr-sweep/results.jsonl
  Compressing branch 'lep_eta' with compressor 'sperr' (bitrate=26)...
  Appended results to data/muon-sperr-sweep/results.jsonl
  Compressing branch 'lep_eta' with compressor 'sperr' (bitrate=26)...
  Appended results to data/muon-sperr-sweep/results.jsonl
  Compressing branch 'lep_eta' with compressor 'sperr' (bitrate=26)...
  Appended results to data/muon-sperr-sweep/results.jsonl
  Compressing branch 'lep_eta' with compressor 'sperr' (bitrate=26)...
  Appended results to data/muon-sperr-sweep/results.jsonl
  Compressing branch 'lep_eta' with compressor 'sperr' (bitrate=26)...
  Appended results to data/muon-sperr-sweep/results.jsonl
  Compressing branch 'lep_eta' with compressor 'sperr' (bitrate=26)...
  Appended results to data/muon-sperr-sweep/results.jsonl
  Compressing branch 'lep_eta' with compressor 'sperr' (bitrate=28)...
  Appended results to data/muon-sperr-sweep/results.jsonl
  Compressing branch 'lep_eta' with compressor 'sperr' (bitrate=28)...
  Appended results to data/muon-sperr-sweep/results.jsonl
  Compressing branch 'lep_eta' with compressor 'sperr' (bitrate=28)...
  Appended results to data/muon-sperr-sweep/results.jsonl
  Compressing branch 'lep_eta' with compressor 'sperr' (bitrate=28)...
  Appended results to data/muon-sperr-sweep/results.jsonl
  Compressing branch 'lep_eta' with compressor 'sperr' (bitrate=28)...
  Appended results to data/muon-sperr-sweep/results.jsonl
  Compressing branch 'lep_eta' with compressor 'sperr' (bitrate=28)...
  Appended results to data/muon-sperr-sweep/results.jsonl
  Compressing branch 'lep_eta' with compressor 'sperr' (bitrate=28)...
  Appended results to data/muon-sperr-sweep/results.jsonl
  Compressing branch 'lep_eta' with compressor 'sperr' (bitrate=28)...
  Appended results to data/muon-sperr-sweep/results.jsonl
  Compressing branch 'lep_eta' with compressor 'sperr' (bitrate=28)...
  Appended results to data/muon-sperr-sweep/results.jsonl
  Compressing branch 'lep_eta' with compressor 'sperr' (bitrate=28)...
  Appended results to data/muon-sperr-sweep/results.jsonl
  Compressing branch 'lep_eta' with compressor 'sperr' (bitrate=28)...
  Appended results to data/muon-sperr-sweep/results.jsonl
  Compressing branch 'lep_eta' with compressor 'sperr' (bitrate=30)...
  Appended results to data/muon-sperr-sweep/results.jsonl
  Compressing branch 'lep_eta' with compressor 'sperr' (bitrate=30)...
  Appended results to data/muon-sperr-sweep/results.jsonl
  Compressing branch 'lep_eta' with compressor 'sperr' (bitrate=30)...
  Appended results to data/muon-sperr-sweep/results.jsonl
  Compressing branch 'lep_eta' with compressor 'sperr' (bitrate=30)...
  Appended results to data/muon-sperr-sweep/results.jsonl
  Compressing branch 'lep_eta' with compressor 'sperr' (bitrate=30)...
  Appended results to data/muon-sperr-sweep/results.jsonl
  Compressing branch 'lep_eta' with compressor 'sperr' (bitrate=30)...
  Appended results to data/muon-sperr-sweep/results.jsonl
  Compressing branch 'lep_eta' with compressor 'sperr' (bitrate=30)...
  Appended results to data/muon-sperr-sweep/results.jsonl
  Compressing branch 'lep_eta' with compressor 'sperr' (bitrate=30)...
  Appended results to data/muon-sperr-sweep/results.jsonl
  Compressing branch 'lep_eta' with compressor 'sperr' (bitrate=30)...
  Appended results to data/muon-sperr-sweep/results.jsonl
  Compressing branch 'lep_eta' with compressor 'sperr' (bitrate=30)...
  Appended results to data/muon-sperr-sweep/results.jsonl
  Compressing branch 'lep_eta' with compressor 'sperr' (bitrate=30)...
  Appended results to data/muon-sperr-sweep/results.jsonl
  Compressing branch 'lep_eta' with compressor 'sperr' (bitrate=32)...
  Appended results to data/muon-sperr-sweep/results.jsonl
  Compressing branch 'lep_eta' with compressor 'sperr' (bitrate=32)...
  Appended results to data/muon-sperr-sweep/results.jsonl
  Compressing branch 'lep_eta' with compressor 'sperr' (bitrate=32)...
  Appended results to data/muon-sperr-sweep/results.jsonl
  Compressing branch 'lep_eta' with compressor 'sperr' (bitrate=32)...
  Appended results to data/muon-sperr-sweep/results.jsonl
  Compressing branch 'lep_eta' with compressor 'sperr' (bitrate=32)...
  Appended results to data/muon-sperr-sweep/results.jsonl
  Compressing branch 'lep_eta' with compressor 'sperr' (bitrate=32)...
  Appended results to data/muon-sperr-sweep/results.jsonl
  Compressing branch 'lep_eta' with compressor 'sperr' (bitrate=32)...
  Appended results to data/muon-sperr-sweep/results.jsonl
  Compressing branch 'lep_eta' with compressor 'sperr' (bitrate=32)...
  Appended results to data/muon-sperr-sweep/results.jsonl
  Compressing branch 'lep_eta' with compressor 'sperr' (bitrate=32)...
  Appended results to data/muon-sperr-sweep/results.jsonl
  Compressing branch 'lep_eta' with compressor 'sperr' (bitrate=32)...
  Appended results to data/muon-sperr-sweep/results.jsonl
  Compressing branch 'lep_eta' with compressor 'sperr' (bitrate=32)...
  Appended results to data/muon-sperr-sweep/results.jsonl
  Compressing branch 'lep_eta' with compressor 'sperr' (pwe=100)...
  Appended results to data/muon-sperr-sweep/results.jsonl
  Compressing branch 'lep_eta' with compressor 'sperr' (pwe=100)...
  Appended results to data/muon-sperr-sweep/results.jsonl
  Compressing branch 'lep_eta' with compressor 'sperr' (pwe=100)...
  Appended results to data/muon-sperr-sweep/results.jsonl
  Compressing branch 'lep_eta' with compressor 'sperr' (pwe=100)...
  Appended results to data/muon-sperr-sweep/results.jsonl
  Compressing branch 'lep_eta' with compressor 'sperr' (pwe=100)...
  Appended results to data/muon-sperr-sweep/results.jsonl
  Compressing branch 'lep_eta' with compressor 'sperr' (pwe=100)...
  Appended results to data/muon-sperr-sweep/results.jsonl
  Compressing branch 'lep_eta' with compressor 'sperr' (pwe=100)...
  Appended results to data/muon-sperr-sweep/results.jsonl
  Compressing branch 'lep_eta' with compressor 'sperr' (pwe=100)...
  Appended results to data/muon-sperr-sweep/results.jsonl
  Compressing branch 'lep_eta' with compressor 'sperr' (pwe=100)...
  Appended results to data/muon-sperr-sweep/results.jsonl
  Compressing branch 'lep_eta' with compressor 'sperr' (pwe=100)...
  Appended results to data/muon-sperr-sweep/results.jsonl
  Compressing branch 'lep_eta' with compressor 'sperr' (pwe=100)...
  Appended results to data/muon-sperr-sweep/results.jsonl
  Compressing branch 'lep_eta' with compressor 'sperr' (pwe=10)...
  Appended results to data/muon-sperr-sweep/results.jsonl
  Compressing branch 'lep_eta' with compressor 'sperr' (pwe=10)...
  Appended results to data/muon-sperr-sweep/results.jsonl
  Compressing branch 'lep_eta' with compressor 'sperr' (pwe=10)...
  Appended results to data/muon-sperr-sweep/results.jsonl
  Compressing branch 'lep_eta' with compressor 'sperr' (pwe=10)...
  Appended results to data/muon-sperr-sweep/results.jsonl
  Compressing branch 'lep_eta' with compressor 'sperr' (pwe=10)...
  Appended results to data/muon-sperr-sweep/results.jsonl
  Compressing branch 'lep_eta' with compressor 'sperr' (pwe=10)...
  Appended results to data/muon-sperr-sweep/results.jsonl
  Compressing branch 'lep_eta' with compressor 'sperr' (pwe=10)...
  Appended results to data/muon-sperr-sweep/results.jsonl
  Compressing branch 'lep_eta' with compressor 'sperr' (pwe=10)...
  Appended results to data/muon-sperr-sweep/results.jsonl
  Compressing branch 'lep_eta' with compressor 'sperr' (pwe=10)...
  Appended results to data/muon-sperr-sweep/results.jsonl
  Compressing branch 'lep_eta' with compressor 'sperr' (pwe=10)...
  Appended results to data/muon-sperr-sweep/results.jsonl
  Compressing branch 'lep_eta' with compressor 'sperr' (pwe=10)...
  Appended results to data/muon-sperr-sweep/results.jsonl
  Compressing branch 'lep_eta' with compressor 'sperr' (pwe=1)...
  Appended results to data/muon-sperr-sweep/results.jsonl
  Compressing branch 'lep_eta' with compressor 'sperr' (pwe=1)...
  Appended results to data/muon-sperr-sweep/results.jsonl
  Compressing branch 'lep_eta' with compressor 'sperr' (pwe=1)...
  Appended results to data/muon-sperr-sweep/results.jsonl
  Compressing branch 'lep_eta' with compressor 'sperr' (pwe=1)...
  Appended results to data/muon-sperr-sweep/results.jsonl
  Compressing branch 'lep_eta' with compressor 'sperr' (pwe=1)...
  Appended results to data/muon-sperr-sweep/results.jsonl
  Compressing branch 'lep_eta' with compressor 'sperr' (pwe=1)...
  Appended results to data/muon-sperr-sweep/results.jsonl
  Compressing branch 'lep_eta' with compressor 'sperr' (pwe=1)...
  Appended results to data/muon-sperr-sweep/results.jsonl
  Compressing branch 'lep_eta' with compressor 'sperr' (pwe=1)...
  Appended results to data/muon-sperr-sweep/results.jsonl
  Compressing branch 'lep_eta' with compressor 'sperr' (pwe=1)...
  Appended results to data/muon-sperr-sweep/results.jsonl
  Compressing branch 'lep_eta' with compressor 'sperr' (pwe=1)...
  Appended results to data/muon-sperr-sweep/results.jsonl
  Compressing branch 'lep_eta' with compressor 'sperr' (pwe=1)...
  Appended results to data/muon-sperr-sweep/results.jsonl
  Compressing branch 'lep_eta' with compressor 'sperr' (pwe=0.1)...
  Appended results to data/muon-sperr-sweep/results.jsonl
  Compressing branch 'lep_eta' with compressor 'sperr' (pwe=0.1)...
  Appended results to data/muon-sperr-sweep/results.jsonl
  Compressing branch 'lep_eta' with compressor 'sperr' (pwe=0.1)...
  Appended results to data/muon-sperr-sweep/results.jsonl
  Compressing branch 'lep_eta' with compressor 'sperr' (pwe=0.1)...
  Appended results to data/muon-sperr-sweep/results.jsonl
  Compressing branch 'lep_eta' with compressor 'sperr' (pwe=0.1)...
  Appended results to data/muon-sperr-sweep/results.jsonl
  Compressing branch 'lep_eta' with compressor 'sperr' (pwe=0.1)...
  Appended results to data/muon-sperr-sweep/results.jsonl
  Compressing branch 'lep_eta' with compressor 'sperr' (pwe=0.1)...
  Appended results to data/muon-sperr-sweep/results.jsonl
  Compressing branch 'lep_eta' with compressor 'sperr' (pwe=0.1)...
  Appended results to data/muon-sperr-sweep/results.jsonl
  Compressing branch 'lep_eta' with compressor 'sperr' (pwe=0.1)...
  Appended results to data/muon-sperr-sweep/results.jsonl
  Compressing branch 'lep_eta' with compressor 'sperr' (pwe=0.1)...
  Appended results to data/muon-sperr-sweep/results.jsonl
  Compressing branch 'lep_eta' with compressor 'sperr' (pwe=0.1)...
  Appended results to data/muon-sperr-sweep/results.jsonl
  Compressing branch 'lep_eta' with compressor 'sperr' (pwe=0.01)...
  Appended results to data/muon-sperr-sweep/results.jsonl
  Compressing branch 'lep_eta' with compressor 'sperr' (pwe=0.01)...
  Appended results to data/muon-sperr-sweep/results.jsonl
  Compressing branch 'lep_eta' with compressor 'sperr' (pwe=0.01)...
  Appended results to data/muon-sperr-sweep/results.jsonl
  Compressing branch 'lep_eta' with compressor 'sperr' (pwe=0.01)...
  Appended results to data/muon-sperr-sweep/results.jsonl
  Compressing branch 'lep_eta' with compressor 'sperr' (pwe=0.01)...
  Appended results to data/muon-sperr-sweep/results.jsonl
  Compressing branch 'lep_eta' with compressor 'sperr' (pwe=0.01)...
  Appended results to data/muon-sperr-sweep/results.jsonl
  Compressing branch 'lep_eta' with compressor 'sperr' (pwe=0.01)...
  Appended results to data/muon-sperr-sweep/results.jsonl
  Compressing branch 'lep_eta' with compressor 'sperr' (pwe=0.01)...
  Appended results to data/muon-sperr-sweep/results.jsonl
  Compressing branch 'lep_eta' with compressor 'sperr' (pwe=0.01)...
  Appended results to data/muon-sperr-sweep/results.jsonl
  Compressing branch 'lep_eta' with compressor 'sperr' (pwe=0.01)...
  Appended results to data/muon-sperr-sweep/results.jsonl
  Compressing branch 'lep_eta' with compressor 'sperr' (pwe=0.01)...
  Appended results to data/muon-sperr-sweep/results.jsonl
  Compressing branch 'lep_eta' with compressor 'sperr' (pwe=0.001)...
  Appended results to data/muon-sperr-sweep/results.jsonl
  Compressing branch 'lep_eta' with compressor 'sperr' (pwe=0.001)...
  Appended results to data/muon-sperr-sweep/results.jsonl
  Compressing branch 'lep_eta' with compressor 'sperr' (pwe=0.001)...
  Appended results to data/muon-sperr-sweep/results.jsonl
  Compressing branch 'lep_eta' with compressor 'sperr' (pwe=0.001)...
  Appended results to data/muon-sperr-sweep/results.jsonl
  Compressing branch 'lep_eta' with compressor 'sperr' (pwe=0.001)...
  Appended results to data/muon-sperr-sweep/results.jsonl
  Compressing branch 'lep_eta' with compressor 'sperr' (pwe=0.001)...
  Appended results to data/muon-sperr-sweep/results.jsonl
  Compressing branch 'lep_eta' with compressor 'sperr' (pwe=0.001)...
  Appended results to data/muon-sperr-sweep/results.jsonl
  Compressing branch 'lep_eta' with compressor 'sperr' (pwe=0.001)...
  Appended results to data/muon-sperr-sweep/results.jsonl
  Compressing branch 'lep_eta' with compressor 'sperr' (pwe=0.001)...
  Appended results to data/muon-sperr-sweep/results.jsonl
  Compressing branch 'lep_eta' with compressor 'sperr' (pwe=0.001)...
  Appended results to data/muon-sperr-sweep/results.jsonl
  Compressing branch 'lep_eta' with compressor 'sperr' (pwe=0.001)...
  Appended results to data/muon-sperr-sweep/results.jsonl
  Compressing branch 'lep_eta' with compressor 'sperr' (pwe=0.0001)...
  Appended results to data/muon-sperr-sweep/results.jsonl
  Compressing branch 'lep_eta' with compressor 'sperr' (pwe=0.0001)...
  Appended results to data/muon-sperr-sweep/results.jsonl
  Compressing branch 'lep_eta' with compressor 'sperr' (pwe=0.0001)...
  Appended results to data/muon-sperr-sweep/results.jsonl
  Compressing branch 'lep_eta' with compressor 'sperr' (pwe=0.0001)...
  Appended results to data/muon-sperr-sweep/results.jsonl
  Compressing branch 'lep_eta' with compressor 'sperr' (pwe=0.0001)...
  Appended results to data/muon-sperr-sweep/results.jsonl
  Compressing branch 'lep_eta' with compressor 'sperr' (pwe=0.0001)...
  Appended results to data/muon-sperr-sweep/results.jsonl
  Compressing branch 'lep_eta' with compressor 'sperr' (pwe=0.0001)...
  Appended results to data/muon-sperr-sweep/results.jsonl
  Compressing branch 'lep_eta' with compressor 'sperr' (pwe=0.0001)...
  Appended results to data/muon-sperr-sweep/results.jsonl
  Compressing branch 'lep_eta' with compressor 'sperr' (pwe=0.0001)...
  Appended results to data/muon-sperr-sweep/results.jsonl
  Compressing branch 'lep_eta' with compressor 'sperr' (pwe=0.0001)...
  Appended results to data/muon-sperr-sweep/results.jsonl
  Compressing branch 'lep_eta' with compressor 'sperr' (pwe=0.0001)...
  Appended results to data/muon-sperr-sweep/results.jsonl
  Compressing branch 'lep_eta' with compressor 'sperr' (pwe=1e-05)...
  Appended results to data/muon-sperr-sweep/results.jsonl
  Compressing branch 'lep_eta' with compressor 'sperr' (pwe=1e-05)...
  Appended results to data/muon-sperr-sweep/results.jsonl
  Compressing branch 'lep_eta' with compressor 'sperr' (pwe=1e-05)...
  Appended results to data/muon-sperr-sweep/results.jsonl
  Compressing branch 'lep_eta' with compressor 'sperr' (pwe=1e-05)...
  Appended results to data/muon-sperr-sweep/results.jsonl
  Compressing branch 'lep_eta' with compressor 'sperr' (pwe=1e-05)...
  Appended results to data/muon-sperr-sweep/results.jsonl
  Compressing branch 'lep_eta' with compressor 'sperr' (pwe=1e-05)...
  Appended results to data/muon-sperr-sweep/results.jsonl
  Compressing branch 'lep_eta' with compressor 'sperr' (pwe=1e-05)...
  Appended results to data/muon-sperr-sweep/results.jsonl
  Compressing branch 'lep_eta' with compressor 'sperr' (pwe=1e-05)...
  Appended results to data/muon-sperr-sweep/results.jsonl
  Compressing branch 'lep_eta' with compressor 'sperr' (pwe=1e-05)...
  Appended results to data/muon-sperr-sweep/results.jsonl
  Compressing branch 'lep_eta' with compressor 'sperr' (pwe=1e-05)...
  Appended results to data/muon-sperr-sweep/results.jsonl
  Compressing branch 'lep_eta' with compressor 'sperr' (pwe=1e-05)...
  Appended results to data/muon-sperr-sweep/results.jsonl
  Compressing branch 'lep_eta' with compressor 'sperr' (pwe=1e-06)...
  Appended results to data/muon-sperr-sweep/results.jsonl
  Compressing branch 'lep_eta' with compressor 'sperr' (pwe=1e-06)...
  Appended results to data/muon-sperr-sweep/results.jsonl
  Compressing branch 'lep_eta' with compressor 'sperr' (pwe=1e-06)...
  Appended results to data/muon-sperr-sweep/results.jsonl
  Compressing branch 'lep_eta' with compressor 'sperr' (pwe=1e-06)...
  Appended results to data/muon-sperr-sweep/results.jsonl
  Compressing branch 'lep_eta' with compressor 'sperr' (pwe=1e-06)...
  Appended results to data/muon-sperr-sweep/results.jsonl
  Compressing branch 'lep_eta' with compressor 'sperr' (pwe=1e-06)...
  Appended results to data/muon-sperr-sweep/results.jsonl
  Compressing branch 'lep_eta' with compressor 'sperr' (pwe=1e-06)...
  Appended results to data/muon-sperr-sweep/results.jsonl
  Compressing branch 'lep_eta' with compressor 'sperr' (pwe=1e-06)...
  Appended results to data/muon-sperr-sweep/results.jsonl
  Compressing branch 'lep_eta' with compressor 'sperr' (pwe=1e-06)...
  Appended results to data/muon-sperr-sweep/results.jsonl
  Compressing branch 'lep_eta' with compressor 'sperr' (pwe=1e-06)...
  Appended results to data/muon-sperr-sweep/results.jsonl
  Compressing branch 'lep_eta' with compressor 'sperr' (pwe=1e-06)...
  Appended results to data/muon-sperr-sweep/results.jsonl
Reading data for branch 'lep_phi'...
  Compressing branch 'lep_phi' with compressor 'sperr' (bitrate=2)...
  Appended results to data/muon-sperr-sweep/results.jsonl
  Compressing branch 'lep_phi' with compressor 'sperr' (bitrate=2)...
  Appended results to data/muon-sperr-sweep/results.jsonl
  Compressing branch 'lep_phi' with compressor 'sperr' (bitrate=2)...
  Appended results to data/muon-sperr-sweep/results.jsonl
  Compressing branch 'lep_phi' with compressor 'sperr' (bitrate=2)...
  Appended results to data/muon-sperr-sweep/results.jsonl
  Compressing branch 'lep_phi' with compressor 'sperr' (bitrate=2)...
  Appended results to data/muon-sperr-sweep/results.jsonl
  Compressing branch 'lep_phi' with compressor 'sperr' (bitrate=2)...
  Appended results to data/muon-sperr-sweep/results.jsonl
  Compressing branch 'lep_phi' with compressor 'sperr' (bitrate=2)...
  Appended results to data/muon-sperr-sweep/results.jsonl
  Compressing branch 'lep_phi' with compressor 'sperr' (bitrate=2)...
  Appended results to data/muon-sperr-sweep/results.jsonl
  Compressing branch 'lep_phi' with compressor 'sperr' (bitrate=2)...
  Appended results to data/muon-sperr-sweep/results.jsonl
  Compressing branch 'lep_phi' with compressor 'sperr' (bitrate=2)...
  Appended results to data/muon-sperr-sweep/results.jsonl
  Compressing branch 'lep_phi' with compressor 'sperr' (bitrate=2)...
  Appended results to data/muon-sperr-sweep/results.jsonl
  Compressing branch 'lep_phi' with compressor 'sperr' (bitrate=4)...
  Appended results to data/muon-sperr-sweep/results.jsonl
  Compressing branch 'lep_phi' with compressor 'sperr' (bitrate=4)...
  Appended results to data/muon-sperr-sweep/results.jsonl
  Compressing branch 'lep_phi' with compressor 'sperr' (bitrate=4)...
  Appended results to data/muon-sperr-sweep/results.jsonl
  Compressing branch 'lep_phi' with compressor 'sperr' (bitrate=4)...
  Appended results to data/muon-sperr-sweep/results.jsonl
  Compressing branch 'lep_phi' with compressor 'sperr' (bitrate=4)...
  Appended results to data/muon-sperr-sweep/results.jsonl
  Compressing branch 'lep_phi' with compressor 'sperr' (bitrate=4)...
  Appended results to data/muon-sperr-sweep/results.jsonl
  Compressing branch 'lep_phi' with compressor 'sperr' (bitrate=4)...
  Appended results to data/muon-sperr-sweep/results.jsonl
  Compressing branch 'lep_phi' with compressor 'sperr' (bitrate=4)...
  Appended results to data/muon-sperr-sweep/results.jsonl
  Compressing branch 'lep_phi' with compressor 'sperr' (bitrate=4)...
  Appended results to data/muon-sperr-sweep/results.jsonl
  Compressing branch 'lep_phi' with compressor 'sperr' (bitrate=4)...
  Appended results to data/muon-sperr-sweep/results.jsonl
  Compressing branch 'lep_phi' with compressor 'sperr' (bitrate=4)...
  Appended results to data/muon-sperr-sweep/results.jsonl
  Compressing branch 'lep_phi' with compressor 'sperr' (bitrate=8)...
  Appended results to data/muon-sperr-sweep/results.jsonl
  Compressing branch 'lep_phi' with compressor 'sperr' (bitrate=8)...
  Appended results to data/muon-sperr-sweep/results.jsonl
  Compressing branch 'lep_phi' with compressor 'sperr' (bitrate=8)...
  Appended results to data/muon-sperr-sweep/results.jsonl
  Compressing branch 'lep_phi' with compressor 'sperr' (bitrate=8)...
  Appended results to data/muon-sperr-sweep/results.jsonl
  Compressing branch 'lep_phi' with compressor 'sperr' (bitrate=8)...
  Appended results to data/muon-sperr-sweep/results.jsonl
  Compressing branch 'lep_phi' with compressor 'sperr' (bitrate=8)...
  Appended results to data/muon-sperr-sweep/results.jsonl
  Compressing branch 'lep_phi' with compressor 'sperr' (bitrate=8)...
  Appended results to data/muon-sperr-sweep/results.jsonl
  Compressing branch 'lep_phi' with compressor 'sperr' (bitrate=8)...
  Appended results to data/muon-sperr-sweep/results.jsonl
  Compressing branch 'lep_phi' with compressor 'sperr' (bitrate=8)...
  Appended results to data/muon-sperr-sweep/results.jsonl
  Compressing branch 'lep_phi' with compressor 'sperr' (bitrate=8)...
  Appended results to data/muon-sperr-sweep/results.jsonl
  Compressing branch 'lep_phi' with compressor 'sperr' (bitrate=8)...
  Appended results to data/muon-sperr-sweep/results.jsonl
  Compressing branch 'lep_phi' with compressor 'sperr' (bitrate=10)...
  Appended results to data/muon-sperr-sweep/results.jsonl
  Compressing branch 'lep_phi' with compressor 'sperr' (bitrate=10)...
  Appended results to data/muon-sperr-sweep/results.jsonl
  Compressing branch 'lep_phi' with compressor 'sperr' (bitrate=10)...
  Appended results to data/muon-sperr-sweep/results.jsonl
  Compressing branch 'lep_phi' with compressor 'sperr' (bitrate=10)...
  Appended results to data/muon-sperr-sweep/results.jsonl
  Compressing branch 'lep_phi' with compressor 'sperr' (bitrate=10)...
  Appended results to data/muon-sperr-sweep/results.jsonl
  Compressing branch 'lep_phi' with compressor 'sperr' (bitrate=10)...
  Appended results to data/muon-sperr-sweep/results.jsonl
  Compressing branch 'lep_phi' with compressor 'sperr' (bitrate=10)...
  Appended results to data/muon-sperr-sweep/results.jsonl
  Compressing branch 'lep_phi' with compressor 'sperr' (bitrate=10)...
  Appended results to data/muon-sperr-sweep/results.jsonl
  Compressing branch 'lep_phi' with compressor 'sperr' (bitrate=10)...
  Appended results to data/muon-sperr-sweep/results.jsonl
  Compressing branch 'lep_phi' with compressor 'sperr' (bitrate=10)...
  Appended results to data/muon-sperr-sweep/results.jsonl
  Compressing branch 'lep_phi' with compressor 'sperr' (bitrate=10)...
  Appended results to data/muon-sperr-sweep/results.jsonl
  Compressing branch 'lep_phi' with compressor 'sperr' (bitrate=12)...
  Appended results to data/muon-sperr-sweep/results.jsonl
  Compressing branch 'lep_phi' with compressor 'sperr' (bitrate=12)...
  Appended results to data/muon-sperr-sweep/results.jsonl
  Compressing branch 'lep_phi' with compressor 'sperr' (bitrate=12)...
  Appended results to data/muon-sperr-sweep/results.jsonl
  Compressing branch 'lep_phi' with compressor 'sperr' (bitrate=12)...
  Appended results to data/muon-sperr-sweep/results.jsonl
  Compressing branch 'lep_phi' with compressor 'sperr' (bitrate=12)...
  Appended results to data/muon-sperr-sweep/results.jsonl
  Compressing branch 'lep_phi' with compressor 'sperr' (bitrate=12)...
  Appended results to data/muon-sperr-sweep/results.jsonl
  Compressing branch 'lep_phi' with compressor 'sperr' (bitrate=12)...
  Appended results to data/muon-sperr-sweep/results.jsonl
  Compressing branch 'lep_phi' with compressor 'sperr' (bitrate=12)...
  Appended results to data/muon-sperr-sweep/results.jsonl
  Compressing branch 'lep_phi' with compressor 'sperr' (bitrate=12)...
  Appended results to data/muon-sperr-sweep/results.jsonl
  Compressing branch 'lep_phi' with compressor 'sperr' (bitrate=12)...
  Appended results to data/muon-sperr-sweep/results.jsonl
  Compressing branch 'lep_phi' with compressor 'sperr' (bitrate=12)...
  Appended results to data/muon-sperr-sweep/results.jsonl
  Compressing branch 'lep_phi' with compressor 'sperr' (bitrate=16)...
  Appended results to data/muon-sperr-sweep/results.jsonl
  Compressing branch 'lep_phi' with compressor 'sperr' (bitrate=16)...
  Appended results to data/muon-sperr-sweep/results.jsonl
  Compressing branch 'lep_phi' with compressor 'sperr' (bitrate=16)...
  Appended results to data/muon-sperr-sweep/results.jsonl
  Compressing branch 'lep_phi' with compressor 'sperr' (bitrate=16)...
  Appended results to data/muon-sperr-sweep/results.jsonl
  Compressing branch 'lep_phi' with compressor 'sperr' (bitrate=16)...
  Appended results to data/muon-sperr-sweep/results.jsonl
  Compressing branch 'lep_phi' with compressor 'sperr' (bitrate=16)...
  Appended results to data/muon-sperr-sweep/results.jsonl
  Compressing branch 'lep_phi' with compressor 'sperr' (bitrate=16)...
  Appended results to data/muon-sperr-sweep/results.jsonl
  Compressing branch 'lep_phi' with compressor 'sperr' (bitrate=16)...
  Appended results to data/muon-sperr-sweep/results.jsonl
  Compressing branch 'lep_phi' with compressor 'sperr' (bitrate=16)...
  Appended results to data/muon-sperr-sweep/results.jsonl
  Compressing branch 'lep_phi' with compressor 'sperr' (bitrate=16)...
  Appended results to data/muon-sperr-sweep/results.jsonl
  Compressing branch 'lep_phi' with compressor 'sperr' (bitrate=16)...
  Appended results to data/muon-sperr-sweep/results.jsonl
  Compressing branch 'lep_phi' with compressor 'sperr' (bitrate=20)...
  Appended results to data/muon-sperr-sweep/results.jsonl
  Compressing branch 'lep_phi' with compressor 'sperr' (bitrate=20)...
  Appended results to data/muon-sperr-sweep/results.jsonl
  Compressing branch 'lep_phi' with compressor 'sperr' (bitrate=20)...
  Appended results to data/muon-sperr-sweep/results.jsonl
  Compressing branch 'lep_phi' with compressor 'sperr' (bitrate=20)...
  Appended results to data/muon-sperr-sweep/results.jsonl
  Compressing branch 'lep_phi' with compressor 'sperr' (bitrate=20)...
  Appended results to data/muon-sperr-sweep/results.jsonl
  Compressing branch 'lep_phi' with compressor 'sperr' (bitrate=20)...
  Appended results to data/muon-sperr-sweep/results.jsonl
  Compressing branch 'lep_phi' with compressor 'sperr' (bitrate=20)...
  Appended results to data/muon-sperr-sweep/results.jsonl
  Compressing branch 'lep_phi' with compressor 'sperr' (bitrate=20)...
  Appended results to data/muon-sperr-sweep/results.jsonl
  Compressing branch 'lep_phi' with compressor 'sperr' (bitrate=20)...
  Appended results to data/muon-sperr-sweep/results.jsonl
  Compressing branch 'lep_phi' with compressor 'sperr' (bitrate=20)...
  Appended results to data/muon-sperr-sweep/results.jsonl
  Compressing branch 'lep_phi' with compressor 'sperr' (bitrate=20)...
  Appended results to data/muon-sperr-sweep/results.jsonl
  Compressing branch 'lep_phi' with compressor 'sperr' (bitrate=24)...
  Appended results to data/muon-sperr-sweep/results.jsonl
  Compressing branch 'lep_phi' with compressor 'sperr' (bitrate=24)...
  Appended results to data/muon-sperr-sweep/results.jsonl
  Compressing branch 'lep_phi' with compressor 'sperr' (bitrate=24)...
  Appended results to data/muon-sperr-sweep/results.jsonl
  Compressing branch 'lep_phi' with compressor 'sperr' (bitrate=24)...
  Appended results to data/muon-sperr-sweep/results.jsonl
  Compressing branch 'lep_phi' with compressor 'sperr' (bitrate=24)...
  Appended results to data/muon-sperr-sweep/results.jsonl
  Compressing branch 'lep_phi' with compressor 'sperr' (bitrate=24)...
  Appended results to data/muon-sperr-sweep/results.jsonl
  Compressing branch 'lep_phi' with compressor 'sperr' (bitrate=24)...
  Appended results to data/muon-sperr-sweep/results.jsonl
  Compressing branch 'lep_phi' with compressor 'sperr' (bitrate=24)...
  Appended results to data/muon-sperr-sweep/results.jsonl
  Compressing branch 'lep_phi' with compressor 'sperr' (bitrate=24)...
  Appended results to data/muon-sperr-sweep/results.jsonl
  Compressing branch 'lep_phi' with compressor 'sperr' (bitrate=24)...
  Appended results to data/muon-sperr-sweep/results.jsonl
  Compressing branch 'lep_phi' with compressor 'sperr' (bitrate=24)...
  Appended results to data/muon-sperr-sweep/results.jsonl
  Compressing branch 'lep_phi' with compressor 'sperr' (bitrate=26)...
  Appended results to data/muon-sperr-sweep/results.jsonl
  Compressing branch 'lep_phi' with compressor 'sperr' (bitrate=26)...
  Appended results to data/muon-sperr-sweep/results.jsonl
  Compressing branch 'lep_phi' with compressor 'sperr' (bitrate=26)...
  Appended results to data/muon-sperr-sweep/results.jsonl
  Compressing branch 'lep_phi' with compressor 'sperr' (bitrate=26)...
  Appended results to data/muon-sperr-sweep/results.jsonl
  Compressing branch 'lep_phi' with compressor 'sperr' (bitrate=26)...
  Appended results to data/muon-sperr-sweep/results.jsonl
  Compressing branch 'lep_phi' with compressor 'sperr' (bitrate=26)...
  Appended results to data/muon-sperr-sweep/results.jsonl
  Compressing branch 'lep_phi' with compressor 'sperr' (bitrate=26)...
  Appended results to data/muon-sperr-sweep/results.jsonl
  Compressing branch 'lep_phi' with compressor 'sperr' (bitrate=26)...
  Appended results to data/muon-sperr-sweep/results.jsonl
  Compressing branch 'lep_phi' with compressor 'sperr' (bitrate=26)...
  Appended results to data/muon-sperr-sweep/results.jsonl
  Compressing branch 'lep_phi' with compressor 'sperr' (bitrate=26)...
  Appended results to data/muon-sperr-sweep/results.jsonl
  Compressing branch 'lep_phi' with compressor 'sperr' (bitrate=26)...
  Appended results to data/muon-sperr-sweep/results.jsonl
  Compressing branch 'lep_phi' with compressor 'sperr' (bitrate=28)...
  Appended results to data/muon-sperr-sweep/results.jsonl
  Compressing branch 'lep_phi' with compressor 'sperr' (bitrate=28)...
  Appended results to data/muon-sperr-sweep/results.jsonl
  Compressing branch 'lep_phi' with compressor 'sperr' (bitrate=28)...
  Appended results to data/muon-sperr-sweep/results.jsonl
  Compressing branch 'lep_phi' with compressor 'sperr' (bitrate=28)...
  Appended results to data/muon-sperr-sweep/results.jsonl
  Compressing branch 'lep_phi' with compressor 'sperr' (bitrate=28)...
  Appended results to data/muon-sperr-sweep/results.jsonl
  Compressing branch 'lep_phi' with compressor 'sperr' (bitrate=28)...
  Appended results to data/muon-sperr-sweep/results.jsonl
  Compressing branch 'lep_phi' with compressor 'sperr' (bitrate=28)...
  Appended results to data/muon-sperr-sweep/results.jsonl
  Compressing branch 'lep_phi' with compressor 'sperr' (bitrate=28)...
  Appended results to data/muon-sperr-sweep/results.jsonl
  Compressing branch 'lep_phi' with compressor 'sperr' (bitrate=28)...
  Appended results to data/muon-sperr-sweep/results.jsonl
  Compressing branch 'lep_phi' with compressor 'sperr' (bitrate=28)...
  Appended results to data/muon-sperr-sweep/results.jsonl
  Compressing branch 'lep_phi' with compressor 'sperr' (bitrate=28)...
  Appended results to data/muon-sperr-sweep/results.jsonl
  Compressing branch 'lep_phi' with compressor 'sperr' (bitrate=30)...
  Appended results to data/muon-sperr-sweep/results.jsonl
  Compressing branch 'lep_phi' with compressor 'sperr' (bitrate=30)...
  Appended results to data/muon-sperr-sweep/results.jsonl
  Compressing branch 'lep_phi' with compressor 'sperr' (bitrate=30)...
  Appended results to data/muon-sperr-sweep/results.jsonl
  Compressing branch 'lep_phi' with compressor 'sperr' (bitrate=30)...
  Appended results to data/muon-sperr-sweep/results.jsonl
  Compressing branch 'lep_phi' with compressor 'sperr' (bitrate=30)...
  Appended results to data/muon-sperr-sweep/results.jsonl
  Compressing branch 'lep_phi' with compressor 'sperr' (bitrate=30)...
  Appended results to data/muon-sperr-sweep/results.jsonl
  Compressing branch 'lep_phi' with compressor 'sperr' (bitrate=30)...
  Appended results to data/muon-sperr-sweep/results.jsonl
  Compressing branch 'lep_phi' with compressor 'sperr' (bitrate=30)...
  Appended results to data/muon-sperr-sweep/results.jsonl
  Compressing branch 'lep_phi' with compressor 'sperr' (bitrate=30)...
  Appended results to data/muon-sperr-sweep/results.jsonl
  Compressing branch 'lep_phi' with compressor 'sperr' (bitrate=30)...
  Appended results to data/muon-sperr-sweep/results.jsonl
  Compressing branch 'lep_phi' with compressor 'sperr' (bitrate=30)...
  Appended results to data/muon-sperr-sweep/results.jsonl
  Compressing branch 'lep_phi' with compressor 'sperr' (bitrate=32)...
  Appended results to data/muon-sperr-sweep/results.jsonl
  Compressing branch 'lep_phi' with compressor 'sperr' (bitrate=32)...
  Appended results to data/muon-sperr-sweep/results.jsonl
  Compressing branch 'lep_phi' with compressor 'sperr' (bitrate=32)...
  Appended results to data/muon-sperr-sweep/results.jsonl
  Compressing branch 'lep_phi' with compressor 'sperr' (bitrate=32)...
  Appended results to data/muon-sperr-sweep/results.jsonl
  Compressing branch 'lep_phi' with compressor 'sperr' (bitrate=32)...
  Appended results to data/muon-sperr-sweep/results.jsonl
  Compressing branch 'lep_phi' with compressor 'sperr' (bitrate=32)...
  Appended results to data/muon-sperr-sweep/results.jsonl
  Compressing branch 'lep_phi' with compressor 'sperr' (bitrate=32)...
  Appended results to data/muon-sperr-sweep/results.jsonl
  Compressing branch 'lep_phi' with compressor 'sperr' (bitrate=32)...
  Appended results to data/muon-sperr-sweep/results.jsonl
  Compressing branch 'lep_phi' with compressor 'sperr' (bitrate=32)...
  Appended results to data/muon-sperr-sweep/results.jsonl
  Compressing branch 'lep_phi' with compressor 'sperr' (bitrate=32)...
  Appended results to data/muon-sperr-sweep/results.jsonl
  Compressing branch 'lep_phi' with compressor 'sperr' (bitrate=32)...
  Appended results to data/muon-sperr-sweep/results.jsonl
  Compressing branch 'lep_phi' with compressor 'sperr' (pwe=100)...
  Appended results to data/muon-sperr-sweep/results.jsonl
  Compressing branch 'lep_phi' with compressor 'sperr' (pwe=100)...
  Appended results to data/muon-sperr-sweep/results.jsonl
  Compressing branch 'lep_phi' with compressor 'sperr' (pwe=100)...
  Appended results to data/muon-sperr-sweep/results.jsonl
  Compressing branch 'lep_phi' with compressor 'sperr' (pwe=100)...
  Appended results to data/muon-sperr-sweep/results.jsonl
  Compressing branch 'lep_phi' with compressor 'sperr' (pwe=100)...
  Appended results to data/muon-sperr-sweep/results.jsonl
  Compressing branch 'lep_phi' with compressor 'sperr' (pwe=100)...
  Appended results to data/muon-sperr-sweep/results.jsonl
  Compressing branch 'lep_phi' with compressor 'sperr' (pwe=100)...
  Appended results to data/muon-sperr-sweep/results.jsonl
  Compressing branch 'lep_phi' with compressor 'sperr' (pwe=100)...
  Appended results to data/muon-sperr-sweep/results.jsonl
  Compressing branch 'lep_phi' with compressor 'sperr' (pwe=100)...
  Appended results to data/muon-sperr-sweep/results.jsonl
  Compressing branch 'lep_phi' with compressor 'sperr' (pwe=100)...
  Appended results to data/muon-sperr-sweep/results.jsonl
  Compressing branch 'lep_phi' with compressor 'sperr' (pwe=100)...
  Appended results to data/muon-sperr-sweep/results.jsonl
  Compressing branch 'lep_phi' with compressor 'sperr' (pwe=10)...
  Appended results to data/muon-sperr-sweep/results.jsonl
  Compressing branch 'lep_phi' with compressor 'sperr' (pwe=10)...
  Appended results to data/muon-sperr-sweep/results.jsonl
  Compressing branch 'lep_phi' with compressor 'sperr' (pwe=10)...
  Appended results to data/muon-sperr-sweep/results.jsonl
  Compressing branch 'lep_phi' with compressor 'sperr' (pwe=10)...
  Appended results to data/muon-sperr-sweep/results.jsonl
  Compressing branch 'lep_phi' with compressor 'sperr' (pwe=10)...
  Appended results to data/muon-sperr-sweep/results.jsonl
  Compressing branch 'lep_phi' with compressor 'sperr' (pwe=10)...
  Appended results to data/muon-sperr-sweep/results.jsonl
  Compressing branch 'lep_phi' with compressor 'sperr' (pwe=10)...
  Appended results to data/muon-sperr-sweep/results.jsonl
  Compressing branch 'lep_phi' with compressor 'sperr' (pwe=10)...
  Appended results to data/muon-sperr-sweep/results.jsonl
  Compressing branch 'lep_phi' with compressor 'sperr' (pwe=10)...
  Appended results to data/muon-sperr-sweep/results.jsonl
  Compressing branch 'lep_phi' with compressor 'sperr' (pwe=10)...
  Appended results to data/muon-sperr-sweep/results.jsonl
  Compressing branch 'lep_phi' with compressor 'sperr' (pwe=10)...
  Appended results to data/muon-sperr-sweep/results.jsonl
  Compressing branch 'lep_phi' with compressor 'sperr' (pwe=1)...
  Appended results to data/muon-sperr-sweep/results.jsonl
  Compressing branch 'lep_phi' with compressor 'sperr' (pwe=1)...
  Appended results to data/muon-sperr-sweep/results.jsonl
  Compressing branch 'lep_phi' with compressor 'sperr' (pwe=1)...
  Appended results to data/muon-sperr-sweep/results.jsonl
  Compressing branch 'lep_phi' with compressor 'sperr' (pwe=1)...
  Appended results to data/muon-sperr-sweep/results.jsonl
  Compressing branch 'lep_phi' with compressor 'sperr' (pwe=1)...
  Appended results to data/muon-sperr-sweep/results.jsonl
  Compressing branch 'lep_phi' with compressor 'sperr' (pwe=1)...
  Appended results to data/muon-sperr-sweep/results.jsonl
  Compressing branch 'lep_phi' with compressor 'sperr' (pwe=1)...
  Appended results to data/muon-sperr-sweep/results.jsonl
  Compressing branch 'lep_phi' with compressor 'sperr' (pwe=1)...
  Appended results to data/muon-sperr-sweep/results.jsonl
  Compressing branch 'lep_phi' with compressor 'sperr' (pwe=1)...
  Appended results to data/muon-sperr-sweep/results.jsonl
  Compressing branch 'lep_phi' with compressor 'sperr' (pwe=1)...
  Appended results to data/muon-sperr-sweep/results.jsonl
  Compressing branch 'lep_phi' with compressor 'sperr' (pwe=1)...
  Appended results to data/muon-sperr-sweep/results.jsonl
  Compressing branch 'lep_phi' with compressor 'sperr' (pwe=0.1)...
  Appended results to data/muon-sperr-sweep/results.jsonl
  Compressing branch 'lep_phi' with compressor 'sperr' (pwe=0.1)...
  Appended results to data/muon-sperr-sweep/results.jsonl
  Compressing branch 'lep_phi' with compressor 'sperr' (pwe=0.1)...
  Appended results to data/muon-sperr-sweep/results.jsonl
  Compressing branch 'lep_phi' with compressor 'sperr' (pwe=0.1)...
  Appended results to data/muon-sperr-sweep/results.jsonl
  Compressing branch 'lep_phi' with compressor 'sperr' (pwe=0.1)...
  Appended results to data/muon-sperr-sweep/results.jsonl
  Compressing branch 'lep_phi' with compressor 'sperr' (pwe=0.1)...
  Appended results to data/muon-sperr-sweep/results.jsonl
  Compressing branch 'lep_phi' with compressor 'sperr' (pwe=0.1)...
  Appended results to data/muon-sperr-sweep/results.jsonl
  Compressing branch 'lep_phi' with compressor 'sperr' (pwe=0.1)...
  Appended results to data/muon-sperr-sweep/results.jsonl
  Compressing branch 'lep_phi' with compressor 'sperr' (pwe=0.1)...
  Appended results to data/muon-sperr-sweep/results.jsonl
  Compressing branch 'lep_phi' with compressor 'sperr' (pwe=0.1)...
  Appended results to data/muon-sperr-sweep/results.jsonl
  Compressing branch 'lep_phi' with compressor 'sperr' (pwe=0.1)...
  Appended results to data/muon-sperr-sweep/results.jsonl
  Compressing branch 'lep_phi' with compressor 'sperr' (pwe=0.01)...
  Appended results to data/muon-sperr-sweep/results.jsonl
  Compressing branch 'lep_phi' with compressor 'sperr' (pwe=0.01)...
  Appended results to data/muon-sperr-sweep/results.jsonl
  Compressing branch 'lep_phi' with compressor 'sperr' (pwe=0.01)...
  Appended results to data/muon-sperr-sweep/results.jsonl
  Compressing branch 'lep_phi' with compressor 'sperr' (pwe=0.01)...
  Appended results to data/muon-sperr-sweep/results.jsonl
  Compressing branch 'lep_phi' with compressor 'sperr' (pwe=0.01)...
  Appended results to data/muon-sperr-sweep/results.jsonl
  Compressing branch 'lep_phi' with compressor 'sperr' (pwe=0.01)...
  Appended results to data/muon-sperr-sweep/results.jsonl
  Compressing branch 'lep_phi' with compressor 'sperr' (pwe=0.01)...
  Appended results to data/muon-sperr-sweep/results.jsonl
  Compressing branch 'lep_phi' with compressor 'sperr' (pwe=0.01)...
  Appended results to data/muon-sperr-sweep/results.jsonl
  Compressing branch 'lep_phi' with compressor 'sperr' (pwe=0.01)...
  Appended results to data/muon-sperr-sweep/results.jsonl
  Compressing branch 'lep_phi' with compressor 'sperr' (pwe=0.01)...
  Appended results to data/muon-sperr-sweep/results.jsonl
  Compressing branch 'lep_phi' with compressor 'sperr' (pwe=0.01)...
  Appended results to data/muon-sperr-sweep/results.jsonl
  Compressing branch 'lep_phi' with compressor 'sperr' (pwe=0.001)...
  Appended results to data/muon-sperr-sweep/results.jsonl
  Compressing branch 'lep_phi' with compressor 'sperr' (pwe=0.001)...
  Appended results to data/muon-sperr-sweep/results.jsonl
  Compressing branch 'lep_phi' with compressor 'sperr' (pwe=0.001)...
  Appended results to data/muon-sperr-sweep/results.jsonl
  Compressing branch 'lep_phi' with compressor 'sperr' (pwe=0.001)...
  Appended results to data/muon-sperr-sweep/results.jsonl
  Compressing branch 'lep_phi' with compressor 'sperr' (pwe=0.001)...
  Appended results to data/muon-sperr-sweep/results.jsonl
  Compressing branch 'lep_phi' with compressor 'sperr' (pwe=0.001)...
  Appended results to data/muon-sperr-sweep/results.jsonl
  Compressing branch 'lep_phi' with compressor 'sperr' (pwe=0.001)...
  Appended results to data/muon-sperr-sweep/results.jsonl
  Compressing branch 'lep_phi' with compressor 'sperr' (pwe=0.001)...
  Appended results to data/muon-sperr-sweep/results.jsonl
  Compressing branch 'lep_phi' with compressor 'sperr' (pwe=0.001)...
  Appended results to data/muon-sperr-sweep/results.jsonl
  Compressing branch 'lep_phi' with compressor 'sperr' (pwe=0.001)...
  Appended results to data/muon-sperr-sweep/results.jsonl
  Compressing branch 'lep_phi' with compressor 'sperr' (pwe=0.001)...
  Appended results to data/muon-sperr-sweep/results.jsonl
  Compressing branch 'lep_phi' with compressor 'sperr' (pwe=0.0001)...
  Appended results to data/muon-sperr-sweep/results.jsonl
  Compressing branch 'lep_phi' with compressor 'sperr' (pwe=0.0001)...
  Appended results to data/muon-sperr-sweep/results.jsonl
  Compressing branch 'lep_phi' with compressor 'sperr' (pwe=0.0001)...
  Appended results to data/muon-sperr-sweep/results.jsonl
  Compressing branch 'lep_phi' with compressor 'sperr' (pwe=0.0001)...
  Appended results to data/muon-sperr-sweep/results.jsonl
  Compressing branch 'lep_phi' with compressor 'sperr' (pwe=0.0001)...
  Appended results to data/muon-sperr-sweep/results.jsonl
  Compressing branch 'lep_phi' with compressor 'sperr' (pwe=0.0001)...
  Appended results to data/muon-sperr-sweep/results.jsonl
  Compressing branch 'lep_phi' with compressor 'sperr' (pwe=0.0001)...
  Appended results to data/muon-sperr-sweep/results.jsonl
  Compressing branch 'lep_phi' with compressor 'sperr' (pwe=0.0001)...
  Appended results to data/muon-sperr-sweep/results.jsonl
  Compressing branch 'lep_phi' with compressor 'sperr' (pwe=0.0001)...
  Appended results to data/muon-sperr-sweep/results.jsonl
  Compressing branch 'lep_phi' with compressor 'sperr' (pwe=0.0001)...
  Appended results to data/muon-sperr-sweep/results.jsonl
  Compressing branch 'lep_phi' with compressor 'sperr' (pwe=0.0001)...
  Appended results to data/muon-sperr-sweep/results.jsonl
  Compressing branch 'lep_phi' with compressor 'sperr' (pwe=1e-05)...
  Appended results to data/muon-sperr-sweep/results.jsonl
  Compressing branch 'lep_phi' with compressor 'sperr' (pwe=1e-05)...
  Appended results to data/muon-sperr-sweep/results.jsonl
  Compressing branch 'lep_phi' with compressor 'sperr' (pwe=1e-05)...
  Appended results to data/muon-sperr-sweep/results.jsonl
  Compressing branch 'lep_phi' with compressor 'sperr' (pwe=1e-05)...
  Appended results to data/muon-sperr-sweep/results.jsonl
  Compressing branch 'lep_phi' with compressor 'sperr' (pwe=1e-05)...
  Appended results to data/muon-sperr-sweep/results.jsonl
  Compressing branch 'lep_phi' with compressor 'sperr' (pwe=1e-05)...
  Appended results to data/muon-sperr-sweep/results.jsonl
  Compressing branch 'lep_phi' with compressor 'sperr' (pwe=1e-05)...
  Appended results to data/muon-sperr-sweep/results.jsonl
  Compressing branch 'lep_phi' with compressor 'sperr' (pwe=1e-05)...
  Appended results to data/muon-sperr-sweep/results.jsonl
  Compressing branch 'lep_phi' with compressor 'sperr' (pwe=1e-05)...
  Appended results to data/muon-sperr-sweep/results.jsonl
  Compressing branch 'lep_phi' with compressor 'sperr' (pwe=1e-05)...
  Appended results to data/muon-sperr-sweep/results.jsonl
  Compressing branch 'lep_phi' with compressor 'sperr' (pwe=1e-05)...
  Appended results to data/muon-sperr-sweep/results.jsonl
  Compressing branch 'lep_phi' with compressor 'sperr' (pwe=1e-06)...
  Appended results to data/muon-sperr-sweep/results.jsonl
  Compressing branch 'lep_phi' with compressor 'sperr' (pwe=1e-06)...
  Appended results to data/muon-sperr-sweep/results.jsonl
  Compressing branch 'lep_phi' with compressor 'sperr' (pwe=1e-06)...
  Appended results to data/muon-sperr-sweep/results.jsonl
  Compressing branch 'lep_phi' with compressor 'sperr' (pwe=1e-06)...
  Appended results to data/muon-sperr-sweep/results.jsonl
  Compressing branch 'lep_phi' with compressor 'sperr' (pwe=1e-06)...
  Appended results to data/muon-sperr-sweep/results.jsonl
  Compressing branch 'lep_phi' with compressor 'sperr' (pwe=1e-06)...
  Appended results to data/muon-sperr-sweep/results.jsonl
  Compressing branch 'lep_phi' with compressor 'sperr' (pwe=1e-06)...
  Appended results to data/muon-sperr-sweep/results.jsonl
  Compressing branch 'lep_phi' with compressor 'sperr' (pwe=1e-06)...
  Appended results to data/muon-sperr-sweep/results.jsonl
  Compressing branch 'lep_phi' with compressor 'sperr' (pwe=1e-06)...
  Appended results to data/muon-sperr-sweep/results.jsonl
  Compressing branch 'lep_phi' with compressor 'sperr' (pwe=1e-06)...
  Appended results to data/muon-sperr-sweep/results.jsonl
  Compressing branch 'lep_phi' with compressor 'sperr' (pwe=1e-06)...
  Appended results to data/muon-sperr-sweep/results.jsonl
Reading data for branch 'lep_e'...
  Compressing branch 'lep_e' with compressor 'sperr' (bitrate=2)...
  Appended results to data/muon-sperr-sweep/results.jsonl
  Compressing branch 'lep_e' with compressor 'sperr' (bitrate=2)...
  Appended results to data/muon-sperr-sweep/results.jsonl
  Compressing branch 'lep_e' with compressor 'sperr' (bitrate=2)...
  Appended results to data/muon-sperr-sweep/results.jsonl
  Compressing branch 'lep_e' with compressor 'sperr' (bitrate=2)...
  Appended results to data/muon-sperr-sweep/results.jsonl
  Compressing branch 'lep_e' with compressor 'sperr' (bitrate=2)...
  Appended results to data/muon-sperr-sweep/results.jsonl
  Compressing branch 'lep_e' with compressor 'sperr' (bitrate=2)...
  Appended results to data/muon-sperr-sweep/results.jsonl
  Compressing branch 'lep_e' with compressor 'sperr' (bitrate=2)...
  Appended results to data/muon-sperr-sweep/results.jsonl
  Compressing branch 'lep_e' with compressor 'sperr' (bitrate=2)...
  Appended results to data/muon-sperr-sweep/results.jsonl
  Compressing branch 'lep_e' with compressor 'sperr' (bitrate=2)...
  Appended results to data/muon-sperr-sweep/results.jsonl
  Compressing branch 'lep_e' with compressor 'sperr' (bitrate=2)...
  Appended results to data/muon-sperr-sweep/results.jsonl
  Compressing branch 'lep_e' with compressor 'sperr' (bitrate=2)...
  Appended results to data/muon-sperr-sweep/results.jsonl
  Compressing branch 'lep_e' with compressor 'sperr' (bitrate=4)...
  Appended results to data/muon-sperr-sweep/results.jsonl
  Compressing branch 'lep_e' with compressor 'sperr' (bitrate=4)...
  Appended results to data/muon-sperr-sweep/results.jsonl
  Compressing branch 'lep_e' with compressor 'sperr' (bitrate=4)...
  Appended results to data/muon-sperr-sweep/results.jsonl
  Compressing branch 'lep_e' with compressor 'sperr' (bitrate=4)...
  Appended results to data/muon-sperr-sweep/results.jsonl
  Compressing branch 'lep_e' with compressor 'sperr' (bitrate=4)...
  Appended results to data/muon-sperr-sweep/results.jsonl
  Compressing branch 'lep_e' with compressor 'sperr' (bitrate=4)...
  Appended results to data/muon-sperr-sweep/results.jsonl
  Compressing branch 'lep_e' with compressor 'sperr' (bitrate=4)...
  Appended results to data/muon-sperr-sweep/results.jsonl
  Compressing branch 'lep_e' with compressor 'sperr' (bitrate=4)...
  Appended results to data/muon-sperr-sweep/results.jsonl
  Compressing branch 'lep_e' with compressor 'sperr' (bitrate=4)...
  Appended results to data/muon-sperr-sweep/results.jsonl
  Compressing branch 'lep_e' with compressor 'sperr' (bitrate=4)...
  Appended results to data/muon-sperr-sweep/results.jsonl
  Compressing branch 'lep_e' with compressor 'sperr' (bitrate=4)...
  Appended results to data/muon-sperr-sweep/results.jsonl
  Compressing branch 'lep_e' with compressor 'sperr' (bitrate=8)...
  Appended results to data/muon-sperr-sweep/results.jsonl
  Compressing branch 'lep_e' with compressor 'sperr' (bitrate=8)...
  Appended results to data/muon-sperr-sweep/results.jsonl
  Compressing branch 'lep_e' with compressor 'sperr' (bitrate=8)...
  Appended results to data/muon-sperr-sweep/results.jsonl
  Compressing branch 'lep_e' with compressor 'sperr' (bitrate=8)...
  Appended results to data/muon-sperr-sweep/results.jsonl
  Compressing branch 'lep_e' with compressor 'sperr' (bitrate=8)...
  Appended results to data/muon-sperr-sweep/results.jsonl
  Compressing branch 'lep_e' with compressor 'sperr' (bitrate=8)...
  Appended results to data/muon-sperr-sweep/results.jsonl
  Compressing branch 'lep_e' with compressor 'sperr' (bitrate=8)...
  Appended results to data/muon-sperr-sweep/results.jsonl
  Compressing branch 'lep_e' with compressor 'sperr' (bitrate=8)...
  Appended results to data/muon-sperr-sweep/results.jsonl
  Compressing branch 'lep_e' with compressor 'sperr' (bitrate=8)...
  Appended results to data/muon-sperr-sweep/results.jsonl
  Compressing branch 'lep_e' with compressor 'sperr' (bitrate=8)...
  Appended results to data/muon-sperr-sweep/results.jsonl
  Compressing branch 'lep_e' with compressor 'sperr' (bitrate=8)...
  Appended results to data/muon-sperr-sweep/results.jsonl
  Compressing branch 'lep_e' with compressor 'sperr' (bitrate=10)...
  Appended results to data/muon-sperr-sweep/results.jsonl
  Compressing branch 'lep_e' with compressor 'sperr' (bitrate=10)...
  Appended results to data/muon-sperr-sweep/results.jsonl
  Compressing branch 'lep_e' with compressor 'sperr' (bitrate=10)...
  Appended results to data/muon-sperr-sweep/results.jsonl
  Compressing branch 'lep_e' with compressor 'sperr' (bitrate=10)...
  Appended results to data/muon-sperr-sweep/results.jsonl
  Compressing branch 'lep_e' with compressor 'sperr' (bitrate=10)...
  Appended results to data/muon-sperr-sweep/results.jsonl
  Compressing branch 'lep_e' with compressor 'sperr' (bitrate=10)...
  Appended results to data/muon-sperr-sweep/results.jsonl
  Compressing branch 'lep_e' with compressor 'sperr' (bitrate=10)...
  Appended results to data/muon-sperr-sweep/results.jsonl
  Compressing branch 'lep_e' with compressor 'sperr' (bitrate=10)...
  Appended results to data/muon-sperr-sweep/results.jsonl
  Compressing branch 'lep_e' with compressor 'sperr' (bitrate=10)...
  Appended results to data/muon-sperr-sweep/results.jsonl
  Compressing branch 'lep_e' with compressor 'sperr' (bitrate=10)...
  Appended results to data/muon-sperr-sweep/results.jsonl
  Compressing branch 'lep_e' with compressor 'sperr' (bitrate=10)...
  Appended results to data/muon-sperr-sweep/results.jsonl
  Compressing branch 'lep_e' with compressor 'sperr' (bitrate=12)...
  Appended results to data/muon-sperr-sweep/results.jsonl
  Compressing branch 'lep_e' with compressor 'sperr' (bitrate=12)...
  Appended results to data/muon-sperr-sweep/results.jsonl
  Compressing branch 'lep_e' with compressor 'sperr' (bitrate=12)...
  Appended results to data/muon-sperr-sweep/results.jsonl
  Compressing branch 'lep_e' with compressor 'sperr' (bitrate=12)...
  Appended results to data/muon-sperr-sweep/results.jsonl
  Compressing branch 'lep_e' with compressor 'sperr' (bitrate=12)...
  Appended results to data/muon-sperr-sweep/results.jsonl
  Compressing branch 'lep_e' with compressor 'sperr' (bitrate=12)...
  Appended results to data/muon-sperr-sweep/results.jsonl
  Compressing branch 'lep_e' with compressor 'sperr' (bitrate=12)...
  Appended results to data/muon-sperr-sweep/results.jsonl
  Compressing branch 'lep_e' with compressor 'sperr' (bitrate=12)...
  Appended results to data/muon-sperr-sweep/results.jsonl
  Compressing branch 'lep_e' with compressor 'sperr' (bitrate=12)...
  Appended results to data/muon-sperr-sweep/results.jsonl
  Compressing branch 'lep_e' with compressor 'sperr' (bitrate=12)...
  Appended results to data/muon-sperr-sweep/results.jsonl
  Compressing branch 'lep_e' with compressor 'sperr' (bitrate=12)...
  Appended results to data/muon-sperr-sweep/results.jsonl
  Compressing branch 'lep_e' with compressor 'sperr' (bitrate=16)...
  Appended results to data/muon-sperr-sweep/results.jsonl
  Compressing branch 'lep_e' with compressor 'sperr' (bitrate=16)...
  Appended results to data/muon-sperr-sweep/results.jsonl
  Compressing branch 'lep_e' with compressor 'sperr' (bitrate=16)...
  Appended results to data/muon-sperr-sweep/results.jsonl
  Compressing branch 'lep_e' with compressor 'sperr' (bitrate=16)...
  Appended results to data/muon-sperr-sweep/results.jsonl
  Compressing branch 'lep_e' with compressor 'sperr' (bitrate=16)...
  Appended results to data/muon-sperr-sweep/results.jsonl
  Compressing branch 'lep_e' with compressor 'sperr' (bitrate=16)...
  Appended results to data/muon-sperr-sweep/results.jsonl
  Compressing branch 'lep_e' with compressor 'sperr' (bitrate=16)...
  Appended results to data/muon-sperr-sweep/results.jsonl
  Compressing branch 'lep_e' with compressor 'sperr' (bitrate=16)...
  Appended results to data/muon-sperr-sweep/results.jsonl
  Compressing branch 'lep_e' with compressor 'sperr' (bitrate=16)...
  Appended results to data/muon-sperr-sweep/results.jsonl
  Compressing branch 'lep_e' with compressor 'sperr' (bitrate=16)...
  Appended results to data/muon-sperr-sweep/results.jsonl
  Compressing branch 'lep_e' with compressor 'sperr' (bitrate=16)...
  Appended results to data/muon-sperr-sweep/results.jsonl
  Compressing branch 'lep_e' with compressor 'sperr' (bitrate=20)...
  Appended results to data/muon-sperr-sweep/results.jsonl
  Compressing branch 'lep_e' with compressor 'sperr' (bitrate=20)...
  Appended results to data/muon-sperr-sweep/results.jsonl
  Compressing branch 'lep_e' with compressor 'sperr' (bitrate=20)...
  Appended results to data/muon-sperr-sweep/results.jsonl
  Compressing branch 'lep_e' with compressor 'sperr' (bitrate=20)...
  Appended results to data/muon-sperr-sweep/results.jsonl
  Compressing branch 'lep_e' with compressor 'sperr' (bitrate=20)...
  Appended results to data/muon-sperr-sweep/results.jsonl
  Compressing branch 'lep_e' with compressor 'sperr' (bitrate=20)...
  Appended results to data/muon-sperr-sweep/results.jsonl
  Compressing branch 'lep_e' with compressor 'sperr' (bitrate=20)...
  Appended results to data/muon-sperr-sweep/results.jsonl
  Compressing branch 'lep_e' with compressor 'sperr' (bitrate=20)...
  Appended results to data/muon-sperr-sweep/results.jsonl
  Compressing branch 'lep_e' with compressor 'sperr' (bitrate=20)...
  Appended results to data/muon-sperr-sweep/results.jsonl
  Compressing branch 'lep_e' with compressor 'sperr' (bitrate=20)...
  Appended results to data/muon-sperr-sweep/results.jsonl
  Compressing branch 'lep_e' with compressor 'sperr' (bitrate=20)...
  Appended results to data/muon-sperr-sweep/results.jsonl
  Compressing branch 'lep_e' with compressor 'sperr' (bitrate=24)...
  Appended results to data/muon-sperr-sweep/results.jsonl
  Compressing branch 'lep_e' with compressor 'sperr' (bitrate=24)...
  Appended results to data/muon-sperr-sweep/results.jsonl
  Compressing branch 'lep_e' with compressor 'sperr' (bitrate=24)...
  Appended results to data/muon-sperr-sweep/results.jsonl
  Compressing branch 'lep_e' with compressor 'sperr' (bitrate=24)...
  Appended results to data/muon-sperr-sweep/results.jsonl
  Compressing branch 'lep_e' with compressor 'sperr' (bitrate=24)...
  Appended results to data/muon-sperr-sweep/results.jsonl
  Compressing branch 'lep_e' with compressor 'sperr' (bitrate=24)...
  Appended results to data/muon-sperr-sweep/results.jsonl
  Compressing branch 'lep_e' with compressor 'sperr' (bitrate=24)...
  Appended results to data/muon-sperr-sweep/results.jsonl
  Compressing branch 'lep_e' with compressor 'sperr' (bitrate=24)...
  Appended results to data/muon-sperr-sweep/results.jsonl
  Compressing branch 'lep_e' with compressor 'sperr' (bitrate=24)...
  Appended results to data/muon-sperr-sweep/results.jsonl
  Compressing branch 'lep_e' with compressor 'sperr' (bitrate=24)...
  Appended results to data/muon-sperr-sweep/results.jsonl
  Compressing branch 'lep_e' with compressor 'sperr' (bitrate=24)...
  Appended results to data/muon-sperr-sweep/results.jsonl
  Compressing branch 'lep_e' with compressor 'sperr' (bitrate=26)...
  Appended results to data/muon-sperr-sweep/results.jsonl
  Compressing branch 'lep_e' with compressor 'sperr' (bitrate=26)...
  Appended results to data/muon-sperr-sweep/results.jsonl
  Compressing branch 'lep_e' with compressor 'sperr' (bitrate=26)...
  Appended results to data/muon-sperr-sweep/results.jsonl
  Compressing branch 'lep_e' with compressor 'sperr' (bitrate=26)...
  Appended results to data/muon-sperr-sweep/results.jsonl
  Compressing branch 'lep_e' with compressor 'sperr' (bitrate=26)...
  Appended results to data/muon-sperr-sweep/results.jsonl
  Compressing branch 'lep_e' with compressor 'sperr' (bitrate=26)...
  Appended results to data/muon-sperr-sweep/results.jsonl
  Compressing branch 'lep_e' with compressor 'sperr' (bitrate=26)...
  Appended results to data/muon-sperr-sweep/results.jsonl
  Compressing branch 'lep_e' with compressor 'sperr' (bitrate=26)...
  Appended results to data/muon-sperr-sweep/results.jsonl
  Compressing branch 'lep_e' with compressor 'sperr' (bitrate=26)...
  Appended results to data/muon-sperr-sweep/results.jsonl
  Compressing branch 'lep_e' with compressor 'sperr' (bitrate=26)...
  Appended results to data/muon-sperr-sweep/results.jsonl
  Compressing branch 'lep_e' with compressor 'sperr' (bitrate=26)...
  Appended results to data/muon-sperr-sweep/results.jsonl
  Compressing branch 'lep_e' with compressor 'sperr' (bitrate=28)...
  Appended results to data/muon-sperr-sweep/results.jsonl
  Compressing branch 'lep_e' with compressor 'sperr' (bitrate=28)...
  Appended results to data/muon-sperr-sweep/results.jsonl
  Compressing branch 'lep_e' with compressor 'sperr' (bitrate=28)...
  Appended results to data/muon-sperr-sweep/results.jsonl
  Compressing branch 'lep_e' with compressor 'sperr' (bitrate=28)...
  Appended results to data/muon-sperr-sweep/results.jsonl
  Compressing branch 'lep_e' with compressor 'sperr' (bitrate=28)...
  Appended results to data/muon-sperr-sweep/results.jsonl
  Compressing branch 'lep_e' with compressor 'sperr' (bitrate=28)...
  Appended results to data/muon-sperr-sweep/results.jsonl
  Compressing branch 'lep_e' with compressor 'sperr' (bitrate=28)...
  Appended results to data/muon-sperr-sweep/results.jsonl
  Compressing branch 'lep_e' with compressor 'sperr' (bitrate=28)...
  Appended results to data/muon-sperr-sweep/results.jsonl
  Compressing branch 'lep_e' with compressor 'sperr' (bitrate=28)...
  Appended results to data/muon-sperr-sweep/results.jsonl
  Compressing branch 'lep_e' with compressor 'sperr' (bitrate=28)...
  Appended results to data/muon-sperr-sweep/results.jsonl
  Compressing branch 'lep_e' with compressor 'sperr' (bitrate=28)...
  Appended results to data/muon-sperr-sweep/results.jsonl
  Compressing branch 'lep_e' with compressor 'sperr' (bitrate=30)...
  Appended results to data/muon-sperr-sweep/results.jsonl
  Compressing branch 'lep_e' with compressor 'sperr' (bitrate=30)...
  Appended results to data/muon-sperr-sweep/results.jsonl
  Compressing branch 'lep_e' with compressor 'sperr' (bitrate=30)...
  Appended results to data/muon-sperr-sweep/results.jsonl
  Compressing branch 'lep_e' with compressor 'sperr' (bitrate=30)...
  Appended results to data/muon-sperr-sweep/results.jsonl
  Compressing branch 'lep_e' with compressor 'sperr' (bitrate=30)...
  Appended results to data/muon-sperr-sweep/results.jsonl
  Compressing branch 'lep_e' with compressor 'sperr' (bitrate=30)...
  Appended results to data/muon-sperr-sweep/results.jsonl
  Compressing branch 'lep_e' with compressor 'sperr' (bitrate=30)...
  Appended results to data/muon-sperr-sweep/results.jsonl
  Compressing branch 'lep_e' with compressor 'sperr' (bitrate=30)...
  Appended results to data/muon-sperr-sweep/results.jsonl
  Compressing branch 'lep_e' with compressor 'sperr' (bitrate=30)...
  Appended results to data/muon-sperr-sweep/results.jsonl
  Compressing branch 'lep_e' with compressor 'sperr' (bitrate=30)...
  Appended results to data/muon-sperr-sweep/results.jsonl
  Compressing branch 'lep_e' with compressor 'sperr' (bitrate=30)...
  Appended results to data/muon-sperr-sweep/results.jsonl
  Compressing branch 'lep_e' with compressor 'sperr' (bitrate=32)...
  Appended results to data/muon-sperr-sweep/results.jsonl
  Compressing branch 'lep_e' with compressor 'sperr' (bitrate=32)...
  Appended results to data/muon-sperr-sweep/results.jsonl
  Compressing branch 'lep_e' with compressor 'sperr' (bitrate=32)...
  Appended results to data/muon-sperr-sweep/results.jsonl
  Compressing branch 'lep_e' with compressor 'sperr' (bitrate=32)...
  Appended results to data/muon-sperr-sweep/results.jsonl
  Compressing branch 'lep_e' with compressor 'sperr' (bitrate=32)...
  Appended results to data/muon-sperr-sweep/results.jsonl
  Compressing branch 'lep_e' with compressor 'sperr' (bitrate=32)...
  Appended results to data/muon-sperr-sweep/results.jsonl
  Compressing branch 'lep_e' with compressor 'sperr' (bitrate=32)...
  Appended results to data/muon-sperr-sweep/results.jsonl
  Compressing branch 'lep_e' with compressor 'sperr' (bitrate=32)...
  Appended results to data/muon-sperr-sweep/results.jsonl
  Compressing branch 'lep_e' with compressor 'sperr' (bitrate=32)...
  Appended results to data/muon-sperr-sweep/results.jsonl
  Compressing branch 'lep_e' with compressor 'sperr' (bitrate=32)...
  Appended results to data/muon-sperr-sweep/results.jsonl
  Compressing branch 'lep_e' with compressor 'sperr' (bitrate=32)...
  Appended results to data/muon-sperr-sweep/results.jsonl
  Compressing branch 'lep_e' with compressor 'sperr' (pwe=100)...
  Appended results to data/muon-sperr-sweep/results.jsonl
  Compressing branch 'lep_e' with compressor 'sperr' (pwe=100)...
  Appended results to data/muon-sperr-sweep/results.jsonl
  Compressing branch 'lep_e' with compressor 'sperr' (pwe=100)...
  Appended results to data/muon-sperr-sweep/results.jsonl
  Compressing branch 'lep_e' with compressor 'sperr' (pwe=100)...
  Appended results to data/muon-sperr-sweep/results.jsonl
  Compressing branch 'lep_e' with compressor 'sperr' (pwe=100)...
  Appended results to data/muon-sperr-sweep/results.jsonl
  Compressing branch 'lep_e' with compressor 'sperr' (pwe=100)...
  Appended results to data/muon-sperr-sweep/results.jsonl
  Compressing branch 'lep_e' with compressor 'sperr' (pwe=100)...
  Appended results to data/muon-sperr-sweep/results.jsonl
  Compressing branch 'lep_e' with compressor 'sperr' (pwe=100)...
  Appended results to data/muon-sperr-sweep/results.jsonl
  Compressing branch 'lep_e' with compressor 'sperr' (pwe=100)...
  Appended results to data/muon-sperr-sweep/results.jsonl
  Compressing branch 'lep_e' with compressor 'sperr' (pwe=100)...
  Appended results to data/muon-sperr-sweep/results.jsonl
  Compressing branch 'lep_e' with compressor 'sperr' (pwe=100)...
  Appended results to data/muon-sperr-sweep/results.jsonl
  Compressing branch 'lep_e' with compressor 'sperr' (pwe=10)...
  Appended results to data/muon-sperr-sweep/results.jsonl
  Compressing branch 'lep_e' with compressor 'sperr' (pwe=10)...
  Appended results to data/muon-sperr-sweep/results.jsonl
  Compressing branch 'lep_e' with compressor 'sperr' (pwe=10)...
  Appended results to data/muon-sperr-sweep/results.jsonl
  Compressing branch 'lep_e' with compressor 'sperr' (pwe=10)...
  Appended results to data/muon-sperr-sweep/results.jsonl
  Compressing branch 'lep_e' with compressor 'sperr' (pwe=10)...
  Appended results to data/muon-sperr-sweep/results.jsonl
  Compressing branch 'lep_e' with compressor 'sperr' (pwe=10)...
  Appended results to data/muon-sperr-sweep/results.jsonl
  Compressing branch 'lep_e' with compressor 'sperr' (pwe=10)...
  Appended results to data/muon-sperr-sweep/results.jsonl
  Compressing branch 'lep_e' with compressor 'sperr' (pwe=10)...
  Appended results to data/muon-sperr-sweep/results.jsonl
  Compressing branch 'lep_e' with compressor 'sperr' (pwe=10)...
  Appended results to data/muon-sperr-sweep/results.jsonl
  Compressing branch 'lep_e' with compressor 'sperr' (pwe=10)...
  Appended results to data/muon-sperr-sweep/results.jsonl
  Compressing branch 'lep_e' with compressor 'sperr' (pwe=10)...
  Appended results to data/muon-sperr-sweep/results.jsonl
  Compressing branch 'lep_e' with compressor 'sperr' (pwe=1)...
  Appended results to data/muon-sperr-sweep/results.jsonl
  Compressing branch 'lep_e' with compressor 'sperr' (pwe=1)...
  Appended results to data/muon-sperr-sweep/results.jsonl
  Compressing branch 'lep_e' with compressor 'sperr' (pwe=1)...
  Appended results to data/muon-sperr-sweep/results.jsonl
  Compressing branch 'lep_e' with compressor 'sperr' (pwe=1)...
  Appended results to data/muon-sperr-sweep/results.jsonl
  Compressing branch 'lep_e' with compressor 'sperr' (pwe=1)...
  Appended results to data/muon-sperr-sweep/results.jsonl
  Compressing branch 'lep_e' with compressor 'sperr' (pwe=1)...
  Appended results to data/muon-sperr-sweep/results.jsonl
  Compressing branch 'lep_e' with compressor 'sperr' (pwe=1)...
  Appended results to data/muon-sperr-sweep/results.jsonl
  Compressing branch 'lep_e' with compressor 'sperr' (pwe=1)...
  Appended results to data/muon-sperr-sweep/results.jsonl
  Compressing branch 'lep_e' with compressor 'sperr' (pwe=1)...
  Appended results to data/muon-sperr-sweep/results.jsonl
  Compressing branch 'lep_e' with compressor 'sperr' (pwe=1)...
  Appended results to data/muon-sperr-sweep/results.jsonl
  Compressing branch 'lep_e' with compressor 'sperr' (pwe=1)...
  Appended results to data/muon-sperr-sweep/results.jsonl
  Compressing branch 'lep_e' with compressor 'sperr' (pwe=0.1)...
  Appended results to data/muon-sperr-sweep/results.jsonl
  Compressing branch 'lep_e' with compressor 'sperr' (pwe=0.1)...
  Appended results to data/muon-sperr-sweep/results.jsonl
  Compressing branch 'lep_e' with compressor 'sperr' (pwe=0.1)...
  Appended results to data/muon-sperr-sweep/results.jsonl
  Compressing branch 'lep_e' with compressor 'sperr' (pwe=0.1)...
  Appended results to data/muon-sperr-sweep/results.jsonl
  Compressing branch 'lep_e' with compressor 'sperr' (pwe=0.1)...
  Appended results to data/muon-sperr-sweep/results.jsonl
  Compressing branch 'lep_e' with compressor 'sperr' (pwe=0.1)...
  Appended results to data/muon-sperr-sweep/results.jsonl
  Compressing branch 'lep_e' with compressor 'sperr' (pwe=0.1)...
  Appended results to data/muon-sperr-sweep/results.jsonl
  Compressing branch 'lep_e' with compressor 'sperr' (pwe=0.1)...
  Appended results to data/muon-sperr-sweep/results.jsonl
  Compressing branch 'lep_e' with compressor 'sperr' (pwe=0.1)...
  Appended results to data/muon-sperr-sweep/results.jsonl
  Compressing branch 'lep_e' with compressor 'sperr' (pwe=0.1)...
  Appended results to data/muon-sperr-sweep/results.jsonl
  Compressing branch 'lep_e' with compressor 'sperr' (pwe=0.1)...
  Appended results to data/muon-sperr-sweep/results.jsonl
  Compressing branch 'lep_e' with compressor 'sperr' (pwe=0.01)...
  Appended results to data/muon-sperr-sweep/results.jsonl
  Compressing branch 'lep_e' with compressor 'sperr' (pwe=0.01)...
  Appended results to data/muon-sperr-sweep/results.jsonl
  Compressing branch 'lep_e' with compressor 'sperr' (pwe=0.01)...
  Appended results to data/muon-sperr-sweep/results.jsonl
  Compressing branch 'lep_e' with compressor 'sperr' (pwe=0.01)...
  Appended results to data/muon-sperr-sweep/results.jsonl
  Compressing branch 'lep_e' with compressor 'sperr' (pwe=0.01)...
  Appended results to data/muon-sperr-sweep/results.jsonl
  Compressing branch 'lep_e' with compressor 'sperr' (pwe=0.01)...
  Appended results to data/muon-sperr-sweep/results.jsonl
  Compressing branch 'lep_e' with compressor 'sperr' (pwe=0.01)...
  Appended results to data/muon-sperr-sweep/results.jsonl
  Compressing branch 'lep_e' with compressor 'sperr' (pwe=0.01)...
  Appended results to data/muon-sperr-sweep/results.jsonl
  Compressing branch 'lep_e' with compressor 'sperr' (pwe=0.01)...
  Appended results to data/muon-sperr-sweep/results.jsonl
  Compressing branch 'lep_e' with compressor 'sperr' (pwe=0.01)...
  Appended results to data/muon-sperr-sweep/results.jsonl
  Compressing branch 'lep_e' with compressor 'sperr' (pwe=0.01)...
  Appended results to data/muon-sperr-sweep/results.jsonl
  Compressing branch 'lep_e' with compressor 'sperr' (pwe=0.001)...
  Appended results to data/muon-sperr-sweep/results.jsonl
  Compressing branch 'lep_e' with compressor 'sperr' (pwe=0.001)...
  Appended results to data/muon-sperr-sweep/results.jsonl
  Compressing branch 'lep_e' with compressor 'sperr' (pwe=0.001)...
  Appended results to data/muon-sperr-sweep/results.jsonl
  Compressing branch 'lep_e' with compressor 'sperr' (pwe=0.001)...
  Appended results to data/muon-sperr-sweep/results.jsonl
  Compressing branch 'lep_e' with compressor 'sperr' (pwe=0.001)...
  Appended results to data/muon-sperr-sweep/results.jsonl
  Compressing branch 'lep_e' with compressor 'sperr' (pwe=0.001)...
  Appended results to data/muon-sperr-sweep/results.jsonl
  Compressing branch 'lep_e' with compressor 'sperr' (pwe=0.001)...
  Appended results to data/muon-sperr-sweep/results.jsonl
  Compressing branch 'lep_e' with compressor 'sperr' (pwe=0.001)...
  Appended results to data/muon-sperr-sweep/results.jsonl
  Compressing branch 'lep_e' with compressor 'sperr' (pwe=0.001)...
  Appended results to data/muon-sperr-sweep/results.jsonl
  Compressing branch 'lep_e' with compressor 'sperr' (pwe=0.001)...
  Appended results to data/muon-sperr-sweep/results.jsonl
  Compressing branch 'lep_e' with compressor 'sperr' (pwe=0.001)...
  Appended results to data/muon-sperr-sweep/results.jsonl
  Compressing branch 'lep_e' with compressor 'sperr' (pwe=0.0001)...
  Appended results to data/muon-sperr-sweep/results.jsonl
  Compressing branch 'lep_e' with compressor 'sperr' (pwe=0.0001)...
  Appended results to data/muon-sperr-sweep/results.jsonl
  Compressing branch 'lep_e' with compressor 'sperr' (pwe=0.0001)...
  Appended results to data/muon-sperr-sweep/results.jsonl
  Compressing branch 'lep_e' with compressor 'sperr' (pwe=0.0001)...
  Appended results to data/muon-sperr-sweep/results.jsonl
  Compressing branch 'lep_e' with compressor 'sperr' (pwe=0.0001)...
  Appended results to data/muon-sperr-sweep/results.jsonl
  Compressing branch 'lep_e' with compressor 'sperr' (pwe=0.0001)...
  Appended results to data/muon-sperr-sweep/results.jsonl
  Compressing branch 'lep_e' with compressor 'sperr' (pwe=0.0001)...
  Appended results to data/muon-sperr-sweep/results.jsonl
  Compressing branch 'lep_e' with compressor 'sperr' (pwe=0.0001)...
  Appended results to data/muon-sperr-sweep/results.jsonl
  Compressing branch 'lep_e' with compressor 'sperr' (pwe=0.0001)...
  Appended results to data/muon-sperr-sweep/results.jsonl
  Compressing branch 'lep_e' with compressor 'sperr' (pwe=0.0001)...
  Appended results to data/muon-sperr-sweep/results.jsonl
  Compressing branch 'lep_e' with compressor 'sperr' (pwe=0.0001)...
  Appended results to data/muon-sperr-sweep/results.jsonl
  Compressing branch 'lep_e' with compressor 'sperr' (pwe=1e-05)...
  Appended results to data/muon-sperr-sweep/results.jsonl
  Compressing branch 'lep_e' with compressor 'sperr' (pwe=1e-05)...
  Appended results to data/muon-sperr-sweep/results.jsonl
  Compressing branch 'lep_e' with compressor 'sperr' (pwe=1e-05)...
  Appended results to data/muon-sperr-sweep/results.jsonl
  Compressing branch 'lep_e' with compressor 'sperr' (pwe=1e-05)...
  Appended results to data/muon-sperr-sweep/results.jsonl
  Compressing branch 'lep_e' with compressor 'sperr' (pwe=1e-05)...
  Appended results to data/muon-sperr-sweep/results.jsonl
  Compressing branch 'lep_e' with compressor 'sperr' (pwe=1e-05)...
  Appended results to data/muon-sperr-sweep/results.jsonl
  Compressing branch 'lep_e' with compressor 'sperr' (pwe=1e-05)...
  Appended results to data/muon-sperr-sweep/results.jsonl
  Compressing branch 'lep_e' with compressor 'sperr' (pwe=1e-05)...
  Appended results to data/muon-sperr-sweep/results.jsonl
  Compressing branch 'lep_e' with compressor 'sperr' (pwe=1e-05)...
  Appended results to data/muon-sperr-sweep/results.jsonl
  Compressing branch 'lep_e' with compressor 'sperr' (pwe=1e-05)...
  Appended results to data/muon-sperr-sweep/results.jsonl
  Compressing branch 'lep_e' with compressor 'sperr' (pwe=1e-05)...
  Appended results to data/muon-sperr-sweep/results.jsonl
  Compressing branch 'lep_e' with compressor 'sperr' (pwe=1e-06)...
  Appended results to data/muon-sperr-sweep/results.jsonl
  Compressing branch 'lep_e' with compressor 'sperr' (pwe=1e-06)...
  Appended results to data/muon-sperr-sweep/results.jsonl
  Compressing branch 'lep_e' with compressor 'sperr' (pwe=1e-06)...
  Appended results to data/muon-sperr-sweep/results.jsonl
  Compressing branch 'lep_e' with compressor 'sperr' (pwe=1e-06)...
  Appended results to data/muon-sperr-sweep/results.jsonl
  Compressing branch 'lep_e' with compressor 'sperr' (pwe=1e-06)...
  Appended results to data/muon-sperr-sweep/results.jsonl
  Compressing branch 'lep_e' with compressor 'sperr' (pwe=1e-06)...
  Appended results to data/muon-sperr-sweep/results.jsonl
  Compressing branch 'lep_e' with compressor 'sperr' (pwe=1e-06)...
  Appended results to data/muon-sperr-sweep/results.jsonl
  Compressing branch 'lep_e' with compressor 'sperr' (pwe=1e-06)...
  Appended results to data/muon-sperr-sweep/results.jsonl
  Compressing branch 'lep_e' with compressor 'sperr' (pwe=1e-06)...
  Appended results to data/muon-sperr-sweep/results.jsonl
  Compressing branch 'lep_e' with compressor 'sperr' (pwe=1e-06)...
  Appended results to data/muon-sperr-sweep/results.jsonl
  Compressing branch 'lep_e' with compressor 'sperr' (pwe=1e-06)...
  Appended results to data/muon-sperr-sweep/results.jsonl
