branch,compressor,metric,higher_is_better,compression_ratio,metric_value,chunk_size,config_note
eta,sperr,psnr,True,0.9978046417236328,217.3642578125,16384,quality=32.0
eta,sperr,psnr,True,0.9989011287689208,217.33094787597656,32768,quality=32.0
eta,sperr,psnr,True,0.9997225403785706,217.24139404296875,131072,quality=32.0
eta,sperr,psnr,True,0.9998612403869628,217.21212768554688,262144,quality=32.0
eta,sperr,psnr,True,0.9999289512634276,217.14535522460932,524288,quality=32.0
eta,sperr,psnr,True,0.9999627470970154,217.1339569091797,1048576,quality=32.0
eta,sperr,psnr,True,1.06541645526886,199.98342895507807,32768,quality=30.0
eta,sperr,psnr,True,1.0665087699890137,199.95790100097656,262144,quality=30.0
eta,sperr,psnr,True,1.0666242837905884,199.8967742919922,1048576,quality=30.0
eta,sperr,psnr,True,1.137142777442932,182.250732421875,8192,quality=28.0
eta,sperr,psnr,True,1.1399905681610107,182.24722290039065,16384,quality=28.0
eta,sperr,psnr,True,1.1414220333099363,182.2135009765625,32768,quality=28.0
eta,sperr,psnr,True,1.1421369314193726,182.20114135742188,65536,quality=28.0
eta,sperr,psnr,True,1.1424946784973145,182.200912475586,131072,quality=28.0
eta,sperr,psnr,True,1.1426758766174316,182.17819213867188,262144,quality=28.0
eta,sperr,psnr,True,1.1427642107009888,182.16928100585932,524288,quality=28.0
eta,sperr,psnr,True,1.142808437347412,182.1505584716797,1048576,quality=28.0
eta,sperr,psnr,True,1.227445363998413,162.88543701171875,16384,quality=26.0
eta,sperr,psnr,True,1.229104995727539,162.87594604492188,32768,quality=26.0
eta,sperr,psnr,True,1.2299339771270752,162.86614990234375,65536,quality=26.0
eta,sperr,psnr,True,1.230348825454712,162.85104370117188,131072,quality=26.0
eta,sperr,psnr,True,1.23055899143219,162.8249969482422,262144,quality=26.0
eta,sperr,psnr,True,1.2306615114212036,162.82135009765625,524288,quality=26.0
eta,sperr,psnr,True,1.2307127714157104,162.81089782714844,1048576,quality=26.0
eta,sperr,psnr,True,1.3294333219528198,149.89068603515625,16384,quality=24.0
eta,sperr,psnr,True,1.3313804864883425,149.889892578125,32768,quality=24.0
eta,sperr,psnr,True,1.3323532342910769,149.88600158691406,65536,quality=24.0
eta,sperr,psnr,True,1.332840085029602,149.88308715820312,131072,quality=24.0
eta,sperr,psnr,True,1.3332070112228394,149.87489318847656,524288,quality=24.0
eta,sperr,psnr,True,1.333267092704773,149.8628387451172,1048576,quality=24.0
eta,sperr,psnr,True,1.594387173652649,126.10747528076172,16384,quality=20.0
eta,sperr,psnr,True,1.5971885919570925,126.10123443603516,32768,quality=20.0
eta,sperr,psnr,True,1.5985887050628662,126.0927963256836,65536,quality=20.0
eta,sperr,psnr,True,1.5992896556854248,126.08912658691406,131072,quality=20.0
eta,sperr,psnr,True,1.599644660949707,126.07632446289062,262144,quality=20.0
eta,sperr,psnr,True,1.5998178720474243,126.07170104980467,524288,quality=20.0
eta,sperr,psnr,True,1.5999045372009275,126.0614776611328,1048576,quality=20.0
eta,sperr,psnr,True,1.9912378787994385,102.02398681640624,16384,quality=16.0
eta,sperr,psnr,True,1.9956092834472656,102.01715087890624,32768,quality=16.0
eta,sperr,psnr,True,1.9977954626083367,102.01309204101562,65536,quality=16.0
eta,sperr,psnr,True,1.998890399932861,102.00669860839844,131072,quality=16.0
eta,sperr,psnr,True,1.999445080757141,101.99855041503906,262144,quality=16.0
eta,sperr,psnr,True,1.9997156858444207,101.9936981201172,524288,quality=16.0
eta,sperr,psnr,True,1.999851107597351,101.97586822509766,1048576,quality=16.0
eta,sperr,psnr,True,2.6511118412017822,77.93852996826172,16384,quality=12.0
eta,sperr,psnr,True,2.6588664054870605,77.9345474243164,32768,quality=12.0
eta,sperr,psnr,True,2.662748575210572,77.92729949951172,65536,quality=12.0
eta,sperr,psnr,True,2.66469407081604,77.92127990722656,131072,quality=12.0
eta,sperr,psnr,True,2.665679931640625,77.91352844238281,262144,quality=12.0
eta,sperr,psnr,True,2.666161060333252,77.91015625,524288,quality=12.0
eta,sperr,psnr,True,2.666401624679565,77.90098571777344,1048576,quality=12.0
eta,sperr,psnr,True,3.0793979167938232,66.9419174194336,65536,quality=0.01
eta,sperr,psnr,True,3.0819883346557617,66.94184875488281,131072,quality=0.01
eta,sperr,psnr,True,3.0833635330200195,66.94123840332031,262144,quality=0.01
eta,sperr,psnr,True,3.0840189456939697,66.93954467773438,524288,quality=0.01
eta,sperr,psnr,True,3.084358692169189,66.93632507324219,1048576,quality=0.01
eta,sperr,psnr,True,3.177626848220825,65.90123748779297,16384,quality=10.0
eta,sperr,psnr,True,3.18877387046814,65.89651489257812,32768,quality=10.0
eta,sperr,psnr,True,3.194359540939331,65.88835144042969,65536,quality=10.0
eta,sperr,psnr,True,3.1971595287323,65.88399505615234,131072,quality=10.0
eta,sperr,psnr,True,3.1985788345336914,65.8758544921875,262144,quality=10.0
eta,sperr,psnr,True,3.199271440505981,65.86494445800781,524288,quality=10.0
eta,sperr,psnr,True,3.199618101119995,65.85279083251953,1048576,quality=10.0
eta,sperr,psnr,True,3.965104341506958,53.85390472412109,16384,quality=8.0
eta,sperr,psnr,True,3.9911916255950928,53.851200103759766,65536,quality=8.0
eta,sperr,psnr,True,3.995563983917236,53.84798049926758,131072,quality=8.0
eta,sperr,psnr,True,3.997780799865722,53.84751892089844,262144,quality=8.0
eta,sperr,psnr,True,3.999404430389404,53.841529846191406,1048576,quality=8.0
eta,sperr,psnr,True,4.114421844482422,52.98715591430664,1048576,quality=0.05
eta,sperr,psnr,True,4.701075553894043,46.97652816772461,1048576,quality=0.1
eta,sperr,psnr,True,6.869283676147461,33.18827819824219,1048576,quality=0.5
eta,sperr,psnr,True,7.997614860534668,30.315174102783203,1048576,quality=4.0
eta,sperr,psnr,True,15.990455627441406,15.861923217773438,1048576,quality=2.0
eta,sperr,wasserstein_distance,False,0.9978046417236328,6.8893050986229546e-12,16384,quality=32.0
eta,sperr,wasserstein_distance,False,0.9989011287689208,6.954975657891271e-12,32768,quality=32.0
eta,sperr,wasserstein_distance,False,0.9997225403785706,7.026010849509046e-12,131072,quality=32.0
eta,sperr,wasserstein_distance,False,0.9998612403869628,7.082234538408061e-12,262144,quality=32.0
eta,sperr,wasserstein_distance,False,0.9999289512634276,7.13030285856564e-12,524288,quality=32.0
eta,sperr,wasserstein_distance,False,0.9999627470970154,7.164293464034799e-12,1048576,quality=32.0
eta,sperr,wasserstein_distance,False,1.0567578077316284,9.901163916525846e-11,4096,quality=30.0
eta,sperr,wasserstein_distance,False,1.06541645526886,9.929186639556775e-11,32768,quality=30.0
eta,sperr,wasserstein_distance,False,1.0665087699890137,9.964695735220627e-11,262144,quality=30.0
eta,sperr,wasserstein_distance,False,1.0666242837905884,1.0059551802665824e-10,1048576,quality=30.0
eta,sperr,wasserstein_distance,False,1.137142777442932,1.50683876487534e-09,8192,quality=28.0
eta,sperr,wasserstein_distance,False,1.1399905681610107,1.508126623583905e-09,16384,quality=28.0
eta,sperr,wasserstein_distance,False,1.1414220333099363,1.5167815892169752e-09,32768,quality=28.0
eta,sperr,wasserstein_distance,False,1.1424946784973145,1.519620873580152e-09,131072,quality=28.0
eta,sperr,wasserstein_distance,False,1.1426758766174316,1.524964488019975e-09,262144,quality=28.0
eta,sperr,wasserstein_distance,False,1.1427642107009888,1.5272406672650614e-09,524288,quality=28.0
eta,sperr,wasserstein_distance,False,1.142808437347412,1.5314504109298355e-09,1048576,quality=28.0
eta,sperr,wasserstein_distance,False,1.227445363998413,2.87881682936586e-08,16384,quality=26.0
eta,sperr,wasserstein_distance,False,1.229104995727539,2.8828143427972464e-08,32768,quality=26.0
eta,sperr,wasserstein_distance,False,1.2299339771270752,2.8862013223829308e-08,65536,quality=26.0
eta,sperr,wasserstein_distance,False,1.230348825454712,2.893905914902461e-08,131072,quality=26.0
eta,sperr,wasserstein_distance,False,1.23055899143219,2.908525686962093e-08,262144,quality=26.0
eta,sperr,wasserstein_distance,False,1.2306615114212036,2.9141972390789306e-08,524288,quality=26.0
eta,sperr,wasserstein_distance,False,1.2307127714157104,2.917974484262232e-08,1048576,quality=26.0
eta,sperr,wasserstein_distance,False,1.3294333219528198,2.294289629389823e-07,16384,quality=24.0
eta,sperr,wasserstein_distance,False,1.3313804864883425,2.295222287784782e-07,32768,quality=24.0
eta,sperr,wasserstein_distance,False,1.3323532342910769,2.2961091872275574e-07,65536,quality=24.0
eta,sperr,wasserstein_distance,False,1.332840085029602,2.2973289048877637e-07,131072,quality=24.0
eta,sperr,wasserstein_distance,False,1.333086609840393,2.3021816275559106e-07,262144,quality=24.0
eta,sperr,wasserstein_distance,False,1.3332070112228394,2.3031265072859242e-07,524288,quality=24.0
eta,sperr,wasserstein_distance,False,1.333267092704773,2.3103889645881281e-07,1048576,quality=24.0
eta,sperr,wasserstein_distance,False,1.594387173652649,2.4566650154156378e-06,16384,quality=20.0
eta,sperr,wasserstein_distance,False,1.5971885919570925,2.4576538635301404e-06,32768,quality=20.0
eta,sperr,wasserstein_distance,False,1.5985887050628662,2.4681276045157574e-06,65536,quality=20.0
eta,sperr,wasserstein_distance,False,1.5992896556854248,2.4745747850829503e-06,131072,quality=20.0
eta,sperr,wasserstein_distance,False,1.599644660949707,2.495629360055318e-06,262144,quality=20.0
eta,sperr,wasserstein_distance,False,1.5998178720474243,2.532166945456993e-06,524288,quality=20.0
eta,sperr,wasserstein_distance,False,1.5999045372009275,2.6034688289655605e-06,1048576,quality=20.0
eta,sperr,wasserstein_distance,False,1.9654452800750728,1.1621025805652607e-05,4096,quality=16.0
eta,sperr,wasserstein_distance,False,1.9825654029846191,1.1623929822235368e-05,8192,quality=16.0
eta,sperr,wasserstein_distance,False,1.9912378787994385,1.1693802662193775e-05,16384,quality=16.0
eta,sperr,wasserstein_distance,False,1.9956092834472656,1.187073030450847e-05,32768,quality=16.0
eta,sperr,wasserstein_distance,False,1.9977954626083367,1.21711018437054e-05,65536,quality=16.0
eta,sperr,wasserstein_distance,False,1.998890399932861,1.27369812616962e-05,131072,quality=16.0
eta,sperr,wasserstein_distance,False,1.999445080757141,1.4034951163921504e-05,262144,quality=16.0
eta,sperr,wasserstein_distance,False,1.9997156858444207,1.605063516763039e-05,524288,quality=16.0
eta,sperr,wasserstein_distance,False,1.999851107597351,1.944502037076745e-05,1048576,quality=16.0
eta,sperr,wasserstein_distance,False,2.54724383354187,5.654863707604818e-05,2048,quality=12.0
eta,sperr,wasserstein_distance,False,2.6055874824523926,5.65715781704057e-05,4096,quality=12.0
eta,sperr,wasserstein_distance,False,2.635761260986328,5.831872476846911e-05,8192,quality=12.0
eta,sperr,wasserstein_distance,False,2.6511118412017822,6.285047857090831e-05,16384,quality=12.0
eta,sperr,wasserstein_distance,False,2.6588664054870605,6.634279270656407e-05,32768,quality=12.0
eta,sperr,wasserstein_distance,False,2.662748575210572,8.395479380851611e-05,65536,quality=12.0
eta,sperr,wasserstein_distance,False,2.66469407081604,0.0001038798363879,131072,quality=12.0
eta,sperr,wasserstein_distance,False,2.665679931640625,0.0001450046547688,262144,quality=12.0
eta,sperr,wasserstein_distance,False,2.7858965396881104,0.0001707488263491,1024,quality=0.01
eta,sperr,wasserstein_distance,False,2.927388429641724,0.0001714000973151,2048,quality=0.01
eta,sperr,wasserstein_distance,False,3.0036330223083496,0.0001728763891151,4096,quality=0.01
eta,sperr,wasserstein_distance,False,3.0434257984161377,0.000198850480956,8192,quality=0.01
eta,sperr,wasserstein_distance,False,3.1124467849731445,0.0002102159924106,4096,quality=10.0
eta,sperr,wasserstein_distance,False,3.1555988788604736,0.0002189786900999,8192,quality=10.0
eta,sperr,wasserstein_distance,False,3.177626848220825,0.0002501190174371,16384,quality=10.0
eta,sperr,wasserstein_distance,False,3.18877387046814,0.0002873821358662,32768,quality=10.0
eta,sperr,wasserstein_distance,False,3.194359540939331,0.0003391338686924,65536,quality=10.0
eta,sperr,wasserstein_distance,False,3.1971595287323,0.0004023252695333,131072,quality=10.0
eta,sperr,wasserstein_distance,False,3.1985788345336914,0.0005791228613816,262144,quality=10.0
eta,sperr,wasserstein_distance,False,3.199271440505981,0.0007451755227521,524288,quality=10.0
eta,sperr,wasserstein_distance,False,3.199618101119995,0.0009597991011105,1048576,quality=10.0
eta,sperr,wasserstein_distance,False,3.506816864013672,0.0011451872996985,1024,quality=8.0
eta,sperr,wasserstein_distance,False,3.7371842861175537,0.0012087577488273,2048,quality=8.0
eta,sperr,wasserstein_distance,False,4.0331130027771,0.0013962746597826,8192,quality=0.05
eta,sperr,wasserstein_distance,False,4.073476314544678,0.001502135884948,16384,quality=0.05
eta,sperr,wasserstein_distance,False,4.104491233825684,0.0015963468467816,65536,quality=0.05
eta,sperr,wasserstein_distance,False,4.109714031219482,0.0020045510027557,131072,quality=0.05
eta,sperr,wasserstein_distance,False,4.597412109375,0.0033890511840581,8192,quality=0.1
eta,sperr,wasserstein_distance,False,4.649261474609375,0.0037741865962743,16384,quality=0.1
eta,sperr,wasserstein_distance,False,4.675517082214356,0.0054479148238897,32768,quality=0.1
eta,sperr,wasserstein_distance,False,4.688894748687744,0.0088606067001819,65536,quality=0.1
eta,sperr,wasserstein_distance,False,4.695455074310303,0.0139128509908914,131072,quality=0.1
eta,sperr,wasserstein_distance,False,4.698578834533691,0.019735088571906,262144,quality=0.1
eta,sperr,wasserstein_distance,False,4.7001051902771,0.0228223744779825,524288,quality=0.1
eta,sperr,wasserstein_distance,False,4.701075553894043,0.0262082479894161,1048576,quality=0.1
eta,sperr,wasserstein_distance,False,5.5357985496521,0.031764842569828,1024,quality=0.5
eta,sperr,wasserstein_distance,False,6.133448600769043,0.0439852885901927,2048,quality=0.5
eta,sperr,wasserstein_distance,False,6.481589794158936,0.0728542134165763,4096,quality=0.5
eta,sperr,wasserstein_distance,False,7.013548374176025,0.0969210714101791,2048,quality=4.0
eta,sperr,wasserstein_distance,False,7.474365711212158,0.1224774420261383,4096,quality=4.0
eta,sperr,wasserstein_distance,False,7.728153228759766,0.1459492594003677,8192,quality=4.0
eta,sperr,wasserstein_distance,False,7.861621379852295,0.1632234752178192,16384,quality=4.0
eta,sperr,wasserstein_distance,False,7.930205345153809,0.1748268008232116,32768,quality=4.0
eta,sperr,wasserstein_distance,False,7.964840888977051,0.1830579340457916,65536,quality=4.0
eta,sperr,wasserstein_distance,False,7.982272624969482,0.187570184469223,131072,quality=4.0
eta,sperr,wasserstein_distance,False,7.991125106811523,0.1917195618152618,262144,quality=4.0
eta,sperr,wasserstein_distance,False,7.995450496673584,0.1946418732404709,524288,quality=4.0
eta,sperr,wasserstein_distance,False,7.997614860534668,0.1976101994514465,1048576,quality=4.0
eta,sperr,wasserstein_distance,False,10.239716529846191,0.8236006498336792,1024,quality=2.0
eta,sperr,wasserstein_distance,False,12.487324714660645,0.8704218864440918,2048,quality=2.0
eta,sperr,wasserstein_distance,False,14.027087211608888,0.9079270362854004,4096,quality=2.0
eta,sperr,wasserstein_distance,False,14.94834327697754,0.9358996152877808,8192,quality=2.0
eta,sperr,wasserstein_distance,False,15.455890655517578,0.9544557929039,16384,quality=2.0
eta,sperr,wasserstein_distance,False,15.723230361938477,0.9682608246803284,32768,quality=2.0
eta,sperr,wasserstein_distance,False,15.859972953796388,0.9776081442832948,65536,quality=2.0
eta,sperr,wasserstein_distance,False,15.929240226745604,0.9825290441513062,131072,quality=2.0
eta,sperr,wasserstein_distance,False,15.964532852172852,0.98805034160614,262144,quality=2.0
eta,sperr,wasserstein_distance,False,15.981805801391602,0.991081714630127,524288,quality=2.0
eta,sperr,wasserstein_distance,False,15.990455627441406,0.9925730228424072,1048576,quality=2.0
eta,sperr,ks_statistic,False,0.9998612403869628,4.172325134277344e-07,262144,quality=32.0
eta,sperr,ks_statistic,False,1.142808437347412,7.748603820800781e-07,1048576,quality=28.0
eta,sperr,ks_statistic,False,1.2307127714157104,1.132488250732422e-06,1048576,quality=26.0
eta,sperr,ks_statistic,False,1.3323532342910769,1.5050172805786133e-06,65536,quality=24.0
eta,sperr,ks_statistic,False,1.3332070112228394,1.5497207641601562e-06,524288,quality=24.0
eta,sperr,ks_statistic,False,1.333267092704773,1.879408955574036e-06,1048576,quality=24.0
eta,sperr,ks_statistic,False,1.514786720275879,3.75509262084961e-06,1024,quality=20.0
eta,sperr,ks_statistic,False,1.5888222455978394,3.7606805562973022e-06,8192,quality=20.0
eta,sperr,ks_statistic,False,1.599644660949707,4.135072231292725e-06,262144,quality=20.0
eta,sperr,ks_statistic,False,1.5998178720474243,4.172325134277344e-06,524288,quality=20.0
eta,sperr,ks_statistic,False,1.5999045372009275,4.887580871582031e-06,1048576,quality=20.0
eta,sperr,ks_statistic,False,1.9825654029846191,1.1622905731201172e-05,8192,quality=16.0
eta,sperr,ks_statistic,False,1.9912378787994385,1.2792646884918211e-05,16384,quality=16.0
eta,sperr,ks_statistic,False,1.9956092834472656,1.3172626495361328e-05,32768,quality=16.0
eta,sperr,ks_statistic,False,1.9977954626083367,1.4290213584899902e-05,65536,quality=16.0
eta,sperr,ks_statistic,False,1.998890399932861,1.430511474609375e-05,131072,quality=16.0
eta,sperr,ks_statistic,False,1.999445080757141,1.919269561767578e-05,262144,quality=16.0
eta,sperr,ks_statistic,False,1.9997156858444207,2.407096326351165e-05,524288,quality=16.0
eta,sperr,ks_statistic,False,1.999851107597351,2.5153160095214844e-05,1048576,quality=16.0
eta,sperr,ks_statistic,False,2.662748575210572,0.0001451969146728,65536,quality=12.0
eta,sperr,ks_statistic,False,2.66469407081604,0.0001519322395324,131072,quality=12.0
eta,sperr,ks_statistic,False,2.665679931640625,0.0001880526542663,262144,quality=12.0
eta,sperr,ks_statistic,False,2.666161060333252,0.0002094861119985,524288,quality=12.0
eta,sperr,ks_statistic,False,2.666401624679565,0.0002824664115905,1048576,quality=12.0
eta,sperr,ks_statistic,False,3.0036330223083496,0.000568687915802,4096,quality=0.01
eta,sperr,ks_statistic,False,3.1555988788604736,0.000589370727539,8192,quality=10.0
eta,sperr,ks_statistic,False,3.177626848220825,0.0006224513053894,16384,quality=10.0
eta,sperr,ks_statistic,False,3.18877387046814,0.000648021697998,32768,quality=10.0
eta,sperr,ks_statistic,False,3.199271440505981,0.0006690844893455,524288,quality=10.0
eta,sperr,ks_statistic,False,3.199618101119995,0.0009308457374572,1048576,quality=10.0
eta,sperr,ks_statistic,False,3.864128589630127,0.0015702173113822,4096,quality=8.0
eta,sperr,ks_statistic,False,4.0331130027771,0.0019707679748535,8192,quality=0.05
eta,sperr,ks_statistic,False,4.093882083892822,0.0021200776100158,32768,quality=0.05
eta,sperr,ks_statistic,False,4.104491233825684,0.0022178292274475,65536,quality=0.05
eta,sperr,ks_statistic,False,4.109714031219482,0.0026924908161163,131072,quality=0.05
eta,sperr,ks_statistic,False,4.4974684715271,0.0032848503906279,4096,quality=0.1
eta,sperr,ks_statistic,False,4.597412109375,0.0036831393372267,8192,quality=0.1
eta,sperr,ks_statistic,False,4.649261474609375,0.0037500851321965,16384,quality=0.1
eta,sperr,ks_statistic,False,4.675517082214356,0.0044075064361095,32768,quality=0.1
eta,sperr,ks_statistic,False,4.688894748687744,0.0063173379749059,65536,quality=0.1
eta,sperr,ks_statistic,False,4.695455074310303,0.008257633075118,131072,quality=0.1
eta,sperr,ks_statistic,False,4.698578834533691,0.0116654690355062,262144,quality=0.1
eta,sperr,ks_statistic,False,4.7001051902771,0.0149653628468513,524288,quality=0.1
eta,sperr,ks_statistic,False,4.701075553894043,0.0154892690479755,1048576,quality=0.1
eta,sperr,ks_statistic,False,5.5357985496521,0.0199264883995056,1024,quality=0.5
eta,sperr,ks_statistic,False,6.133448600769043,0.0199520587921142,2048,quality=0.5
eta,sperr,ks_statistic,False,6.481589794158936,0.0289908647537231,4096,quality=0.5
eta,sperr,ks_statistic,False,7.013548374176025,0.0388499498367309,2048,quality=4.0
eta,sperr,ks_statistic,False,7.474365711212158,0.0455866456031799,4096,quality=4.0
eta,sperr,ks_statistic,False,7.728153228759766,0.0562565326690673,8192,quality=4.0
eta,sperr,ks_statistic,False,7.861621379852295,0.0673616528511047,16384,quality=4.0
eta,sperr,ks_statistic,False,7.930205345153809,0.071244478225708,32768,quality=4.0
eta,sperr,ks_statistic,False,7.964840888977051,0.0754925012588501,65536,quality=4.0
eta,sperr,ks_statistic,False,7.982272624969482,0.0778325796127319,131072,quality=4.0
eta,sperr,ks_statistic,False,7.991125106811523,0.0782008171081543,262144,quality=4.0
eta,sperr,ks_statistic,False,7.995450496673584,0.0784249305725097,524288,quality=4.0
eta,sperr,ks_statistic,False,7.997614860534668,0.0787363648414611,1048576,quality=4.0
eta,sperr,ks_statistic,False,10.239716529846191,0.1783725917339325,1024,quality=2.0
eta,sperr,ks_statistic,False,12.487324714660645,0.1886807084083557,2048,quality=2.0
eta,sperr,ks_statistic,False,14.027087211608888,0.1965953409671783,4096,quality=2.0
eta,sperr,ks_statistic,False,14.94834327697754,0.2030386626720428,8192,quality=2.0
eta,sperr,ks_statistic,False,15.455890655517578,0.2080403864383697,16384,quality=2.0
eta,sperr,ks_statistic,False,15.723230361938477,0.2135938704013824,32768,quality=2.0
eta,sperr,ks_statistic,False,15.859972953796388,0.2150655686855316,65536,quality=2.0
eta,sperr,ks_statistic,False,15.929240226745604,0.217042326927185,131072,quality=2.0
eta,sperr,ks_statistic,False,15.964532852172852,0.2196419239044189,262144,quality=2.0
eta,sperr,ks_statistic,False,15.981805801391602,0.2201135754585266,524288,quality=2.0
eta,sperr,ks_statistic,False,15.990455627441406,0.2204242050647735,1048576,quality=2.0
eta,sperr,mse,False,0.9978046417236328,1.7005416524173822e-20,16384,quality=32.0
eta,sperr,mse,False,0.9989011287689208,1.713632108728461e-20,32768,quality=32.0
eta,sperr,mse,False,0.9997225403785706,1.7493297989215258e-20,131072,quality=32.0
eta,sperr,mse,False,0.9998612403869628,1.761168821438691e-20,262144,quality=32.0
eta,sperr,mse,False,0.9999289512634276,1.78845382630815e-20,524288,quality=32.0
eta,sperr,mse,False,0.9999627470970154,1.7931522768109366e-20,1048576,quality=32.0
eta,sperr,mse,False,1.06541645526886,9.304003452904572e-19,32768,quality=30.0
eta,sperr,mse,False,1.0665087699890137,9.358860003177558e-19,262144,quality=30.0
eta,sperr,mse,False,1.0666242837905884,9.491512890061157e-19,1048576,quality=30.0
eta,sperr,mse,False,1.137142777442932,5.519996257609293e-17,8192,quality=28.0
eta,sperr,mse,False,1.1399905681610107,5.524458400705649e-17,16384,quality=28.0
eta,sperr,mse,False,1.1414220333099363,5.567534989157204e-17,32768,quality=28.0
eta,sperr,mse,False,1.1421369314193726,5.583391710627602e-17,65536,quality=28.0
eta,sperr,mse,False,1.1424946784973145,5.583694127859551e-17,131072,quality=28.0
eta,sperr,mse,False,1.1426758766174316,5.612986247711279e-17,262144,quality=28.0
eta,sperr,mse,False,1.1427642107009888,5.624507219282918e-17,524288,quality=28.0
eta,sperr,mse,False,1.142808437347412,5.648816403124626e-17,1048576,quality=28.0
eta,sperr,mse,False,1.227445363998413,4.769462531487674e-15,16384,quality=26.0
eta,sperr,mse,False,1.229104995727539,4.779889930584848e-15,32768,quality=26.0
eta,sperr,mse,False,1.2299339771270752,4.790671389453974e-15,65536,quality=26.0
eta,sperr,mse,False,1.230348825454712,4.8073753026903025e-15,131072,quality=26.0
eta,sperr,mse,False,1.23055899143219,4.8362997837731416e-15,262144,quality=26.0
eta,sperr,mse,False,1.2306615114212036,4.8403536834587015e-15,524288,quality=26.0
eta,sperr,mse,False,1.2307127714157104,4.852029185603655e-15,1048576,quality=26.0
eta,sperr,mse,False,1.3294333219528198,9.50484198183714e-14,16384,quality=24.0
eta,sperr,mse,False,1.3313804864883425,9.5065448568743e-14,32768,quality=24.0
eta,sperr,mse,False,1.3323532342910769,9.51507142933454e-14,65536,quality=24.0
eta,sperr,mse,False,1.332840085029602,9.521453314372333e-14,131072,quality=24.0
eta,sperr,mse,False,1.3332070112228394,9.539448359930161e-14,524288,quality=24.0
eta,sperr,mse,False,1.333267092704773,9.565967267442801e-14,1048576,quality=24.0
eta,sperr,mse,False,1.594387173652649,2.2712528038870688e-11,16384,quality=20.0
eta,sperr,mse,False,1.5971885919570925,2.274517900413553e-11,32768,quality=20.0
eta,sperr,mse,False,1.5985887050628662,2.2789407513879034e-11,65536,quality=20.0
eta,sperr,mse,False,1.5992896556854248,2.280865253612152e-11,131072,quality=20.0
eta,sperr,mse,False,1.599644660949707,2.2875984093118085e-11,262144,quality=20.0
eta,sperr,mse,False,1.5998178720474243,2.290035001906165e-11,524288,quality=20.0
eta,sperr,mse,False,1.5999045372009275,2.295431900112277e-11,1048576,quality=20.0
eta,sperr,mse,False,1.9912378787994385,5.815868675540514e-09,16384,quality=16.0
eta,sperr,mse,False,1.9956092834472656,5.8250164691742165e-09,32768,quality=16.0
eta,sperr,mse,False,1.9977954626083367,5.830472993295643e-09,65536,quality=16.0
eta,sperr,mse,False,1.998890399932861,5.8390559054544156e-09,131072,quality=16.0
eta,sperr,mse,False,1.999445080757141,5.850027129383761e-09,262144,quality=16.0
eta,sperr,mse,False,1.9997156858444207,5.856568119355643e-09,524288,quality=16.0
eta,sperr,mse,False,1.999851107597351,5.88065596218712e-09,1048576,quality=16.0
eta,sperr,mse,False,2.6511118412017822,1.4899086409059237e-06,16384,quality=12.0
eta,sperr,mse,False,2.6588664054870605,1.491274929321662e-06,32768,quality=12.0
eta,sperr,mse,False,2.662748575210572,1.4937671721781951e-06,65536,quality=12.0
eta,sperr,mse,False,2.66469407081604,1.4958391147956718e-06,131072,quality=12.0
eta,sperr,mse,False,2.665679931640625,1.4985088228058885e-06,262144,quality=12.0
eta,sperr,mse,False,2.666161060333252,1.4996743402662105e-06,524288,quality=12.0
eta,sperr,mse,False,2.666401624679565,1.5028444977360778e-06,1048576,quality=12.0
eta,sperr,mse,False,3.0793979167938232,1.8742219253908843e-05,65536,quality=0.01
eta,sperr,mse,False,3.0819883346557617,1.8742513930192217e-05,131072,quality=0.01
eta,sperr,mse,False,3.0833635330200195,1.8745122360996905e-05,262144,quality=0.01
eta,sperr,mse,False,3.0840189456939697,1.8752456526272e-05,524288,quality=0.01
eta,sperr,mse,False,3.084358692169189,1.876635178632569e-05,1048576,quality=0.01
eta,sperr,mse,False,3.177626848220825,2.381710146437399e-05,16384,quality=10.0
eta,sperr,mse,False,3.18877387046814,2.3843005692469887e-05,32768,quality=10.0
eta,sperr,mse,False,3.194359540939331,2.3887871066108343e-05,65536,quality=10.0
eta,sperr,mse,False,3.1971595287323,2.391184352745768e-05,131072,quality=10.0
eta,sperr,mse,False,3.1985788345336914,2.3956692530191503e-05,262144,quality=10.0
eta,sperr,mse,False,3.199271440505981,2.4016968382056803e-05,524288,quality=10.0
eta,sperr,mse,False,3.199618101119995,2.4084285541903228e-05,1048576,quality=10.0
eta,sperr,mse,False,3.965104341506958,0.0003816121898125,16384,quality=8.0
eta,sperr,mse,False,3.9911916255950928,0.0003818497352767,65536,quality=8.0
eta,sperr,mse,False,3.995563983917236,0.0003821328573394,131072,quality=8.0
eta,sperr,mse,False,3.997780799865722,0.0003821736318059,262144,quality=8.0
eta,sperr,mse,False,3.999404430389404,0.0003827009932138,1048576,quality=8.0
eta,sperr,mse,False,4.114421844482422,0.0004659047990571,1048576,quality=0.05
eta,sperr,mse,False,4.701075553894043,0.0018593450076878,1048576,quality=0.1
eta,sperr,mse,False,6.869283676147461,0.0444820336997509,1048576,quality=0.5
eta,sperr,mse,False,7.997614860534668,0.0861975625157356,1048576,quality=4.0
eta,sperr,mse,False,15.990455627441406,2.403367280960083,1048576,quality=2.0
eta,sperr,rel_error_avg,False,0.9827226400375366,9.015099222686727e-10,2048,quality=32.0
eta,sperr,rel_error_avg,False,0.9999289512634276,9.019809898980211e-10,524288,quality=32.0
eta,sperr,rel_error_avg,False,0.9999627470970154,9.320721972017052e-10,1048576,quality=32.0
eta,sperr,rel_error_avg,False,1.0665857791900637,4.007471243738792e-09,524288,quality=30.0
eta,sperr,rel_error_avg,False,1.0666242837905884,4.179650847646599e-09,1048576,quality=30.0
eta,sperr,rel_error_avg,False,1.137142777442932,1.8917068800305973e-08,8192,quality=28.0
eta,sperr,rel_error_avg,False,1.1426758766174316,1.9114686722332408e-08,262144,quality=28.0
eta,sperr,rel_error_avg,False,1.1427642107009888,1.9433009867952933e-08,524288,quality=28.0
eta,sperr,rel_error_avg,False,1.142808437347412,1.969096707910012e-08,1048576,quality=28.0
eta,sperr,rel_error_avg,False,1.227445363998413,8.863651146384657e-08,16384,quality=26.0
eta,sperr,rel_error_avg,False,1.2299339771270752,9.020521218872093e-08,65536,quality=26.0
eta,sperr,rel_error_avg,False,1.23055899143219,9.084928365155065e-08,262144,quality=26.0
eta,sperr,rel_error_avg,False,1.2306615114212036,9.277535184537557e-08,524288,quality=26.0
eta,sperr,rel_error_avg,False,1.2307127714157104,9.335743555993758e-08,1048576,quality=26.0
eta,sperr,rel_error_avg,False,1.3313804864883425,3.933024572688737e-07,32768,quality=24.0
eta,sperr,rel_error_avg,False,1.3332070112228394,3.9761192738296813e-07,524288,quality=24.0
eta,sperr,rel_error_avg,False,1.333267092704773,4.0871830719879654e-07,1048576,quality=24.0
eta,sperr,rel_error_avg,False,1.5971885919570925,6.317623956419993e-06,32768,quality=20.0
eta,sperr,rel_error_avg,False,1.5999045372009275,6.355154255288653e-06,1048576,quality=20.0
eta,sperr,rel_error_avg,False,1.9825654029846191,0.0001009452535072,8192,quality=16.0
eta,sperr,rel_error_avg,False,1.9912378787994385,0.0001010323321679,16384,quality=16.0
eta,sperr,rel_error_avg,False,1.9997156858444207,0.0001028503465931,524288,quality=16.0
eta,sperr,rel_error_avg,False,1.999851107597351,0.0001039295530063,1048576,quality=16.0
eta,sperr,rel_error_avg,False,2.666401624679565,0.0016036338638514,1048576,quality=12.0
eta,sperr,rel_error_avg,False,3.084358692169189,0.0054561747238039,1048576,quality=0.01
eta,sperr,rel_error_avg,False,3.1985788345336914,0.0064618899486958,262144,quality=10.0
eta,sperr,rel_error_avg,False,3.199271440505981,0.0068738847039639,524288,quality=10.0
eta,sperr,rel_error_avg,False,3.199618101119995,0.0071184840053319,1048576,quality=10.0
eta,sperr,rel_error_avg,False,3.997780799865722,0.0226314794272184,262144,quality=8.0
eta,sperr,rel_error_avg,False,3.9988629817962646,0.0232419874519109,524288,quality=8.0
eta,sperr,rel_error_avg,False,3.999404430389404,0.0248540416359901,1048576,quality=8.0
eta,sperr,rel_error_avg,False,4.114421844482422,0.0252437479794025,1048576,quality=0.05
eta,sperr,rel_error_avg,False,4.4974684715271,0.0606135427951812,4096,quality=0.1
eta,sperr,rel_error_avg,False,4.649261474609375,0.0612838007509708,16384,quality=0.1
eta,sperr,rel_error_avg,False,4.675517082214356,0.0636331513524055,32768,quality=0.1
eta,sperr,rel_error_avg,False,4.688894748687744,0.0682741627097129,65536,quality=0.1
eta,sperr,rel_error_avg,False,4.695455074310303,0.0712809637188911,131072,quality=0.1
eta,sperr,rel_error_avg,False,4.698578834533691,0.073729284107685,262144,quality=0.1
eta,sperr,rel_error_avg,False,4.7001051902771,0.0769393742084503,524288,quality=0.1
eta,sperr,rel_error_avg,False,4.701075553894043,0.0795921087265014,1048576,quality=0.1
eta,sperr,rel_error_avg,False,6.8678154945373535,0.1940233558416366,524288,quality=0.5
eta,sperr,rel_error_avg,False,6.869283676147461,0.1944912523031234,1048576,quality=0.5
eta,sperr,rel_error_avg,False,7.995450496673584,0.2300338745117187,524288,quality=4.0
eta,sperr,rel_error_avg,False,7.997614860534668,0.2306177914142608,1048576,quality=4.0
eta,sperr,rel_error_avg,False,15.981805801391602,0.5986765623092651,524288,quality=2.0
eta,sperr,rel_error_avg,False,15.990455627441406,0.5989201664924622,1048576,quality=2.0
eta,sperr,nrmse,False,0.9978046417236328,1.3545260321001229e-11,16384,quality=32.0
eta,sperr,nrmse,False,0.9989011287689208,1.3597294834051356e-11,32768,quality=32.0
eta,sperr,nrmse,False,0.9997225403785706,1.3738191510595228e-11,131072,quality=32.0
eta,sperr,nrmse,False,0.9998612403869628,1.3784601426543796e-11,262144,quality=32.0
eta,sperr,nrmse,False,0.9999289512634276,1.3890970376292058e-11,524288,quality=32.0
eta,sperr,nrmse,False,0.9999627470970154,1.3909204905713419e-11,1048576,quality=32.0
eta,sperr,nrmse,False,1.06541645526886,1.0019098597754753e-10,32768,quality=30.0
eta,sperr,nrmse,False,1.0665087699890137,1.0048591570119588e-10,262144,quality=30.0
eta,sperr,nrmse,False,1.0666242837905884,1.0119555579171157e-10,1048576,quality=30.0
eta,sperr,nrmse,False,1.137142777442932,7.717259618307518e-10,8192,quality=28.0
eta,sperr,nrmse,False,1.1399905681610107,7.720378149449685e-10,16384,quality=28.0
eta,sperr,nrmse,False,1.1414220333099363,7.750419263908773e-10,32768,quality=28.0
eta,sperr,nrmse,False,1.1421369314193726,7.761448279437533e-10,65536,quality=28.0
eta,sperr,nrmse,False,1.1424946784973145,7.761658471023928e-10,131072,quality=28.0
eta,sperr,nrmse,False,1.1426758766174316,7.78199071230412e-10,262144,quality=28.0
eta,sperr,nrmse,False,1.1427642107009888,7.789973106248884e-10,524288,quality=28.0
eta,sperr,nrmse,False,1.142808437347412,7.806789132029086e-10,1048576,quality=28.0
eta,sperr,nrmse,False,1.227445363998413,7.173456015380886e-09,16384,quality=26.0
eta,sperr,nrmse,False,1.229104995727539,7.181293339727155e-09,32768,quality=26.0
eta,sperr,nrmse,False,1.2299339771270752,7.189387794772566e-09,65536,quality=26.0
eta,sperr,nrmse,False,1.230348825454712,7.201910716958351e-09,131072,quality=26.0
eta,sperr,nrmse,False,1.23055899143219,7.223544053225897e-09,262144,quality=26.0
eta,sperr,nrmse,False,1.2306615114212036,7.226570890923302e-09,524288,quality=26.0
eta,sperr,nrmse,False,1.2307127714157104,7.2352813107413665e-09,1048576,quality=26.0
eta,sperr,nrmse,False,1.3294333219528198,3.202330631884077e-08,16384,quality=24.0
eta,sperr,nrmse,False,1.3313804864883425,3.2026174817170577e-08,32768,quality=24.0
eta,sperr,nrmse,False,1.3323532342910769,3.2040533992915164e-08,65536,quality=24.0
eta,sperr,nrmse,False,1.332840085029602,3.205127719809268e-08,131072,quality=24.0
eta,sperr,nrmse,False,1.3332070112228394,3.2081550514468626e-08,524288,quality=24.0
eta,sperr,nrmse,False,1.333267092704773,3.2126111645923984e-08,1048576,quality=24.0
eta,sperr,nrmse,False,1.594387173652649,4.950242304357777e-07,16384,quality=20.0
eta,sperr,nrmse,False,1.5971885919570925,4.953799199083165e-07,32768,quality=20.0
eta,sperr,nrmse,False,1.5985887050628662,4.958613246682688e-07,65536,quality=20.0
eta,sperr,nrmse,False,1.5992896556854248,4.960706510493135e-07,131072,quality=20.0
eta,sperr,nrmse,False,1.599644660949707,4.968023162657327e-07,262144,quality=20.0
eta,sperr,nrmse,False,1.5998178720474243,4.97066825690695e-07,524288,quality=20.0
eta,sperr,nrmse,False,1.5999045372009275,4.976521967424964e-07,1048576,quality=20.0
eta,sperr,nrmse,False,1.9912378787994385,7.921383050716669e-06,16384,quality=16.0
eta,sperr,nrmse,False,1.9956092834472656,7.927610384026103e-06,32768,quality=16.0
eta,sperr,nrmse,False,1.9977954626083367,7.931322568538635e-06,65536,quality=16.0
eta,sperr,nrmse,False,1.998890399932861,7.937158185211922e-06,131072,quality=16.0
eta,sperr,nrmse,False,1.999445080757141,7.944611399821096e-06,262144,quality=16.0
eta,sperr,nrmse,False,1.9997156858444207,7.949051644678613e-06,524288,quality=16.0
eta,sperr,nrmse,False,1.999851107597351,7.965381944587168e-06,1048576,quality=16.0
eta,sperr,nrmse,False,2.6511118412017822,0.0001267866533858,16384,quality=12.0
eta,sperr,nrmse,False,2.6588664054870605,0.0001268447735401,32768,quality=12.0
eta,sperr,nrmse,False,2.662748575210572,0.0001269507218147,65536,quality=12.0
eta,sperr,nrmse,False,2.66469407081604,0.0001270387353512,131072,quality=12.0
eta,sperr,nrmse,False,2.665679931640625,0.0001271520513934,262144,quality=12.0
eta,sperr,nrmse,False,2.666161060333252,0.0001272014902517,524288,quality=12.0
eta,sperr,nrmse,False,2.666401624679565,0.0001273358647162,1048576,quality=12.0
eta,sperr,nrmse,False,3.0793979167938232,0.0004496806770019,65536,quality=0.01
eta,sperr,nrmse,False,3.0819883346557617,0.0004496842120611,131072,quality=0.01
eta,sperr,nrmse,False,3.0833635330200195,0.0004497155026699,262144,quality=0.01
eta,sperr,nrmse,False,3.0840189456939697,0.0004498034712946,524288,quality=0.01
eta,sperr,nrmse,False,3.084358692169189,0.0004499700889005,1048576,quality=0.01
eta,sperr,nrmse,False,3.177626848220825,0.0005069185366249,16384,quality=10.0
eta,sperr,nrmse,False,3.18877387046814,0.0005071941319749,32768,quality=10.0
eta,sperr,nrmse,False,3.194359540939331,0.000507671101193,65536,quality=10.0
eta,sperr,nrmse,False,3.1971595287323,0.0005079257717336,131072,quality=10.0
eta,sperr,nrmse,False,3.1985788345336914,0.0005084018808381,262144,quality=10.0
eta,sperr,nrmse,False,3.199271440505981,0.0005090410572409,524288,quality=10.0
eta,sperr,nrmse,False,3.199618101119995,0.000509753953627,1048576,quality=10.0
eta,sperr,nrmse,False,3.965104341506958,0.0020291064833171,16384,quality=8.0
eta,sperr,nrmse,False,3.9911916255950928,0.0020297379228626,65536,quality=8.0
eta,sperr,nrmse,False,3.995563983917236,0.0020304902568999,131072,quality=8.0
eta,sperr,nrmse,False,3.997780799865722,0.0020305985830317,262144,quality=8.0
eta,sperr,nrmse,False,3.999404430389404,0.0020319991115788,1048576,quality=8.0
eta,sperr,nrmse,False,4.114421844482422,0.0022420346025993,1048576,quality=0.05
eta,sperr,nrmse,False,4.701075553894043,0.0044789241736975,1048576,quality=0.1
eta,sperr,nrmse,False,6.869283676147461,0.0219071577959552,1048576,quality=0.5
eta,sperr,nrmse,False,7.997614860534668,0.0304958829187945,1048576,quality=4.0
eta,sperr,nrmse,False,15.990455627441406,0.1610288870412131,1048576,quality=2.0
eta,sperr,compression_throughput_mbps,True,15.929240226745604,81.87092590332031,131072,quality=2.0
eta,sperr,compression_throughput_mbps,True,15.981805801391602,81.37840270996094,524288,quality=2.0
eta,sperr,compression_throughput_mbps,True,15.990455627441406,79.70443725585938,1048576,quality=2.0
eta,sperr,decompression_throughput_mbps,True,15.981805801391602,144.21182250976562,524288,quality=2.0
eta,sperr,decompression_throughput_mbps,True,15.990455627441406,139.8730010986328,1048576,quality=2.0
eta,sz3,psnr,True,1.0974068641662598,,16384,relErrorBound=1.0e-03
eta,sz3,psnr,True,1.1186835765838623,75.91450500488281,16384,relErrorBound=1.0e-03
eta,sz3,psnr,True,1.1553301811218262,71.35314178466797,16384,relErrorBound=0.0e+00
eta,sz3,psnr,True,1.2824522256851196,67.201171875,16384,relErrorBound=1.0e-03
eta,sz3,psnr,True,1.5548593997955322,66.14190673828125,32768,relErrorBound=1.0e-03
eta,sz3,psnr,True,1.9694629907608032,66.12552642822266,65536,relErrorBound=1.0e-03
eta,sz3,psnr,True,2.3505969047546387,66.11264038085938,131072,relErrorBound=1.0e-03
eta,sz3,psnr,True,2.633280038833618,66.09693908691406,262144,relErrorBound=1.0e-03
eta,sz3,psnr,True,2.854354858398437,66.08656311035156,524288,relErrorBound=1.0e-03
eta,sz3,psnr,True,2.982906103134156,66.08049011230469,1048576,relErrorBound=1.0e-03
eta,sz3,psnr,True,3.00386381149292,65.72872924804688,1048576,relErrorBound=0.0e+00
eta,sz3,psnr,True,3.119565725326538,64.81426239013672,524288,relErrorBound=1.0e-03
eta,sz3,psnr,True,3.2342894077301025,64.81218719482422,131072,relErrorBound=1.0e-03
eta,sz3,psnr,True,3.426882743835449,64.81133270263672,262144,relErrorBound=1.0e-03
eta,sz3,psnr,True,3.536026954650879,64.80056762695312,524288,relErrorBound=1.0e-03
eta,sz3,psnr,True,3.5856857299804688,64.7938232421875,1048576,relErrorBound=1.0e-03
eta,sz3,psnr,True,3.611629962921143,64.43653106689453,1048576,relErrorBound=0.0e+00
eta,sz3,psnr,True,3.888574361801148,51.75260543823242,262144,relErrorBound=0.0e+00
eta,sz3,psnr,True,4.06035852432251,51.75233459472656,1048576,relErrorBound=0.0e+00
eta,sz3,psnr,True,4.113952159881592,50.464500427246094,131072,relErrorBound=0.0e+00
eta,sz3,psnr,True,4.257418632507324,50.46332931518555,262144,relErrorBound=0.0e+00
eta,sz3,psnr,True,4.334575653076172,50.46182632446289,1048576,relErrorBound=0.0e+00
eta,sz3,psnr,True,4.353771209716797,50.46035385131836,1048576,relErrorBound=0.0e+00
eta,sz3,psnr,True,4.949145793914795,50.400970458984375,1048576,relErrorBound=0.0e+00
eta,sz3,psnr,True,4.977776527404785,44.80015182495117,524288,relErrorBound=1.0e-02
eta,sz3,psnr,True,5.00825834274292,44.78941345214844,1048576,relErrorBound=1.0e-02
eta,sz3,psnr,True,5.0184197425842285,44.78822326660156,1048576,relErrorBound=1.0e-02
eta,sz3,psnr,True,5.30708122253418,44.75788116455078,32768,relErrorBound=1.0e-02
eta,sz3,psnr,True,5.547582149505615,44.75218200683594,65536,relErrorBound=1.0e-02
eta,sz3,psnr,True,5.790780544281006,44.75172424316406,1048576,relErrorBound=1.0e-02
eta,sz3,psnr,True,5.845199108123779,44.40192413330078,1048576,relErrorBound=0.0e+00
eta,sz3,psnr,True,6.846474647521973,31.75012588500977,65536,relErrorBound=0.0e+00
eta,sz3,psnr,True,6.926624298095703,31.74961471557617,131072,relErrorBound=0.0e+00
eta,sz3,psnr,True,7.134342193603516,31.74912643432617,524288,relErrorBound=0.0e+00
eta,sz3,psnr,True,7.170716285705566,31.749011993408203,1048576,relErrorBound=0.0e+00
eta,sz3,psnr,True,9.437328338623049,30.51052474975586,1048576,relErrorBound=0.0e+00
eta,sz3,psnr,True,9.642498016357422,24.82302474975586,32768,relErrorBound=1.0e-01
eta,sz3,psnr,True,9.814834594726562,24.813007354736328,32768,relErrorBound=1.0e-01
eta,sz3,psnr,True,10.262134552001951,24.805784225463867,65536,relErrorBound=1.0e-01
eta,sz3,psnr,True,10.279253959655762,24.80119705200196,262144,relErrorBound=1.0e-01
eta,sz3,psnr,True,10.540051460266112,24.79814720153809,131072,relErrorBound=1.0e-01
eta,sz3,psnr,True,10.696451187133787,24.791582107543945,262144,relErrorBound=1.0e-01
eta,sz3,psnr,True,10.807734489440918,24.78289031982422,524288,relErrorBound=1.0e-01
eta,sz3,psnr,True,10.84237575531006,24.777637481689453,1048576,relErrorBound=1.0e-01
eta,sz3,psnr,True,13.8292818069458,24.43759536743164,1048576,relErrorBound=1.0e-01
eta,sz3,psnr,True,9572.900390625,9.59030055999756,1048576,relErrorBound=1.0e+00
eta,sz3,wasserstein_distance,False,1.0974068641662598,0.0,16384,relErrorBound=1.0e-03
eta,sz3,wasserstein_distance,False,1.1186835765838623,3.440258660702966e-05,16384,relErrorBound=1.0e-03
eta,sz3,wasserstein_distance,False,1.1553301811218262,6.962372572161257e-05,16384,relErrorBound=0.0e+00
eta,sz3,wasserstein_distance,False,1.2824522256851196,0.0001471444411436,16384,relErrorBound=1.0e-03
eta,sz3,wasserstein_distance,False,2.854354858398437,0.0001822972699301,524288,relErrorBound=1.0e-03
eta,sz3,wasserstein_distance,False,2.982906103134156,0.0001843639329308,1048576,relErrorBound=1.0e-03
eta,sz3,wasserstein_distance,False,3.00386381149292,0.0001907797704916,1048576,relErrorBound=0.0e+00
eta,sz3,wasserstein_distance,False,3.119565725326538,0.0002234502171631,524288,relErrorBound=1.0e-03
eta,sz3,wasserstein_distance,False,3.208392858505249,0.0002265582588734,1048576,relErrorBound=1.0e-03
eta,sz3,wasserstein_distance,False,3.2371857166290283,0.0002343185478821,1048576,relErrorBound=0.0e+00
eta,sz3,wasserstein_distance,False,3.888574361801148,0.0015604069922119,262144,relErrorBound=0.0e+00
eta,sz3,wasserstein_distance,False,4.001747131347656,0.0015660490607842,524288,relErrorBound=0.0e+00
eta,sz3,wasserstein_distance,False,4.06035852432251,0.0015675642061978,1048576,relErrorBound=0.0e+00
eta,sz3,wasserstein_distance,False,4.334575653076172,0.0019617604557424,1048576,relErrorBound=0.0e+00
eta,sz3,wasserstein_distance,False,4.353771209716797,0.0027077121194452,1048576,relErrorBound=0.0e+00
eta,sz3,wasserstein_distance,False,4.518448352813721,0.0036839796230196,262144,relErrorBound=1.0e-02
eta,sz3,wasserstein_distance,False,4.54506254196167,0.003693405073136,524288,relErrorBound=1.0e-02
eta,sz3,wasserstein_distance,False,4.612197399139404,0.0036954523529857,1048576,relErrorBound=1.0e-02
eta,sz3,wasserstein_distance,False,4.654953002929688,0.0039180335588753,1048576,relErrorBound=0.0e+00
eta,sz3,wasserstein_distance,False,4.977776527404785,0.0046018180437386,524288,relErrorBound=1.0e-02
eta,sz3,wasserstein_distance,False,5.0184197425842285,0.0046047712676227,1048576,relErrorBound=1.0e-02
eta,sz3,wasserstein_distance,False,5.064828872680664,0.0048759579658508,1048576,relErrorBound=0.0e+00
eta,sz3,wasserstein_distance,False,7.170716285705566,0.0344821028411388,1048576,relErrorBound=0.0e+00
eta,sz3,wasserstein_distance,False,7.431783676147461,0.0425707958638668,32768,relErrorBound=0.0e+00
eta,sz3,wasserstein_distance,False,7.723596096038818,0.0428325459361076,65536,relErrorBound=0.0e+00
eta,sz3,wasserstein_distance,False,8.015679359436035,0.0430055782198905,1048576,relErrorBound=0.0e+00
eta,sz3,wasserstein_distance,False,8.053328514099121,0.0721018388867378,524288,relErrorBound=0.0e+00
eta,sz3,wasserstein_distance,False,8.101522445678711,0.0721020847558975,1048576,relErrorBound=0.0e+00
eta,sz3,wasserstein_distance,False,8.716066360473633,0.0812457948923111,65536,relErrorBound=1.0e-01
eta,sz3,wasserstein_distance,False,8.815197944641113,0.0813294425606727,131072,relErrorBound=1.0e-01
eta,sz3,wasserstein_distance,False,8.971192359924316,0.0814295932650566,262144,relErrorBound=1.0e-01
eta,sz3,wasserstein_distance,False,9.052083015441896,0.0815435573458671,524288,relErrorBound=1.0e-01
eta,sz3,wasserstein_distance,False,9.09199047088623,0.081726886332035,1048576,relErrorBound=1.0e-01
eta,sz3,wasserstein_distance,False,10.348316192626951,0.101328819990158,524288,relErrorBound=1.0e-01
eta,sz3,wasserstein_distance,False,10.405386924743652,0.1016738563776016,1048576,relErrorBound=1.0e-01
eta,sz3,wasserstein_distance,False,10.696451187133787,0.1604592353105545,262144,relErrorBound=1.0e-01
eta,sz3,wasserstein_distance,False,10.807734489440918,0.1607024669647216,524288,relErrorBound=1.0e-01
eta,sz3,wasserstein_distance,False,10.84237575531006,0.1607037633657455,1048576,relErrorBound=1.0e-01
eta,sz3,wasserstein_distance,False,13.8292818069458,0.5050367116928101,1048576,relErrorBound=1.0e-01
eta,sz3,wasserstein_distance,False,42.997047424316406,1.1089444160461426,65536,relErrorBound=1.0e+00
eta,sz3,wasserstein_distance,False,46.72004699707031,1.1127736568450928,131072,relErrorBound=1.0e+00
eta,sz3,wasserstein_distance,False,49.133296966552734,1.1147080659866333,262144,relErrorBound=1.0e+00
eta,sz3,wasserstein_distance,False,51.91539764404297,1.116274356842041,1048576,relErrorBound=1.0e+00
eta,sz3,wasserstein_distance,False,55.935646057128906,1.1591440439224243,131072,relErrorBound=1.0e+00
eta,sz3,wasserstein_distance,False,61.4693717956543,1.1761016845703125,262144,relErrorBound=1.0e+00
eta,sz3,wasserstein_distance,False,64.70339965820312,1.1790603399276731,524288,relErrorBound=1.0e+00
eta,sz3,wasserstein_distance,False,65.71040344238281,1.1810699701309204,1048576,relErrorBound=1.0e+00
eta,sz3,wasserstein_distance,False,66.76811218261719,2.866105794906616,8192,relErrorBound=1.0e+00
eta,sz3,wasserstein_distance,False,68.4720687866211,2.86874794960022,8192,relErrorBound=1.0e+00
eta,sz3,wasserstein_distance,False,133.50604248046875,2.8741719722747803,16384,relErrorBound=1.0e+00
eta,sz3,wasserstein_distance,False,137.1313018798828,2.8756794929504395,16384,relErrorBound=1.0e+00
eta,sz3,wasserstein_distance,False,254.40109252929688,2.878380298614502,32768,relErrorBound=1.0e+00
eta,sz3,wasserstein_distance,False,488.5389099121094,2.878484010696411,65536,relErrorBound=1.0e+00
eta,sz3,wasserstein_distance,False,954.9691772460938,2.878486394882202,131072,relErrorBound=1.0e+00
eta,sz3,wasserstein_distance,False,1755.9010009765625,2.8784873485565186,262144,relErrorBound=1.0e+00
eta,sz3,wasserstein_distance,False,3114.34619140625,2.8784899711608887,524288,relErrorBound=1.0e+00
eta,sz3,wasserstein_distance,False,5409.7109375,2.878492832183838,1048576,relErrorBound=1.0e+00
eta,sz3,wasserstein_distance,False,9572.900390625,2.87983512878418,1048576,relErrorBound=1.0e+00
eta,sz3,ks_statistic,False,1.0974068641662598,0.0,16384,relErrorBound=1.0e-03
eta,sz3,ks_statistic,False,1.1186835765838623,6.055831909179688e-05,16384,relErrorBound=1.0e-03
eta,sz3,ks_statistic,False,1.1553301811218262,0.0001666545867919,16384,relErrorBound=0.0e+00
eta,sz3,ks_statistic,False,1.2824522256851196,0.0004205107688903,16384,relErrorBound=1.0e-03
eta,sz3,ks_statistic,False,1.9694629907608032,0.00059574842453,65536,relErrorBound=1.0e-03
eta,sz3,ks_statistic,False,2.3505969047546387,0.0006183385848999,131072,relErrorBound=1.0e-03
eta,sz3,ks_statistic,False,2.854354858398437,0.0006198287010192,524288,relErrorBound=1.0e-03
eta,sz3,ks_statistic,False,2.982906103134156,0.0006303787231445,1048576,relErrorBound=1.0e-03
eta,sz3,ks_statistic,False,3.00386381149292,0.0006491541862487,1048576,relErrorBound=0.0e+00
eta,sz3,ks_statistic,False,3.208392858505249,0.0007337927818298,1048576,relErrorBound=1.0e-03
eta,sz3,ks_statistic,False,3.2342894077301025,0.0007379055023193,131072,relErrorBound=1.0e-03
eta,sz3,ks_statistic,False,3.2371857166290283,0.0007702708244323,1048576,relErrorBound=0.0e+00
eta,sz3,ks_statistic,False,3.426882743835449,0.0010301396250724,262144,relErrorBound=1.0e-03
eta,sz3,ks_statistic,False,3.5856857299804688,0.0010876655578613,1048576,relErrorBound=1.0e-03
eta,sz3,ks_statistic,False,4.06035852432251,0.0018951892852783,1048576,relErrorBound=0.0e+00
eta,sz3,ks_statistic,False,4.334575653076172,0.0020200312137603,1048576,relErrorBound=0.0e+00
eta,sz3,ks_statistic,False,4.353771209716797,0.0028489530086517,1048576,relErrorBound=0.0e+00
eta,sz3,ks_statistic,False,4.35994815826416,0.003843733575195,131072,relErrorBound=1.0e-02
eta,sz3,ks_statistic,False,4.518448352813721,0.0038599059917032,262144,relErrorBound=1.0e-02
eta,sz3,ks_statistic,False,4.612197399139404,0.003879839554429,1048576,relErrorBound=1.0e-02
eta,sz3,ks_statistic,False,4.654953002929688,0.0041378429159522,1048576,relErrorBound=0.0e+00
eta,sz3,ks_statistic,False,4.820805549621582,0.0045350044965744,131072,relErrorBound=1.0e-02
eta,sz3,ks_statistic,False,4.940933227539063,0.0046929651871323,262144,relErrorBound=1.0e-02
eta,sz3,ks_statistic,False,5.0184197425842285,0.0049430718645453,1048576,relErrorBound=1.0e-02
eta,sz3,ks_statistic,False,5.064828872680664,0.0051924251019954,1048576,relErrorBound=0.0e+00
eta,sz3,ks_statistic,False,5.30708122253418,0.0230834633111953,32768,relErrorBound=1.0e-02
eta,sz3,ks_statistic,False,6.52378511428833,0.0232233740389347,32768,relErrorBound=0.0e+00
eta,sz3,ks_statistic,False,6.926624298095703,0.0233000982552766,131072,relErrorBound=0.0e+00
eta,sz3,ks_statistic,False,7.170716285705566,0.0233388356864452,1048576,relErrorBound=0.0e+00
eta,sz3,ks_statistic,False,7.723596096038818,0.0266466289758682,65536,relErrorBound=0.0e+00
eta,sz3,ks_statistic,False,8.003344535827637,0.026762843132019,524288,relErrorBound=0.0e+00
eta,sz3,ks_statistic,False,8.015679359436035,0.0267805196344852,1048576,relErrorBound=0.0e+00
eta,sz3,ks_statistic,False,8.101522445678711,0.0289743021130561,1048576,relErrorBound=0.0e+00
eta,sz3,ks_statistic,False,8.347297668457031,0.0418034270405769,32768,relErrorBound=1.0e-01
eta,sz3,ks_statistic,False,8.716066360473633,0.0418519452214241,65536,relErrorBound=1.0e-01
eta,sz3,ks_statistic,False,8.815197944641113,0.0419388227164745,131072,relErrorBound=1.0e-01
eta,sz3,ks_statistic,False,8.971192359924316,0.0419978685677051,262144,relErrorBound=1.0e-01
eta,sz3,ks_statistic,False,9.052083015441896,0.0420166738331317,524288,relErrorBound=1.0e-01
eta,sz3,ks_statistic,False,9.09199047088623,0.0420219413936138,1048576,relErrorBound=1.0e-01
eta,sz3,ks_statistic,False,9.642498016357422,0.0447633266448974,32768,relErrorBound=1.0e-01
eta,sz3,ks_statistic,False,9.929838180541992,0.0450973026454448,65536,relErrorBound=1.0e-01
eta,sz3,ks_statistic,False,10.135381698608398,0.0458589009940624,131072,relErrorBound=1.0e-01
eta,sz3,ks_statistic,False,10.405386924743652,0.0470624230802059,1048576,relErrorBound=1.0e-01
eta,sz3,ks_statistic,False,10.540051460266112,0.057266354560852,131072,relErrorBound=1.0e-01
eta,sz3,ks_statistic,False,10.696451187133787,0.0572863221168518,262144,relErrorBound=1.0e-01
eta,sz3,ks_statistic,False,10.807734489440918,0.0574965476989746,524288,relErrorBound=1.0e-01
eta,sz3,ks_statistic,False,10.84237575531006,0.0575146079063415,1048576,relErrorBound=1.0e-01
eta,sz3,ks_statistic,False,51.28059005737305,0.1097750812768936,524288,relErrorBound=1.0e+00
eta,sz3,ks_statistic,False,51.91539764404297,0.1097935140132904,1048576,relErrorBound=1.0e+00
eta,sz3,ks_statistic,False,55.935646057128906,0.1365747898817062,131072,relErrorBound=1.0e+00
eta,sz3,ks_statistic,False,61.4693717956543,0.1438368856906891,262144,relErrorBound=1.0e+00
eta,sz3,ks_statistic,False,64.70339965820312,0.1444552093744278,524288,relErrorBound=1.0e+00
eta,sz3,ks_statistic,False,65.71040344238281,0.14486064016819,1048576,relErrorBound=1.0e+00
eta,sz3,ks_statistic,False,66.76811218261719,0.5045138001441956,8192,relErrorBound=1.0e+00
eta,sz3,ks_statistic,False,68.4720687866211,0.5067700147628784,8192,relErrorBound=1.0e+00
eta,sz3,ks_statistic,False,133.50604248046875,0.5074138641357422,16384,relErrorBound=1.0e+00
eta,sz3,ks_statistic,False,137.1313018798828,0.5087764859199524,16384,relErrorBound=1.0e+00
eta,sz3,ks_statistic,False,254.40109252929688,0.5092977285385132,32768,relErrorBound=1.0e+00
eta,sz3,ks_statistic,False,5409.7109375,0.5093421339988708,1048576,relErrorBound=1.0e+00
eta,sz3,ks_statistic,False,9572.900390625,0.5098133683204651,1048576,relErrorBound=1.0e+00
eta,sz3,mse,False,1.0974068641662598,0.0,16384,relErrorBound=1.0e-03
eta,sz3,mse,False,1.1186835765838623,2.374443056396558e-06,16384,relErrorBound=1.0e-03
eta,sz3,mse,False,1.1553301811218262,6.787320216972148e-06,16384,relErrorBound=0.0e+00
eta,sz3,mse,False,1.2824522256851196,1.765610431903042e-05,16384,relErrorBound=1.0e-03
eta,sz3,mse,False,1.5548593997955322,2.2533120500156656e-05,32768,relErrorBound=1.0e-03
eta,sz3,mse,False,1.9694629907608032,2.261828558403068e-05,65536,relErrorBound=1.0e-03
eta,sz3,mse,False,2.3505969047546387,2.2685522708343345e-05,131072,relErrorBound=1.0e-03
eta,sz3,mse,False,2.633280038833618,2.2767673726775683e-05,262144,relErrorBound=1.0e-03
eta,sz3,mse,False,2.854354858398437,2.2822159735369496e-05,524288,relErrorBound=1.0e-03
eta,sz3,mse,False,2.982906103134156,2.285404480062425e-05,1048576,relErrorBound=1.0e-03
eta,sz3,mse,False,3.00386381149292,2.478218266332988e-05,1048576,relErrorBound=0.0e+00
eta,sz3,mse,False,3.119565725326538,3.059047958231531e-05,524288,relErrorBound=1.0e-03
eta,sz3,mse,False,3.2342894077301025,3.06050933431834e-05,131072,relErrorBound=1.0e-03
eta,sz3,mse,False,3.426882743835449,3.0611128750024363e-05,262144,relErrorBound=1.0e-03
eta,sz3,mse,False,3.536026954650879,3.068708610953763e-05,524288,relErrorBound=1.0e-03
eta,sz3,mse,False,3.5856857299804688,3.073477273574099e-05,1048576,relErrorBound=1.0e-03
eta,sz3,mse,False,3.611629962921143,3.337023372296244e-05,1048576,relErrorBound=0.0e+00
eta,sz3,mse,False,3.888574361801148,0.0006190877757035,262144,relErrorBound=0.0e+00
eta,sz3,mse,False,4.06035852432251,0.0006191264255903,1048576,relErrorBound=0.0e+00
eta,sz3,mse,False,4.113952159881592,0.0008328417898155,131072,relErrorBound=0.0e+00
eta,sz3,mse,False,4.257418632507324,0.0008330662967637,262144,relErrorBound=0.0e+00
eta,sz3,mse,False,4.334575653076172,0.0008333543082699,1048576,relErrorBound=0.0e+00
eta,sz3,mse,False,4.353771209716797,0.0008336376049555,1048576,relErrorBound=0.0e+00
eta,sz3,mse,False,4.949145793914795,0.0008451145258732,1048576,relErrorBound=0.0e+00
eta,sz3,mse,False,4.977776527404785,0.0030690028797835,524288,relErrorBound=1.0e-02
eta,sz3,mse,False,5.00825834274292,0.0030766008421778,1048576,relErrorBound=1.0e-02
eta,sz3,mse,False,5.0184197425842285,0.0030774448532611,1048576,relErrorBound=1.0e-02
eta,sz3,mse,False,5.30708122253418,0.0030990215018391,32768,relErrorBound=1.0e-02
eta,sz3,mse,False,5.547582149505615,0.0031030890531837,65536,relErrorBound=1.0e-02
eta,sz3,mse,False,5.790780544281006,0.0031034154817461,1048576,relErrorBound=1.0e-02
eta,sz3,mse,False,5.845199108123779,0.003363725496456,1048576,relErrorBound=0.0e+00
eta,sz3,mse,False,6.846474647521973,0.0619440972805023,65536,relErrorBound=0.0e+00
eta,sz3,mse,False,6.926624298095703,0.0619513727724552,131072,relErrorBound=0.0e+00
eta,sz3,mse,False,7.134342193603516,0.0619583390653133,524288,relErrorBound=0.0e+00
eta,sz3,mse,False,7.170716285705566,0.0619599968194961,1048576,relErrorBound=0.0e+00
eta,sz3,mse,False,9.437328338623049,0.0824062079191207,1048576,relErrorBound=0.0e+00
eta,sz3,mse,False,9.642498016357422,0.3052883148193359,32768,relErrorBound=1.0e-01
eta,sz3,mse,False,9.814834594726562,0.3059931099414825,32768,relErrorBound=1.0e-01
eta,sz3,mse,False,10.262134552001951,0.3065025806427002,65536,relErrorBound=1.0e-01
eta,sz3,mse,False,10.279253959655762,0.3068264722824096,262144,relErrorBound=1.0e-01
eta,sz3,mse,False,10.540051460266112,0.3070420324802398,131072,relErrorBound=1.0e-01
eta,sz3,mse,False,10.696451187133787,0.3075065016746521,262144,relErrorBound=1.0e-01
eta,sz3,mse,False,10.807734489440918,0.3081224262714386,524288,relErrorBound=1.0e-01
eta,sz3,mse,False,10.84237575531006,0.3084956109523773,1048576,relErrorBound=1.0e-01
eta,sz3,mse,False,13.8292818069458,0.3336208462715149,1048576,relErrorBound=1.0e-01
eta,sz3,mse,False,9572.900390625,10.185503005981444,1048576,relErrorBound=1.0e+00
eta,sz3,rel_error_avg,False,1.0974068641662598,0.0,16384,relErrorBound=1.0e-03
eta,sz3,rel_error_avg,False,1.1186835765838623,0.0006968094385229,16384,relErrorBound=1.0e-03
eta,sz3,rel_error_avg,False,1.1553301811218262,0.001629291800782,16384,relErrorBound=0.0e+00
eta,sz3,rel_error_avg,False,1.2824522256851196,0.0048448960296809,16384,relErrorBound=1.0e-03
eta,sz3,rel_error_avg,False,1.3891267776489258,0.0059545324184,8192,relErrorBound=1.0e-03
eta,sz3,rel_error_avg,False,1.949955463409424,0.0059656468220055,16384,relErrorBound=1.0e-03
eta,sz3,rel_error_avg,False,2.5155906677246094,0.005978216882795,32768,relErrorBound=1.0e-03
eta,sz3,rel_error_avg,False,2.9354097843170166,0.0059876972809433,65536,relErrorBound=1.0e-03
eta,sz3,rel_error_avg,False,3.2342894077301025,0.0059945778921246,131072,relErrorBound=1.0e-03
eta,sz3,rel_error_avg,False,3.426882743835449,0.005999089218676,262144,relErrorBound=1.0e-03
eta,sz3,rel_error_avg,False,3.536026954650879,0.0060043828561902,524288,relErrorBound=1.0e-03
eta,sz3,rel_error_avg,False,3.5856857299804688,0.0060092671774327,1048576,relErrorBound=1.0e-03
eta,sz3,rel_error_avg,False,3.611629962921143,0.0062307850457727,1048576,relErrorBound=0.0e+00
eta,sz3,rel_error_avg,False,4.949145793914795,0.0258117020130157,1048576,relErrorBound=0.0e+00
eta,sz3,rel_error_avg,False,5.30708122253418,0.044671569019556,32768,relErrorBound=1.0e-02
eta,sz3,rel_error_avg,False,5.547582149505615,0.0447177477180957,65536,relErrorBound=1.0e-02
eta,sz3,rel_error_avg,False,5.606574058532715,0.0447509437799453,131072,relErrorBound=1.0e-02
eta,sz3,rel_error_avg,False,5.710447788238525,0.0447769127786159,262144,relErrorBound=1.0e-02
eta,sz3,rel_error_avg,False,5.765800476074219,0.0447990521788597,524288,relErrorBound=1.0e-02
eta,sz3,rel_error_avg,False,5.790780544281006,0.0448119789361953,1048576,relErrorBound=1.0e-02
eta,sz3,rel_error_avg,False,5.845199108123779,0.0463897325098514,1048576,relErrorBound=0.0e+00
eta,sz3,rel_error_avg,False,9.437328338623049,0.1709995567798614,1048576,relErrorBound=0.0e+00
eta,sz3,rel_error_avg,False,10.632568359375,0.2964521646499634,8192,relErrorBound=1.0e-01
eta,sz3,rel_error_avg,False,11.827016830444336,0.296499103307724,16384,relErrorBound=1.0e-01
eta,sz3,rel_error_avg,False,12.587721824645996,0.2965374886989593,32768,relErrorBound=1.0e-01
eta,sz3,rel_error_avg,False,13.265082359313965,0.2965675890445709,65536,relErrorBound=1.0e-01
eta,sz3,rel_error_avg,False,13.578217506408691,0.2965935468673706,131072,relErrorBound=1.0e-01
eta,sz3,rel_error_avg,False,13.729025840759276,0.2966322898864746,262144,relErrorBound=1.0e-01
eta,sz3,rel_error_avg,False,13.8292818069458,0.2966586649417877,1048576,relErrorBound=1.0e-01
eta,sz3,rel_error_avg,False,9572.900390625,1.0,1048576,relErrorBound=1.0e+00
eta,sz3,nrmse,False,1.0974068641662598,0.0,16384,relErrorBound=1.0e-03
eta,sz3,nrmse,False,1.1186835765838623,0.0001600569727175,16384,relErrorBound=1.0e-03
eta,sz3,nrmse,False,1.1553301811218262,0.0002706094063984,16384,relErrorBound=0.0e+00
eta,sz3,nrmse,False,1.2824522256851196,0.0004364566974312,16384,relErrorBound=1.0e-03
eta,sz3,nrmse,False,1.5548593997955322,0.000493065242082,32768,relErrorBound=1.0e-03
eta,sz3,nrmse,False,1.9694629907608032,0.0004939961459891,65536,relErrorBound=1.0e-03
eta,sz3,nrmse,False,2.3505969047546387,0.0004947298495318,131072,relErrorBound=1.0e-03
eta,sz3,nrmse,False,2.633280038833618,0.0004956248219175,262144,relErrorBound=1.0e-03
eta,sz3,nrmse,False,2.854354858398437,0.0004962175149072,524288,relErrorBound=1.0e-03
eta,sz3,nrmse,False,2.982906103134156,0.0004965640291206,1048576,relErrorBound=1.0e-03
eta,sz3,nrmse,False,3.00386381149292,0.00051708685301,1048576,relErrorBound=0.0e+00
eta,sz3,nrmse,False,3.119565725326538,0.0005744958051507,524288,relErrorBound=1.0e-03
eta,sz3,nrmse,False,3.2342894077301025,0.0005746330135565,131072,relErrorBound=1.0e-03
eta,sz3,nrmse,False,3.426882743835449,0.0005746896703524,262144,relErrorBound=1.0e-03
eta,sz3,nrmse,False,3.536026954650879,0.0005754022357846,524288,relErrorBound=1.0e-03
eta,sz3,nrmse,False,3.5856857299804688,0.0005758491394057,1048576,relErrorBound=1.0e-03
eta,sz3,nrmse,False,3.611629962921143,0.0006000305232409,1048576,relErrorBound=0.0e+00
eta,sz3,nrmse,False,3.888574361801148,0.002584460109902,262144,relErrorBound=0.0e+00
eta,sz3,nrmse,False,4.06035852432251,0.0025845407830598,1048576,relErrorBound=0.0e+00
eta,sz3,nrmse,False,4.113952159881592,0.0029976089272171,131072,relErrorBound=0.0e+00
eta,sz3,nrmse,False,4.257418632507324,0.0029980129287291,262144,relErrorBound=0.0e+00
eta,sz3,nrmse,False,4.334575653076172,0.0029985311273439,1048576,relErrorBound=0.0e+00
eta,sz3,nrmse,False,4.353771209716797,0.0029990407555655,1048576,relErrorBound=0.0e+00
eta,sz3,nrmse,False,4.949145793914795,0.0030196145008754,1048576,relErrorBound=0.0e+00
eta,sz3,nrmse,False,4.977776527404785,0.0057542982375483,524288,relErrorBound=1.0e-02
eta,sz3,nrmse,False,5.00825834274292,0.0057614168224231,1048576,relErrorBound=1.0e-02
eta,sz3,nrmse,False,5.0184197425842285,0.0057622070396872,1048576,relErrorBound=1.0e-02
eta,sz3,nrmse,False,5.30708122253418,0.0057823718124323,32768,relErrorBound=1.0e-02
eta,sz3,nrmse,False,5.547582149505615,0.0057861653294495,65536,relErrorBound=1.0e-02
eta,sz3,nrmse,False,5.790780544281006,0.0057864696584469,1048576,relErrorBound=1.0e-02
eta,sz3,nrmse,False,5.845199108123779,0.0060242639585519,1048576,relErrorBound=0.0e+00
eta,sz3,nrmse,False,6.846474647521973,0.0258519723773629,65536,relErrorBound=0.0e+00
eta,sz3,nrmse,False,6.926624298095703,0.0258534905227778,131072,relErrorBound=0.0e+00
eta,sz3,nrmse,False,7.134342193603516,0.0258549440654159,524288,relErrorBound=0.0e+00
eta,sz3,nrmse,False,7.170716285705566,0.0258552899498894,1048576,relErrorBound=0.0e+00
eta,sz3,nrmse,False,9.437328338623049,0.0298176686219582,1048576,relErrorBound=0.0e+00
eta,sz3,nrmse,False,9.642498016357422,0.0573916630893808,32768,relErrorBound=1.0e-01
eta,sz3,nrmse,False,9.814834594726562,0.0574578727075968,32768,relErrorBound=1.0e-01
eta,sz3,nrmse,False,10.262134552001951,0.0575056857581843,65536,relErrorBound=1.0e-01
eta,sz3,nrmse,False,10.279253959655762,0.0575360618366398,262144,relErrorBound=1.0e-01
eta,sz3,nrmse,False,10.540051460266112,0.0575562691988184,131072,relErrorBound=1.0e-01
eta,sz3,nrmse,False,10.696451187133787,0.0575997860611032,262144,relErrorBound=1.0e-01
eta,sz3,nrmse,False,10.807734489440918,0.0576574423671086,524288,relErrorBound=1.0e-01
eta,sz3,nrmse,False,10.84237575531006,0.0576923479131885,1048576,relErrorBound=1.0e-01
eta,sz3,nrmse,False,13.8292818069458,0.0599957254278854,1048576,relErrorBound=1.0e-01
eta,sz3,nrmse,False,9572.900390625,0.3315010892121456,1048576,relErrorBound=1.0e+00
eta,sz3,compression_throughput_mbps,True,5014.37646484375,312.0993347167969,524288,relErrorBound=1.0e+00
eta,sz3,compression_throughput_mbps,True,9572.900390625,310.6019897460937,1048576,relErrorBound=1.0e+00
eta,sz3,decompression_throughput_mbps,True,2568.339111328125,3658.918701171875,262144,relErrorBound=1.0e+00
eta,sz3,decompression_throughput_mbps,True,5014.37646484375,3596.436767578125,524288,relErrorBound=1.0e+00
eta,sz3,decompression_throughput_mbps,True,9572.900390625,3586.89501953125,1048576,relErrorBound=1.0e+00
eta,zstd-trunc,psnr,True,1.104859471321106,,1048576,"truncBits=0, level=5"
eta,zstd-trunc,psnr,True,1.1169986724853516,152.89218139648438,1048576,"truncBits=1, level=5"
eta,zstd-trunc,psnr,True,1.1330132484436035,144.4447479248047,1048576,"truncBits=2, level=5"
eta,zstd-trunc,psnr,True,1.161078929901123,137.4517364501953,1048576,"truncBits=3, level=5"
eta,zstd-trunc,psnr,True,1.1999329328536987,130.99305725097656,1048576,"truncBits=4, level=5"
eta,zstd-trunc,psnr,True,1.2506093978881836,124.75816345214844,1048576,"truncBits=5, level=5"
eta,zstd-trunc,psnr,True,1.3167486190795898,118.63475036621094,1048576,"truncBits=6, level=5"
eta,zstd-trunc,psnr,True,1.3375811576843262,112.55988311767578,1048576,"truncBits=7, level=5"
eta,zstd-trunc,psnr,True,1.431357979774475,106.51457214355467,1048576,"truncBits=8, level=5"
eta,zstd-trunc,psnr,True,1.5003533363342283,100.48912048339844,1048576,"truncBits=9, level=5"
eta,zstd-trunc,psnr,True,1.5823386907577517,94.46350860595705,1048576,"truncBits=10, level=5"
eta,zstd-trunc,psnr,True,1.6778682470321655,88.43626403808594,1048576,"truncBits=11, level=5"
eta,zstd-trunc,psnr,True,1.7939558029174805,82.42066955566406,1048576,"truncBits=12, level=5"
eta,zstd-trunc,psnr,True,1.932865858078003,76.39081573486328,1048576,"truncBits=13, level=5"
eta,zstd-trunc,psnr,True,2.0971567630767822,70.37556457519531,1048576,"truncBits=14, level=5"
eta,zstd-trunc,psnr,True,2.2799391746521,64.33509826660156,1048576,"truncBits=15, level=5"
eta,zstd-trunc,psnr,True,2.4990105628967285,58.33835983276367,1048576,"truncBits=16, level=5"
eta,zstd-trunc,psnr,True,2.7478127479553223,52.24409103393555,1048576,"truncBits=17, level=5"
eta,zstd-trunc,psnr,True,3.060663938522339,46.38853073120117,1048576,"truncBits=18, level=5"
eta,zstd-trunc,psnr,True,3.422337532043457,40.31365203857422,1048576,"truncBits=19, level=5"
eta,zstd-trunc,psnr,True,3.879996061325073,35.53887176513672,262144,"truncBits=20, level=5"
eta,zstd-trunc,psnr,True,4.485969066619873,29.85854721069336,262144,"truncBits=21, level=5"
eta,zstd-trunc,psnr,True,5.110907554626465,26.061786651611328,262144,"truncBits=22, level=5"
eta,zstd-trunc,psnr,True,5.901881694793701,21.351119995117188,262144,"truncBits=23, level=5"
eta,zstd-trunc,wasserstein_distance,False,1.104859471321106,0.0,1048576,"truncBits=0, level=5"
eta,zstd-trunc,wasserstein_distance,False,1.1169986724853516,1.3372178386816813e-07,1048576,"truncBits=1, level=5"
eta,zstd-trunc,wasserstein_distance,False,1.1330132484436035,4.009253871117835e-07,1048576,"truncBits=2, level=5"
eta,zstd-trunc,wasserstein_distance,False,1.161078929901123,9.357146950605966e-07,1048576,"truncBits=3, level=5"
eta,zstd-trunc,wasserstein_distance,False,1.1999329328536987,2.003877398237819e-06,1048576,"truncBits=4, level=5"
eta,zstd-trunc,wasserstein_distance,False,1.2506093978881836,4.142757006775355e-06,1048576,"truncBits=5, level=5"
eta,zstd-trunc,wasserstein_distance,False,1.3167486190795898,8.418287507083733e-06,1048576,"truncBits=6, level=5"
eta,zstd-trunc,wasserstein_distance,False,1.3375811576843262,1.6976578990579583e-05,1048576,"truncBits=7, level=5"
eta,zstd-trunc,wasserstein_distance,False,1.431357979774475,3.4084441722370684e-05,1048576,"truncBits=8, level=5"
eta,zstd-trunc,wasserstein_distance,False,1.5003533363342283,6.824485899414867e-05,1048576,"truncBits=9, level=5"
eta,zstd-trunc,wasserstein_distance,False,1.5823386907577517,0.0001366301585221,1048576,"truncBits=10, level=5"
eta,zstd-trunc,wasserstein_distance,False,1.6778682470321655,0.0002734246081672,1048576,"truncBits=11, level=5"
eta,zstd-trunc,wasserstein_distance,False,1.7939558029174805,0.0005467133596539,1048576,"truncBits=12, level=5"
eta,zstd-trunc,wasserstein_distance,False,1.932865858078003,0.0010944312671199,1048576,"truncBits=13, level=5"
eta,zstd-trunc,wasserstein_distance,False,2.0971567630767822,0.0021864231675863,1048576,"truncBits=14, level=5"
eta,zstd-trunc,wasserstein_distance,False,2.2799391746521,0.0043806508183479,1048576,"truncBits=15, level=5"
eta,zstd-trunc,wasserstein_distance,False,2.4990105628967285,0.0087507534772157,1048576,"truncBits=16, level=5"
eta,zstd-trunc,wasserstein_distance,False,2.7478127479553223,0.0176601745188236,1048576,"truncBits=17, level=5"
eta,zstd-trunc,wasserstein_distance,False,3.060663938522339,0.0345419161021709,1048576,"truncBits=18, level=5"
eta,zstd-trunc,wasserstein_distance,False,3.422337532043457,0.0702041983604431,1048576,"truncBits=19, level=5"
eta,zstd-trunc,wasserstein_distance,False,3.879996061325073,0.1242259517312049,262144,"truncBits=20, level=5"
eta,zstd-trunc,wasserstein_distance,False,4.485969066619873,0.241907462477684,262144,"truncBits=21, level=5"
eta,zstd-trunc,wasserstein_distance,False,5.110907554626465,0.3844197392463684,262144,"truncBits=22, level=5"
eta,zstd-trunc,wasserstein_distance,False,5.901881694793701,0.6380123496055603,262144,"truncBits=23, level=5"
eta,zstd-trunc,ks_statistic,False,1.104859471321106,0.0,1048576,"truncBits=0, level=5"
eta,zstd-trunc,ks_statistic,False,1.1169986724853516,1.9073486328125e-06,1048576,"truncBits=1, level=5"
eta,zstd-trunc,ks_statistic,False,1.1330132484436035,3.3974647521972656e-06,1048576,"truncBits=2, level=5"
eta,zstd-trunc,ks_statistic,False,1.161078929901123,4.51505184173584e-06,1048576,"truncBits=3, level=5"
eta,zstd-trunc,ks_statistic,False,1.1999329328536987,6.400048732757568e-06,1048576,"truncBits=4, level=5"
eta,zstd-trunc,ks_statistic,False,1.2506093978881836,1.0155141353607178e-05,1048576,"truncBits=5, level=5"
eta,zstd-trunc,ks_statistic,False,1.3167486190795898,1.6923993825912476e-05,1048576,"truncBits=6, level=5"
eta,zstd-trunc,ks_statistic,False,1.3375811576843262,2.9712915420532227e-05,1048576,"truncBits=7, level=5"
eta,zstd-trunc,ks_statistic,False,1.431357979774475,5.152076482772827e-05,1048576,"truncBits=8, level=5"
eta,zstd-trunc,ks_statistic,False,1.5003533363342283,9.25213098526001e-05,1048576,"truncBits=9, level=5"
eta,zstd-trunc,ks_statistic,False,1.5823386907577517,0.0001748800277709,1048576,"truncBits=10, level=5"
eta,zstd-trunc,ks_statistic,False,1.6778682470321655,0.0003366023302078,1048576,"truncBits=11, level=5"
eta,zstd-trunc,ks_statistic,False,1.7939558029174805,0.0006709545850753,1048576,"truncBits=12, level=5"
eta,zstd-trunc,ks_statistic,False,1.932865858078003,0.0012994185090065,1048576,"truncBits=13, level=5"
eta,zstd-trunc,ks_statistic,False,2.0971567630767822,0.0025713890790939,1048576,"truncBits=14, level=5"
eta,zstd-trunc,ks_statistic,False,2.2799391746521,0.0051172077655792,1048576,"truncBits=15, level=5"
eta,zstd-trunc,ks_statistic,False,2.4990105628967285,0.0100881084799766,1048576,"truncBits=16, level=5"
eta,zstd-trunc,ks_statistic,False,2.7478127479553223,0.0193672273308038,1048576,"truncBits=17, level=5"
eta,zstd-trunc,ks_statistic,False,3.060663938522339,0.0333716571331024,1048576,"truncBits=18, level=5"
eta,zstd-trunc,ks_statistic,False,3.422337532043457,0.0585894845426082,1048576,"truncBits=19, level=5"
eta,zstd-trunc,ks_statistic,False,3.879996061325073,0.097828671336174,262144,"truncBits=20, level=5"
eta,zstd-trunc,ks_statistic,False,5.110907554626465,0.1569807976484298,262144,"truncBits=22, level=5"
eta,zstd-trunc,ks_statistic,False,5.901881694793701,0.2167674154043197,262144,"truncBits=23, level=5"
eta,zstd-trunc,mse,False,1.104859471321106,0.0,1048576,"truncBits=0, level=5"
eta,zstd-trunc,mse,False,1.1169986724853516,4.762056498913356e-14,1048576,"truncBits=1, level=5"
eta,zstd-trunc,mse,False,1.1330132484436035,3.3307219287313793e-13,1048576,"truncBits=2, level=5"
eta,zstd-trunc,mse,False,1.161078929901123,1.666628857491248e-12,1048576,"truncBits=3, level=5"
eta,zstd-trunc,mse,False,1.1999329328536987,7.374050155217748e-12,1048576,"truncBits=4, level=5"
eta,zstd-trunc,mse,False,1.2506093978881836,3.09881530158318e-11,1048576,"truncBits=5, level=5"
eta,zstd-trunc,mse,False,1.3167486190795898,1.2692219497623114e-10,1048576,"truncBits=6, level=5"
eta,zstd-trunc,mse,False,1.3375811576843262,5.140731174080313e-10,1048576,"truncBits=7, level=5"
eta,zstd-trunc,mse,False,1.431357979774475,2.06802419633334e-09,1048576,"truncBits=8, level=5"
eta,zstd-trunc,mse,False,1.5003533363342283,8.281341834504019e-09,1048576,"truncBits=9, level=5"
eta,zstd-trunc,mse,False,1.5823386907577517,3.3163605195341006e-08,1048576,"truncBits=10, level=5"
eta,zstd-trunc,mse,False,1.6778682470321655,1.328576360037914e-07,1048576,"truncBits=11, level=5"
eta,zstd-trunc,mse,False,1.7939558029174805,5.308171466822387e-07,1048576,"truncBits=12, level=5"
eta,zstd-trunc,mse,False,1.932865858078003,2.127801508322591e-06,1048576,"truncBits=13, level=5"
eta,zstd-trunc,mse,False,2.0971567630767822,8.500731382810045e-06,1048576,"truncBits=14, level=5"
eta,zstd-trunc,mse,False,2.2799391746521,3.415880928514525e-05,1048576,"truncBits=15, level=5"
eta,zstd-trunc,mse,False,2.4990105628967285,0.0001358865265501,1048576,"truncBits=16, level=5"
eta,zstd-trunc,mse,False,2.7478127479553223,0.0005528448382392,1048576,"truncBits=17, level=5"
eta,zstd-trunc,mse,False,3.060663938522339,0.0021289205178618,1048576,"truncBits=18, level=5"
eta,zstd-trunc,mse,False,3.422337532043457,0.0086227776482701,1048576,"truncBits=19, level=5"
eta,zstd-trunc,mse,False,3.879996061325073,0.0258895978331565,262144,"truncBits=20, level=5"
eta,zstd-trunc,mse,False,4.485969066619873,0.0957542136311531,262144,"truncBits=21, level=5"
eta,zstd-trunc,mse,False,5.110907554626465,0.2295270562171936,262144,"truncBits=22, level=5"
eta,zstd-trunc,mse,False,5.901881694793701,0.6790481805801392,262144,"truncBits=23, level=5"
eta,zstd-trunc,rel_error_avg,False,1.104859471321106,0.0,1048576,"truncBits=0, level=5"
eta,zstd-trunc,rel_error_avg,False,1.1169986724853516,4.5228759404380994e-08,1048576,"truncBits=1, level=5"
eta,zstd-trunc,rel_error_avg,False,1.1330132484436035,1.3566472034653998e-07,1048576,"truncBits=2, level=5"
eta,zstd-trunc,rel_error_avg,False,1.161078929901123,3.1650014875594934e-07,1048576,"truncBits=3, level=5"
eta,zstd-trunc,rel_error_avg,False,1.1999329328536987,6.778598162782146e-07,1048576,"truncBits=4, level=5"
eta,zstd-trunc,rel_error_avg,False,1.2506093978881836,1.4015558917890305e-06,1048576,"truncBits=5, level=5"
eta,zstd-trunc,rel_error_avg,False,1.3167486190795898,2.848461917892564e-06,1048576,"truncBits=6, level=5"
eta,zstd-trunc,rel_error_avg,False,1.3375811576843262,5.742968369304435e-06,1048576,"truncBits=7, level=5"
eta,zstd-trunc,rel_error_avg,False,1.431357979774475,1.153185348812258e-05,1048576,"truncBits=8, level=5"
eta,zstd-trunc,rel_error_avg,False,1.5003533363342283,2.309417686774396e-05,1048576,"truncBits=9, level=5"
eta,zstd-trunc,rel_error_avg,False,1.5823386907577517,4.623500717571005e-05,1048576,"truncBits=10, level=5"
eta,zstd-trunc,rel_error_avg,False,1.6778682470321655,9.251679148292168e-05,1048576,"truncBits=11, level=5"
eta,zstd-trunc,rel_error_avg,False,1.7939558029174805,0.0001850514527177,1048576,"truncBits=12, level=5"
eta,zstd-trunc,rel_error_avg,False,1.932865858078003,0.0003702808462549,1048576,"truncBits=13, level=5"
eta,zstd-trunc,rel_error_avg,False,2.0971567630767822,0.0007398881716653,1048576,"truncBits=14, level=5"
eta,zstd-trunc,rel_error_avg,False,2.2799391746521,0.0014809215208515,1048576,"truncBits=15, level=5"
eta,zstd-trunc,rel_error_avg,False,2.4990105628967285,0.0029608693439513,1048576,"truncBits=16, level=5"
eta,zstd-trunc,rel_error_avg,False,2.7478127479553223,0.0059621101245284,1048576,"truncBits=17, level=5"
eta,zstd-trunc,rel_error_avg,False,3.060663938522339,0.0117045016959309,1048576,"truncBits=18, level=5"
eta,zstd-trunc,rel_error_avg,False,3.422337532043457,0.0236253459006547,1048576,"truncBits=19, level=5"
eta,zstd-trunc,rel_error_avg,False,3.879996061325073,0.0433567427098751,262144,"truncBits=20, level=5"
eta,zstd-trunc,rel_error_avg,False,4.485969066619873,0.0837805643677711,262144,"truncBits=21, level=5"
eta,zstd-trunc,rel_error_avg,False,5.110907554626465,0.1434695720672607,262144,"truncBits=22, level=5"
eta,zstd-trunc,rel_error_avg,False,5.901881694793701,0.2414893805980682,262144,"truncBits=23, level=5"
eta,zstd-trunc,nrmse,False,1.104859471321106,0.0,1048576,"truncBits=0, level=5"
eta,zstd-trunc,nrmse,False,1.1169986724853516,2.266684062020116e-08,1048576,"truncBits=1, level=5"
eta,zstd-trunc,nrmse,False,1.1330132484436035,5.994637239218876e-08,1048576,"truncBits=2, level=5"
eta,zstd-trunc,nrmse,False,1.161078929901123,1.3409518004220818e-07,1048576,"truncBits=3, level=5"
eta,zstd-trunc,nrmse,False,1.1999329328536987,2.820634169164152e-07,1048576,"truncBits=4, level=5"
eta,zstd-trunc,nrmse,False,1.2506093978881836,5.782179437777771e-07,1048576,"truncBits=5, level=5"
eta,zstd-trunc,nrmse,False,1.3167486190795898,1.170206500061422e-06,1048576,"truncBits=6, level=5"
eta,zstd-trunc,nrmse,False,1.3375811576843262,2.355082720193752e-06,1048576,"truncBits=7, level=5"
eta,zstd-trunc,nrmse,False,1.431357979774475,4.723582739330865e-06,1048576,"truncBits=8, level=5"
eta,zstd-trunc,nrmse,False,1.5003533363342283,9.452443168357689e-06,1048576,"truncBits=9, level=5"
eta,zstd-trunc,nrmse,False,1.5823386907577517,1.8915794500342077e-05,1048576,"truncBits=10, level=5"
eta,zstd-trunc,nrmse,False,1.6778682470321655,3.7860555290156935e-05,1048576,"truncBits=11, level=5"
eta,zstd-trunc,nrmse,False,1.7939558029174805,7.567739787100504e-05,1048576,"truncBits=12, level=5"
eta,zstd-trunc,nrmse,False,1.932865858078003,0.0001515162716952,1048576,"truncBits=13, level=5"
eta,zstd-trunc,nrmse,False,2.0971567630767822,0.0003028460165242,1048576,"truncBits=14, level=5"
eta,zstd-trunc,nrmse,False,2.2799391746521,0.0006070788193503,1048576,"truncBits=15, level=5"
eta,zstd-trunc,nrmse,False,2.4990105628967285,0.0012108265015668,1048576,"truncBits=16, level=5"
eta,zstd-trunc,nrmse,False,2.7478127479553223,0.0024422794128013,1048576,"truncBits=17, level=5"
eta,zstd-trunc,nrmse,False,3.060663938522339,0.0047926249337873,1048576,"truncBits=18, level=5"
eta,zstd-trunc,nrmse,False,3.422337532043457,0.009645334925102,1048576,"truncBits=19, level=5"
eta,zstd-trunc,nrmse,False,3.879996061325073,0.0167130753493083,262144,"truncBits=20, level=5"
eta,zstd-trunc,nrmse,False,4.485969066619873,0.0321419829278767,262144,"truncBits=21, level=5"
eta,zstd-trunc,nrmse,False,5.110907554626465,0.0497634707312445,262144,"truncBits=22, level=5"
eta,zstd-trunc,nrmse,False,5.901881694793701,0.0855941363083466,262144,"truncBits=23, level=5"
eta,zstd-trunc,compression_throughput_mbps,True,1.1047734022140503,710.3037109375,131072,"truncBits=0, level=5"
eta,zstd-trunc,compression_throughput_mbps,True,1.1167609691619873,701.4528198242188,131072,"truncBits=1, level=5"
eta,zstd-trunc,compression_throughput_mbps,True,1.1328200101852417,694.799072265625,131072,"truncBits=2, level=5"
eta,zstd-trunc,compression_throughput_mbps,True,1.1608551740646362,669.1455078125,131072,"truncBits=3, level=5"
eta,zstd-trunc,compression_throughput_mbps,True,1.1610095500946045,652.3164672851562,262144,"truncBits=3, level=5"
eta,zstd-trunc,compression_throughput_mbps,True,1.1998640298843384,646.3845825195312,262144,"truncBits=4, level=5"
eta,zstd-trunc,compression_throughput_mbps,True,1.2504152059555054,638.697509765625,262144,"truncBits=5, level=5"
eta,zstd-trunc,compression_throughput_mbps,True,1.2504225969314575,571.5979614257812,524288,"truncBits=5, level=5"
eta,zstd-trunc,compression_throughput_mbps,True,1.3130284547805786,359.98101806640625,262144,"truncBits=6, level=5"
eta,zstd-trunc,compression_throughput_mbps,True,1.3139084577560425,188.708984375,524288,"truncBits=6, level=5"
eta,zstd-trunc,compression_throughput_mbps,True,1.3167486190795898,108.5041046142578,1048576,"truncBits=6, level=5"
eta,zstd-trunc,compression_throughput_mbps,True,5.583665370941162,100.11506652832033,1048576,"truncBits=23, level=5"
eta,zstd-trunc,compression_throughput_mbps,True,5.901881694793701,61.47533416748047,262144,"truncBits=23, level=5"
eta,zstd-trunc,decompression_throughput_mbps,True,1.2504225969314575,1137.2947998046875,524288,"truncBits=5, level=5"
eta,zstd-trunc,decompression_throughput_mbps,True,1.3130284547805786,1121.5806884765625,262144,"truncBits=6, level=5"
eta,zstd-trunc,decompression_throughput_mbps,True,1.3139084577560425,1078.74267578125,524288,"truncBits=6, level=5"
eta,zstd-trunc,decompression_throughput_mbps,True,1.3167486190795898,965.1503295898438,1048576,"truncBits=6, level=5"
eta,zstd-trunc,decompression_throughput_mbps,True,5.110907554626465,924.0182495117188,262144,"truncBits=22, level=5"
eta,zstd-trunc,decompression_throughput_mbps,True,5.901881694793701,900.3027954101562,262144,"truncBits=23, level=5"
phi,sperr,psnr,True,0.9999289512634276,216.80894470214844,524288,quality=32.0
phi,sperr,psnr,True,0.9999627470970154,216.7710876464844,1048576,quality=32.0
phi,sperr,psnr,True,1.0567578077316284,199.67776489257807,4096,quality=30.0
phi,sperr,psnr,True,1.0616872310638428,199.6633758544922,8192,quality=30.0
phi,sperr,psnr,True,1.0663509368896484,199.66238403320312,131072,quality=30.0
phi,sperr,psnr,True,1.0666242837905884,199.64341735839844,1048576,quality=30.0
phi,sperr,psnr,True,1.098709225654602,181.7911529541016,1024,quality=28.0
phi,sperr,psnr,True,1.137142777442932,181.7898712158203,8192,quality=28.0
phi,sperr,psnr,True,1.1424946784973145,181.78292846679688,131072,quality=28.0
phi,sperr,psnr,True,1.1427642107009888,181.7701568603516,524288,quality=28.0
phi,sperr,psnr,True,1.142808437347412,181.76223754882807,1048576,quality=28.0
phi,sperr,psnr,True,1.2175958156585691,163.6832275390625,4096,quality=26.0
phi,sperr,psnr,True,1.227445363998413,163.6800537109375,16384,quality=26.0
phi,sperr,psnr,True,1.2299339771270752,163.67477416992188,65536,quality=26.0
phi,sperr,psnr,True,1.230348825454712,163.6741943359375,131072,quality=26.0
phi,sperr,psnr,True,1.2307127714157104,163.6739501953125,1048576,quality=26.0
phi,sperr,psnr,True,1.3323532342910769,150.4569091796875,65536,quality=24.0
phi,sperr,psnr,True,1.333267092704773,150.45571899414062,1048576,quality=24.0
phi,sperr,psnr,True,1.5992896556854248,126.63029479980467,131072,quality=20.0
phi,sperr,psnr,True,1.599644660949707,126.62390899658205,262144,quality=20.0
phi,sperr,psnr,True,1.5998178720474243,126.62297058105467,524288,quality=20.0
phi,sperr,psnr,True,1.5999045372009275,126.6194305419922,1048576,quality=20.0
phi,sperr,psnr,True,1.999851107597351,102.54388427734376,1048576,quality=16.0
phi,sperr,psnr,True,2.6588664054870605,78.46063232421875,32768,quality=12.0
phi,sperr,psnr,True,2.662748575210572,78.45963287353516,65536,quality=12.0
phi,sperr,psnr,True,2.665679931640625,78.45869445800781,262144,quality=12.0
phi,sperr,psnr,True,2.666161060333252,78.4582290649414,524288,quality=12.0
phi,sperr,psnr,True,2.666401624679565,78.4566650390625,1048576,quality=12.0
phi,sperr,psnr,True,3.199271440505981,66.42350006103516,524288,quality=10.0
phi,sperr,psnr,True,3.199618101119995,66.41740417480469,1048576,quality=10.0
phi,sperr,psnr,True,3.3667967319488525,63.237640380859375,32768,quality=0.01
phi,sperr,psnr,True,3.379087448120117,63.235469818115234,1048576,quality=0.01
phi,sperr,psnr,True,3.997780799865722,54.382591247558594,262144,quality=8.0
phi,sperr,psnr,True,3.9988629817962646,54.38147735595703,524288,quality=8.0
phi,sperr,psnr,True,3.999404430389404,54.3790283203125,1048576,quality=8.0
phi,sperr,psnr,True,4.1038103103637695,49.25741195678711,2048,quality=0.05
phi,sperr,psnr,True,4.258150100708008,49.25630569458008,4096,quality=0.05
phi,sperr,psnr,True,4.419157028198242,49.2550048828125,131072,quality=0.05
phi,sperr,psnr,True,4.422107696533203,49.2536735534668,262144,quality=0.05
phi,sperr,psnr,True,4.423428535461426,49.25328063964844,524288,quality=0.05
phi,sperr,psnr,True,4.424072265625,49.25250625610352,1048576,quality=0.05
phi,sperr,psnr,True,5.120866775512695,43.240684509277344,1048576,quality=0.1
phi,sperr,psnr,True,7.995450496673584,30.42191505432129,524288,quality=4.0
phi,sperr,psnr,True,7.997614860534668,30.419132232666016,1048576,quality=4.0
phi,sperr,psnr,True,15.990455627441406,18.45072555541992,1048576,quality=2.0
phi,sperr,wasserstein_distance,False,0.9999289512634276,5.751335605680419e-12,524288,quality=32.0
phi,sperr,wasserstein_distance,False,0.9999627470970154,5.785583383904891e-12,1048576,quality=32.0
phi,sperr,wasserstein_distance,False,1.0281096696853638,7.914541938491837e-11,1024,quality=30.0
phi,sperr,wasserstein_distance,False,1.0567578077316284,7.916071270708258e-11,4096,quality=30.0
phi,sperr,wasserstein_distance,False,1.0663509368896484,7.938336099577725e-11,131072,quality=30.0
phi,sperr,wasserstein_distance,False,1.0666242837905884,7.952470626459984e-11,1048576,quality=30.0
phi,sperr,wasserstein_distance,False,1.098709225654602,1.219573220190284e-09,1024,quality=28.0
phi,sperr,wasserstein_distance,False,1.137142777442932,1.221247436511419e-09,8192,quality=28.0
phi,sperr,wasserstein_distance,False,1.1424946784973145,1.222580148230179e-09,131072,quality=28.0
phi,sperr,wasserstein_distance,False,1.1427642107009888,1.2251032410759422e-09,524288,quality=28.0
phi,sperr,wasserstein_distance,False,1.142808437347412,1.227458579222684e-09,1048576,quality=28.0
phi,sperr,wasserstein_distance,False,1.2175958156585691,1.9660570060864305e-08,4096,quality=26.0
phi,sperr,wasserstein_distance,False,1.227445363998413,1.968130547425062e-08,16384,quality=26.0
phi,sperr,wasserstein_distance,False,1.230348825454712,1.9702961040479756e-08,131072,quality=26.0
phi,sperr,wasserstein_distance,False,1.23055899143219,1.9709569087922322e-08,262144,quality=26.0
phi,sperr,wasserstein_distance,False,1.2307127714157104,1.9713811028054813e-08,1048576,quality=26.0
phi,sperr,wasserstein_distance,False,1.3313804864883425,1.4245762258724426e-07,32768,quality=24.0
phi,sperr,wasserstein_distance,False,1.3323532342910769,1.4258000646805158e-07,65536,quality=24.0
phi,sperr,wasserstein_distance,False,1.332840085029602,1.425831186452342e-07,131072,quality=24.0
phi,sperr,wasserstein_distance,False,1.333086609840393,1.4260110958730365e-07,262144,quality=24.0
phi,sperr,wasserstein_distance,False,1.333267092704773,1.426585498620625e-07,1048576,quality=24.0
phi,sperr,wasserstein_distance,False,1.594387173652649,1.6204720623136382e-06,16384,quality=20.0
phi,sperr,wasserstein_distance,False,1.5971885919570925,1.6223133343373777e-06,32768,quality=20.0
phi,sperr,wasserstein_distance,False,1.5985887050628662,1.622471131668135e-06,65536,quality=20.0
phi,sperr,wasserstein_distance,False,1.5992896556854248,1.6243075151578523e-06,131072,quality=20.0
phi,sperr,wasserstein_distance,False,1.599644660949707,1.6306095176332749e-06,262144,quality=20.0
phi,sperr,wasserstein_distance,False,1.5998178720474243,1.6435461702712928e-06,524288,quality=20.0
phi,sperr,wasserstein_distance,False,1.5999045372009275,1.669906282586453e-06,1048576,quality=20.0
phi,sperr,wasserstein_distance,False,1.9825654029846191,7.623317742400104e-06,8192,quality=16.0
phi,sperr,wasserstein_distance,False,1.9912378787994385,7.659346920263488e-06,16384,quality=16.0
phi,sperr,wasserstein_distance,False,1.9956092834472656,7.700981768721249e-06,32768,quality=16.0
phi,sperr,wasserstein_distance,False,1.9977954626083367,7.833928066247609e-06,65536,quality=16.0
phi,sperr,wasserstein_distance,False,1.998890399932861,8.091617928585038e-06,131072,quality=16.0
phi,sperr,wasserstein_distance,False,1.999445080757141,8.583680028095841e-06,262144,quality=16.0
phi,sperr,wasserstein_distance,False,1.9997156858444207,9.415587555849925e-06,524288,quality=16.0
phi,sperr,wasserstein_distance,False,1.999851107597351,1.1079404430347496e-05,1048576,quality=16.0
phi,sperr,wasserstein_distance,False,2.6055874824523926,3.218649726477452e-05,4096,quality=12.0
phi,sperr,wasserstein_distance,False,2.635761260986328,3.363171708770096e-05,8192,quality=12.0
phi,sperr,wasserstein_distance,False,2.6511118412017822,3.59090518031735e-05,16384,quality=12.0
phi,sperr,wasserstein_distance,False,2.6588664054870605,4.066611654707231e-05,32768,quality=12.0
phi,sperr,wasserstein_distance,False,2.662748575210572,4.987217471352778e-05,65536,quality=12.0
phi,sperr,wasserstein_distance,False,2.66469407081604,5.574718306888826e-05,131072,quality=12.0
phi,sperr,wasserstein_distance,False,2.665679931640625,7.1842732722871e-05,262144,quality=12.0
phi,sperr,wasserstein_distance,False,3.029557466506958,7.684090815018862e-05,2048,quality=10.0
phi,sperr,wasserstein_distance,False,3.1124467849731445,8.387205889448524e-05,4096,quality=10.0
phi,sperr,wasserstein_distance,False,3.188893318176269,9.284735278924928e-05,2048,quality=0.01
phi,sperr,wasserstein_distance,False,3.2813894748687744,9.535100252833216e-05,4096,quality=0.01
phi,sperr,wasserstein_distance,False,3.32961368560791,0.0001421304041286,8192,quality=0.01
phi,sperr,wasserstein_distance,False,3.3543179035186768,0.0001479461789131,16384,quality=0.01
phi,sperr,wasserstein_distance,False,3.376188039779663,0.0002153309033019,131072,quality=0.01
phi,sperr,wasserstein_distance,False,3.506816864013672,0.000323145679431,1024,quality=8.0
phi,sperr,wasserstein_distance,False,3.826348304748535,0.0003455688711255,1024,quality=0.05
phi,sperr,wasserstein_distance,False,4.1038103103637695,0.0003649309801403,2048,quality=0.05
phi,sperr,wasserstein_distance,False,4.339716911315918,0.0004100564983673,8192,quality=0.05
phi,sperr,wasserstein_distance,False,4.696271896362305,0.0010564560070633,2048,quality=0.1
phi,sperr,wasserstein_distance,False,4.899734973907471,0.0032460957299917,4096,quality=0.1
phi,sperr,wasserstein_distance,False,5.008272171020508,0.0090713007375597,8192,quality=0.1
phi,sperr,wasserstein_distance,False,5.064264297485352,0.0155157381668686,16384,quality=0.1
phi,sperr,wasserstein_distance,False,5.092719078063965,0.0216192975640296,32768,quality=0.1
phi,sperr,wasserstein_distance,False,5.107096195220947,0.0248756259679794,65536,quality=0.1
phi,sperr,wasserstein_distance,False,5.114291667938232,0.0268043857067823,131072,quality=0.1
phi,sperr,wasserstein_distance,False,5.118227481842041,0.0284724179655313,262144,quality=0.1
phi,sperr,wasserstein_distance,False,5.120003700256348,0.0289144087582826,524288,quality=0.1
phi,sperr,wasserstein_distance,False,5.120866775512695,0.0298074167221784,1048576,quality=0.1
phi,sperr,wasserstein_distance,False,6.24379825592041,0.067742995917797,1024,quality=4.0
phi,sperr,wasserstein_distance,False,7.013548374176025,0.0842392146587371,2048,quality=4.0
phi,sperr,wasserstein_distance,False,7.474365711212158,0.0968415662646293,4096,quality=4.0
phi,sperr,wasserstein_distance,False,7.728153228759766,0.1056668758392334,8192,quality=4.0
phi,sperr,wasserstein_distance,False,7.861621379852295,0.1112999692559242,16384,quality=4.0
phi,sperr,wasserstein_distance,False,7.930205345153809,0.1157945021986961,32768,quality=4.0
phi,sperr,wasserstein_distance,False,7.964840888977051,0.1181377097964286,65536,quality=4.0
phi,sperr,wasserstein_distance,False,7.982272624969482,0.119493193924427,131072,quality=4.0
phi,sperr,wasserstein_distance,False,7.991125106811523,0.1206510439515113,262144,quality=4.0
phi,sperr,wasserstein_distance,False,7.995450496673584,0.1209599375724792,524288,quality=4.0
phi,sperr,wasserstein_distance,False,7.997614860534668,0.1215694174170494,1048576,quality=4.0
phi,sperr,wasserstein_distance,False,10.239716529846191,0.5089206695556641,1024,quality=2.0
phi,sperr,wasserstein_distance,False,12.487324714660645,0.5359628200531006,2048,quality=2.0
phi,sperr,wasserstein_distance,False,14.027087211608888,0.5549078583717346,4096,quality=2.0
phi,sperr,wasserstein_distance,False,14.94834327697754,0.5680509209632874,8192,quality=2.0
phi,sperr,wasserstein_distance,False,15.455890655517578,0.5763624310493469,16384,quality=2.0
phi,sperr,wasserstein_distance,False,15.723230361938477,0.5828446745872498,32768,quality=2.0
phi,sperr,wasserstein_distance,False,15.859972953796388,0.5861654877662659,65536,quality=2.0
phi,sperr,wasserstein_distance,False,15.929240226745604,0.588109016418457,131072,quality=2.0
phi,sperr,wasserstein_distance,False,15.964532852172852,0.5896660685539246,262144,quality=2.0
phi,sperr,wasserstein_distance,False,15.981805801391602,0.5901126861572266,524288,quality=2.0
phi,sperr,wasserstein_distance,False,15.990455627441406,0.5909596085548401,1048576,quality=2.0
phi,sperr,ks_statistic,False,1.142808437347412,7.748603820800781e-07,1048576,quality=28.0
phi,sperr,ks_statistic,False,1.2307127714157104,1.132488250732422e-06,1048576,quality=26.0
phi,sperr,ks_statistic,False,1.273627519607544,1.5031546354293823e-06,1024,quality=24.0
phi,sperr,ks_statistic,False,1.333086609840393,1.519918441772461e-06,262144,quality=24.0
phi,sperr,ks_statistic,False,1.333267092704773,1.5497207641601562e-06,1048576,quality=24.0
phi,sperr,ks_statistic,False,1.5985887050628662,2.682209014892578e-06,65536,quality=20.0
phi,sperr,ks_statistic,False,1.599644660949707,3.0100345611572266e-06,262144,quality=20.0
phi,sperr,ks_statistic,False,1.5998178720474243,3.382563591003418e-06,524288,quality=20.0
phi,sperr,ks_statistic,False,1.5999045372009275,3.3974647521972656e-06,1048576,quality=20.0
phi,sperr,ks_statistic,False,1.9997156858444207,1.132488250732422e-05,524288,quality=16.0
phi,sperr,ks_statistic,False,1.999851107597351,1.1660158634185793e-05,1048576,quality=16.0
phi,sperr,ks_statistic,False,2.66469407081604,0.0001331567764282,131072,quality=12.0
phi,sperr,ks_statistic,False,2.665679931640625,0.00014328956604,262144,quality=12.0
phi,sperr,ks_statistic,False,2.666161060333252,0.0001523494720458,524288,quality=12.0
phi,sperr,ks_statistic,False,2.666401624679565,0.0001530647277832,1048576,quality=12.0
phi,sperr,ks_statistic,False,3.373052835464477,0.0002711675188038,65536,quality=0.01
phi,sperr,ks_statistic,False,3.376188039779663,0.0002929812762886,131072,quality=0.01
phi,sperr,ks_statistic,False,3.377901554107666,0.0003798604011535,262144,quality=0.01
phi,sperr,ks_statistic,False,3.379087448120117,0.0005020797252655,1048576,quality=0.01
phi,sperr,ks_statistic,False,4.258150100708008,0.0014983791625127,4096,quality=0.05
phi,sperr,ks_statistic,False,4.403093338012695,0.0015175342559814,32768,quality=0.05
phi,sperr,ks_statistic,False,4.413741111755371,0.0022870898246765,65536,quality=0.05
phi,sperr,ks_statistic,False,4.419157028198242,0.0026123821735382,131072,quality=0.05
phi,sperr,ks_statistic,False,4.899734973907471,0.0029395914170891,4096,quality=0.1
phi,sperr,ks_statistic,False,5.008272171020508,0.0029854753520339,8192,quality=0.1
phi,sperr,ks_statistic,False,5.064264297485352,0.0048907920718193,16384,quality=0.1
phi,sperr,ks_statistic,False,5.092719078063965,0.0065366029739379,32768,quality=0.1
phi,sperr,ks_statistic,False,5.107096195220947,0.0079364478588104,65536,quality=0.1
phi,sperr,ks_statistic,False,5.114291667938232,0.0089041590690612,131072,quality=0.1
phi,sperr,ks_statistic,False,5.118227481842041,0.0098064169287681,262144,quality=0.1
phi,sperr,ks_statistic,False,5.120003700256348,0.0105213820934295,524288,quality=0.1
phi,sperr,ks_statistic,False,5.120866775512695,0.0111836791038513,1048576,quality=0.1
phi,sperr,ks_statistic,False,6.217015743255615,0.0293714702129364,1024,quality=0.5
phi,sperr,ks_statistic,False,6.24379825592041,0.0294861793518066,1024,quality=4.0
phi,sperr,ks_statistic,False,7.013548374176025,0.0373233556747436,2048,quality=4.0
phi,sperr,ks_statistic,False,7.474365711212158,0.0430182218551635,4096,quality=4.0
phi,sperr,ks_statistic,False,7.728153228759766,0.048216700553894,8192,quality=4.0
phi,sperr,ks_statistic,False,7.861621379852295,0.0516060590744018,16384,quality=4.0
phi,sperr,ks_statistic,False,7.930205345153809,0.0548502802848815,32768,quality=4.0
phi,sperr,ks_statistic,False,7.964840888977051,0.0573995113372802,65536,quality=4.0
phi,sperr,ks_statistic,False,7.982272624969482,0.0585620403289794,131072,quality=4.0
phi,sperr,ks_statistic,False,7.991125106811523,0.0593928098678588,262144,quality=4.0
phi,sperr,ks_statistic,False,7.995450496673584,0.0606768727302551,524288,quality=4.0
phi,sperr,ks_statistic,False,7.997614860534668,0.0612440109252929,1048576,quality=4.0
phi,sperr,ks_statistic,False,10.239716529846191,0.2191650569438934,1024,quality=2.0
phi,sperr,ks_statistic,False,12.487324714660645,0.2318700551986694,2048,quality=2.0
phi,sperr,ks_statistic,False,14.027087211608888,0.2391618639230728,4096,quality=2.0
phi,sperr,ks_statistic,False,14.94834327697754,0.2459233850240707,8192,quality=2.0
phi,sperr,ks_statistic,False,15.455890655517578,0.2513749003410339,16384,quality=2.0
phi,sperr,ks_statistic,False,15.723230361938477,0.2534792125225067,32768,quality=2.0
phi,sperr,ks_statistic,False,15.859972953796388,0.2557741403579712,65536,quality=2.0
phi,sperr,ks_statistic,False,15.929240226745604,0.259312093257904,131072,quality=2.0
phi,sperr,ks_statistic,False,15.964532852172852,0.2604588270187378,262144,quality=2.0
phi,sperr,ks_statistic,False,15.981805801391602,0.2609173059463501,524288,quality=2.0
phi,sperr,ks_statistic,False,15.990455627441406,0.2615875005722046,1048576,quality=2.0
phi,sperr,mse,False,0.9999289512634276,8.231229039075431e-21,524288,quality=32.0
phi,sperr,mse,False,0.9999627470970154,8.303306035673348e-21,1048576,quality=32.0
phi,sperr,mse,False,1.0567578077316284,4.251881797957258e-19,4096,quality=30.0
phi,sperr,mse,False,1.0616872310638428,4.2660043559529523e-19,8192,quality=30.0
phi,sperr,mse,False,1.0663509368896484,4.2669923197970694e-19,131072,quality=30.0
phi,sperr,mse,False,1.0666242837905884,4.28564886152532e-19,1048576,quality=30.0
phi,sperr,mse,False,1.098709225654602,2.6136331516248184e-17,1024,quality=28.0
phi,sperr,mse,False,1.137142777442932,2.614397301074695e-17,8192,quality=28.0
phi,sperr,mse,False,1.1424946784973145,2.6185821732297232e-17,131072,quality=28.0
phi,sperr,mse,False,1.1427642107009888,2.626298775728108e-17,524288,quality=28.0
phi,sperr,mse,False,1.142808437347412,2.6310921219417305e-17,1048576,quality=28.0
phi,sperr,mse,False,1.2175958156585691,1.6905833185459646e-15,4096,quality=26.0
phi,sperr,mse,False,1.227445363998413,1.691812998627141e-15,16384,quality=26.0
phi,sperr,mse,False,1.2299339771270752,1.6938747826998764e-15,65536,quality=26.0
phi,sperr,mse,False,1.230348825454712,1.6940960700573466e-15,131072,quality=26.0
phi,sperr,mse,False,1.2307127714157104,1.6941952787912938e-15,1048576,quality=26.0
phi,sperr,mse,False,1.3323532342910769,3.5535942542524665e-14,65536,quality=24.0
phi,sperr,mse,False,1.333267092704773,3.5545686809549885e-14,1048576,quality=24.0
phi,sperr,mse,False,1.5992896556854248,8.576885729416617e-12,131072,quality=20.0
phi,sperr,mse,False,1.599644660949707,8.589516251045204e-12,262144,quality=20.0
phi,sperr,mse,False,1.5998178720474243,8.591360262100167e-12,524288,quality=20.0
phi,sperr,mse,False,1.5999045372009275,8.598369412304852e-12,1048576,quality=20.0
phi,sperr,mse,False,1.999851107597351,2.1977093478398046e-09,1048576,quality=16.0
phi,sperr,mse,False,2.6588664054870605,5.627248924611195e-07,32768,quality=12.0
phi,sperr,mse,False,2.662748575210572,5.628538133350958e-07,65536,quality=12.0
phi,sperr,mse,False,2.665679931640625,5.629760266856465e-07,262144,quality=12.0
phi,sperr,mse,False,2.666161060333252,5.630363943964767e-07,524288,quality=12.0
phi,sperr,mse,False,2.666401624679565,5.632391548715532e-07,1048576,quality=12.0
phi,sperr,mse,False,3.199271440505981,8.995167263492476e-06,524288,quality=10.0
phi,sperr,mse,False,3.199618101119995,9.007802873384207e-06,1048576,quality=10.0
phi,sperr,mse,False,3.3667967319488525,1.8732482203631665e-05,32768,quality=0.01
phi,sperr,mse,False,3.379087448120117,1.874182817118708e-05,1048576,quality=0.01
phi,sperr,mse,False,3.997780799865722,0.0001439129846403,262144,quality=8.0
phi,sperr,mse,False,3.9988629817962646,0.000143949946505,524288,quality=8.0
phi,sperr,mse,False,3.999404430389404,0.0001440309861209,1048576,quality=8.0
phi,sperr,mse,False,4.1038103103637695,0.000468401267426,2048,quality=0.05
phi,sperr,mse,False,4.258150100708008,0.0004685204185079,4096,quality=0.05
phi,sperr,mse,False,4.419157028198242,0.0004686608153861,131072,quality=0.05
phi,sperr,mse,False,4.422107696533203,0.0004688046465162,262144,quality=0.05
phi,sperr,mse,False,4.423428535461426,0.000468846381409,524288,quality=0.05
phi,sperr,mse,False,4.424072265625,0.0004689303168561,1048576,quality=0.05
phi,sperr,mse,False,5.120866775512695,0.0018719346262514,1048576,quality=0.1
phi,sperr,mse,False,7.995450496673584,0.0358234606683254,524288,quality=4.0
phi,sperr,mse,False,7.997614860534668,0.0358464233577251,1048576,quality=4.0
phi,sperr,mse,False,15.990455627441406,0.5640097260475159,1048576,quality=2.0
phi,sperr,rel_error_avg,False,0.9999627470970154,2.30501484566048e-09,1048576,quality=32.0
phi,sperr,rel_error_avg,False,1.0616872310638428,9.579019355498986e-09,8192,quality=30.0
phi,sperr,rel_error_avg,False,1.0660392045974731,9.823880375847692e-09,65536,quality=30.0
phi,sperr,rel_error_avg,False,1.0665857791900637,1.1016759060566985e-08,524288,quality=30.0
phi,sperr,rel_error_avg,False,1.0666242837905884,1.1718586989672986e-08,1048576,quality=30.0
phi,sperr,rel_error_avg,False,1.1314897537231443,3.632632683547855e-08,4096,quality=28.0
phi,sperr,rel_error_avg,False,1.1399905681610107,4.073170600804588e-08,16384,quality=28.0
phi,sperr,rel_error_avg,False,1.142808437347412,4.257373831251243e-08,1048576,quality=28.0
phi,sperr,rel_error_avg,False,1.227445363998413,1.971424268276678e-07,16384,quality=26.0
phi,sperr,rel_error_avg,False,1.2306615114212036,1.9945106544128066e-07,524288,quality=26.0
phi,sperr,rel_error_avg,False,1.2307127714157104,2.2899769192008534e-07,1048576,quality=26.0
phi,sperr,rel_error_avg,False,1.333086609840393,7.526128911194974e-07,262144,quality=24.0
phi,sperr,rel_error_avg,False,1.333267092704773,7.91072352512856e-07,1048576,quality=24.0
phi,sperr,rel_error_avg,False,1.577808141708374,1.2085368325642776e-05,4096,quality=20.0
phi,sperr,rel_error_avg,False,1.5999045372009275,1.3156171917216852e-05,1048576,quality=20.0
phi,sperr,rel_error_avg,False,1.999445080757141,0.0002069266920443,262144,quality=16.0
phi,sperr,rel_error_avg,False,1.9997156858444207,0.0002085794403683,524288,quality=16.0
phi,sperr,rel_error_avg,False,1.999851107597351,0.000231604106375,1048576,quality=16.0
phi,sperr,rel_error_avg,False,2.666161060333252,0.0031476956792175,524288,quality=12.0
phi,sperr,rel_error_avg,False,2.666401624679565,0.0036787502467632,1048576,quality=12.0
phi,sperr,rel_error_avg,False,3.1124467849731445,0.0139420628547668,4096,quality=10.0
phi,sperr,rel_error_avg,False,3.199271440505981,0.0141433281823992,524288,quality=10.0
phi,sperr,rel_error_avg,False,3.199618101119995,0.0145304054021835,1048576,quality=10.0
phi,sperr,rel_error_avg,False,3.379087448120117,0.0191309098154306,1048576,quality=0.01
phi,sperr,rel_error_avg,False,3.9988629817962646,0.0403406135737896,524288,quality=8.0
phi,sperr,rel_error_avg,False,3.999404430389404,0.0448491163551807,1048576,quality=8.0
phi,sperr,rel_error_avg,False,4.1038103103637695,0.099735751748085,2048,quality=0.05
phi,sperr,rel_error_avg,False,4.381679058074951,0.106570228934288,16384,quality=0.05
phi,sperr,rel_error_avg,False,4.422107696533203,0.1185763925313949,262144,quality=0.05
phi,sperr,rel_error_avg,False,4.423428535461426,0.1226826459169387,524288,quality=0.05
phi,sperr,rel_error_avg,False,4.424072265625,0.1237198486924171,1048576,quality=0.05
phi,sperr,rel_error_avg,False,4.696271896362305,0.1818732768297195,2048,quality=0.1
phi,sperr,rel_error_avg,False,5.064264297485352,0.2278279662132263,16384,quality=0.1
phi,sperr,rel_error_avg,False,5.092719078063965,0.264292299747467,32768,quality=0.1
phi,sperr,rel_error_avg,False,5.107096195220947,0.2839544415473938,65536,quality=0.1
phi,sperr,rel_error_avg,False,5.114291667938232,0.2967006266117096,131072,quality=0.1
phi,sperr,rel_error_avg,False,5.120866775512695,0.3005671799182892,1048576,quality=0.1
phi,sperr,rel_error_avg,False,7.861621379852295,0.4018239676952362,16384,quality=4.0
phi,sperr,rel_error_avg,False,7.930205345153809,0.4329859316349029,32768,quality=4.0
phi,sperr,rel_error_avg,False,7.964840888977051,0.4447458982467651,65536,quality=4.0
phi,sperr,rel_error_avg,False,7.982272624969482,0.4559688866138458,131072,quality=4.0
phi,sperr,rel_error_avg,False,7.997614860534668,0.4584896266460418,1048576,quality=4.0
phi,sperr,rel_error_avg,False,15.455890655517578,0.7839087843894958,16384,quality=2.0
phi,sperr,rel_error_avg,False,15.723230361938477,0.8149142861366272,32768,quality=2.0
phi,sperr,rel_error_avg,False,15.859972953796388,0.8265127539634705,65536,quality=2.0
phi,sperr,rel_error_avg,False,15.929240226745604,0.8374293446540833,131072,quality=2.0
phi,sperr,rel_error_avg,False,15.990455627441406,0.8397439122200012,1048576,quality=2.0
phi,sperr,nrmse,False,0.9999289512634276,1.4439522283476568e-11,524288,quality=32.0
phi,sperr,nrmse,False,0.9999627470970154,1.4502604537593411e-11,1048576,quality=32.0
phi,sperr,nrmse,False,1.0567578077316284,1.0377938039112415e-10,4096,quality=30.0
phi,sperr,nrmse,False,1.0616872310638428,1.0395158829669578e-10,8192,quality=30.0
phi,sperr,nrmse,False,1.0663509368896484,1.0396362467275153e-10,131072,quality=30.0
phi,sperr,nrmse,False,1.0666242837905884,1.0419065650830947e-10,1048576,quality=30.0
phi,sperr,nrmse,False,1.098709225654602,8.136596830517764e-10,1024,quality=28.0
phi,sperr,nrmse,False,1.137142777442932,8.137786194372323e-10,8192,quality=28.0
phi,sperr,nrmse,False,1.1424946784973145,8.144296677211405e-10,131072,quality=28.0
phi,sperr,nrmse,False,1.1427642107009888,8.156287912194724e-10,524288,quality=28.0
phi,sperr,nrmse,False,1.142808437347412,8.163727676776541e-10,1048576,quality=28.0
phi,sperr,nrmse,False,1.2175958156585691,6.543931909360938e-09,4096,quality=26.0
phi,sperr,nrmse,False,1.227445363998413,6.546311407575671e-09,16384,quality=26.0
phi,sperr,nrmse,False,1.2299339771270752,6.5502991328572875e-09,65536,quality=26.0
phi,sperr,nrmse,False,1.230348825454712,6.550726983564766e-09,131072,quality=26.0
phi,sperr,nrmse,False,1.2307127714157104,6.5509187908145505e-09,1048576,quality=26.0
phi,sperr,nrmse,False,1.3323532342910769,3.0002289793228934e-08,65536,quality=24.0
phi,sperr,nrmse,False,1.333267092704773,3.0006402956742964e-08,1048576,quality=24.0
phi,sperr,nrmse,False,1.5992896556854248,4.661066446167645e-07,131072,quality=20.0
phi,sperr,nrmse,False,1.599644660949707,4.664497181075516e-07,262144,quality=20.0
phi,sperr,nrmse,False,1.5998178720474243,4.66499784505508e-07,524288,quality=20.0
phi,sperr,nrmse,False,1.5999045372009275,4.666900396183729e-07,1048576,quality=20.0
phi,sperr,nrmse,False,1.999851107597351,7.461147227641919e-06,1048576,quality=16.0
phi,sperr,nrmse,False,2.6588664054870605,0.0001193901631102,32768,quality=12.0
phi,sperr,nrmse,False,2.662748575210572,0.000119403838534,65536,quality=12.0
phi,sperr,nrmse,False,2.665679931640625,0.0001194168010038,262144,quality=12.0
phi,sperr,nrmse,False,2.666161060333252,0.0001194232033418,524288,quality=12.0
phi,sperr,nrmse,False,2.666401624679565,0.0001194447047279,1048576,quality=12.0
phi,sperr,nrmse,False,3.199271440505981,0.0004773370049431,524288,quality=10.0
phi,sperr,nrmse,False,3.199618101119995,0.000477672147547,1048576,quality=10.0
phi,sperr,nrmse,False,3.3667967319488525,0.0006888396643452,32768,quality=0.01
phi,sperr,nrmse,False,3.379087448120117,0.0006890114800793,1048576,quality=0.01
phi,sperr,nrmse,False,3.997780799865722,0.0019092837321193,262144,quality=8.0
phi,sperr,nrmse,False,3.9988629817962646,0.0019095289016448,524288,quality=8.0
phi,sperr,nrmse,False,3.999404430389404,0.0019100663305187,1048576,quality=8.0
phi,sperr,nrmse,False,4.1038103103637695,0.003444526361908,2048,quality=0.05
phi,sperr,nrmse,False,4.258150100708008,0.0034449644402973,4096,quality=0.05
phi,sperr,nrmse,False,4.419157028198242,0.0034454805608394,131072,quality=0.05
phi,sperr,nrmse,False,4.422107696533203,0.0034460092260597,262144,quality=0.05
phi,sperr,nrmse,False,4.423428535461426,0.0034461626115114,524288,quality=0.05
phi,sperr,nrmse,False,4.424072265625,0.0034464710731592,1048576,quality=0.05
phi,sperr,nrmse,False,5.120866775512695,0.006885981014806,1048576,quality=0.1
phi,sperr,nrmse,False,7.995450496673584,0.0301234181957714,524288,quality=4.0
phi,sperr,nrmse,False,7.997614860534668,0.0301330711420772,1048576,quality=4.0
phi,sperr,nrmse,False,15.990455627441406,0.1195263833426023,1048576,quality=2.0
phi,sperr,compression_throughput_mbps,True,15.929240226745604,81.27893829345703,131072,quality=2.0
phi,sperr,compression_throughput_mbps,True,15.981805801391602,81.15316772460938,524288,quality=2.0
phi,sperr,compression_throughput_mbps,True,15.990455627441406,79.97844696044922,1048576,quality=2.0
phi,sperr,decompression_throughput_mbps,True,15.981805801391602,132.35226440429688,524288,quality=2.0
phi,sperr,decompression_throughput_mbps,True,15.990455627441406,128.3784942626953,1048576,quality=2.0
phi,sz3,psnr,True,1.0784265995025637,,16384,relErrorBound=1.0e-03
phi,sz3,psnr,True,1.1483269929885864,71.31389617919922,16384,relErrorBound=1.0e-03
phi,sz3,psnr,True,1.642167091369629,66.07249450683594,32768,relErrorBound=1.0e-03
phi,sz3,psnr,True,2.0637848377227783,66.06781768798828,65536,relErrorBound=1.0e-03
phi,sz3,psnr,True,2.4193875789642334,66.06765747070312,131072,relErrorBound=1.0e-03
phi,sz3,psnr,True,3.0267786979675293,66.06341552734375,1048576,relErrorBound=1.0e-03
phi,sz3,psnr,True,3.15411376953125,64.78751373291016,524288,relErrorBound=1.0e-03
phi,sz3,psnr,True,3.248488187789917,64.78728485107422,1048576,relErrorBound=1.0e-03
phi,sz3,psnr,True,3.3771142959594727,64.7728042602539,262144,relErrorBound=1.0e-03
phi,sz3,psnr,True,3.4688165187835693,64.77269744873047,524288,relErrorBound=1.0e-03
phi,sz3,psnr,True,3.512458324432373,64.77263641357422,1048576,relErrorBound=1.0e-03
phi,sz3,psnr,True,3.518141269683838,60.74906921386719,1048576,relErrorBound=0.0e+00
phi,sz3,psnr,True,3.7955784797668457,60.73588943481445,1048576,relErrorBound=0.0e+00
phi,sz3,psnr,True,4.200527667999268,48.04496383666992,131072,relErrorBound=0.0e+00
phi,sz3,psnr,True,4.500909805297852,48.04278564453125,1048576,relErrorBound=0.0e+00
phi,sz3,psnr,True,5.319988250732422,46.76998901367188,1048576,relErrorBound=0.0e+00
phi,sz3,psnr,True,5.362179756164551,44.77726364135742,65536,relErrorBound=1.0e-02
phi,sz3,psnr,True,5.406702518463135,44.7765007019043,131072,relErrorBound=1.0e-02
phi,sz3,psnr,True,5.498492240905762,44.77615737915039,262144,relErrorBound=1.0e-02
phi,sz3,psnr,True,5.544996738433838,44.77594757080078,524288,relErrorBound=1.0e-02
phi,sz3,psnr,True,5.567422866821289,44.77588272094727,1048576,relErrorBound=1.0e-02
phi,sz3,psnr,True,5.59119176864624,40.73473358154297,131072,relErrorBound=0.0e+00
phi,sz3,psnr,True,5.632060050964356,40.733848571777344,262144,relErrorBound=0.0e+00
phi,sz3,psnr,True,5.697711944580078,40.73347473144531,524288,relErrorBound=0.0e+00
phi,sz3,psnr,True,5.738244533538818,40.73302459716797,1048576,relErrorBound=0.0e+00
phi,sz3,psnr,True,5.794711589813232,40.73232269287109,262144,relErrorBound=0.0e+00
phi,sz3,psnr,True,5.801985740661621,40.732303619384766,524288,relErrorBound=0.0e+00
phi,sz3,psnr,True,5.8545756340026855,40.73225402832031,1048576,relErrorBound=0.0e+00
phi,sz3,psnr,True,6.357749938964844,40.6729736328125,1048576,relErrorBound=0.0e+00
phi,sz3,psnr,True,8.2815523147583,28.047006607055664,65536,relErrorBound=0.0e+00
phi,sz3,psnr,True,8.371627807617188,28.04471206665039,131072,relErrorBound=0.0e+00
phi,sz3,psnr,True,8.520479202270508,28.044584274291992,262144,relErrorBound=0.0e+00
phi,sz3,psnr,True,8.597601890563965,28.04408836364746,524288,relErrorBound=0.0e+00
phi,sz3,psnr,True,8.637275695800781,28.0437126159668,1048576,relErrorBound=0.0e+00
phi,sz3,psnr,True,11.27099609375,27.01189041137696,1048576,relErrorBound=0.0e+00
phi,sz3,psnr,True,11.30707550048828,24.77690887451172,131072,relErrorBound=1.0e-01
phi,sz3,psnr,True,11.595166206359863,24.776775360107425,262144,relErrorBound=1.0e-01
phi,sz3,psnr,True,11.683963775634766,24.77667236328125,524288,relErrorBound=1.0e-01
phi,sz3,psnr,True,11.729955673217772,24.77665328979492,1048576,relErrorBound=1.0e-01
phi,sz3,psnr,True,11.97573184967041,24.77167320251465,32768,relErrorBound=1.0e-01
phi,sz3,psnr,True,12.470340728759766,24.77154922485352,65536,relErrorBound=1.0e-01
phi,sz3,psnr,True,12.749101638793944,24.7714900970459,131072,relErrorBound=1.0e-01
phi,sz3,psnr,True,12.890396118164062,24.771461486816406,262144,relErrorBound=1.0e-01
phi,sz3,psnr,True,12.961766242980955,24.77144241333008,524288,relErrorBound=1.0e-01
phi,sz3,psnr,True,13.00045680999756,24.771434783935547,1048576,relErrorBound=1.0e-01
phi,sz3,psnr,True,9572.900390625,10.776981353759766,1048576,relErrorBound=1.0e+00
phi,sz3,wasserstein_distance,False,1.0784265995025637,0.0,16384,relErrorBound=1.0e-03
phi,sz3,wasserstein_distance,False,1.1483269929885864,3.26363297062926e-05,16384,relErrorBound=1.0e-03
phi,sz3,wasserstein_distance,False,2.0637848377227783,6.336514343274757e-05,65536,relErrorBound=1.0e-03
phi,sz3,wasserstein_distance,False,2.4193875789642334,6.492107058875263e-05,131072,relErrorBound=1.0e-03
phi,sz3,wasserstein_distance,False,2.7047111988067627,6.5418760641478e-05,262144,relErrorBound=1.0e-03
phi,sz3,wasserstein_distance,False,3.0267786979675293,6.570432014996186e-05,1048576,relErrorBound=1.0e-03
phi,sz3,wasserstein_distance,False,3.248488187789917,7.161396933952346e-05,1048576,relErrorBound=1.0e-03
phi,sz3,wasserstein_distance,False,3.296752691268921,8.457749208901078e-05,1048576,relErrorBound=0.0e+00
phi,sz3,wasserstein_distance,False,3.518141269683838,9.480840526521206e-05,1048576,relErrorBound=0.0e+00
phi,sz3,wasserstein_distance,False,3.523965120315552,0.0001071936276275,1048576,relErrorBound=0.0e+00
phi,sz3,wasserstein_distance,False,3.604114055633545,0.0003264831902924,32768,relErrorBound=0.0e+00
phi,sz3,wasserstein_distance,False,4.200527667999268,0.0003387327305972,131072,relErrorBound=0.0e+00
phi,sz3,wasserstein_distance,False,4.500909805297852,0.0003447724157012,1048576,relErrorBound=0.0e+00
phi,sz3,wasserstein_distance,False,4.846317768096924,0.0003988470707554,1048576,relErrorBound=0.0e+00
phi,sz3,wasserstein_distance,False,4.945618152618408,0.0005621659802272,131072,relErrorBound=1.0e-02
phi,sz3,wasserstein_distance,False,5.105546951293945,0.0005757050821557,1048576,relErrorBound=1.0e-02
phi,sz3,wasserstein_distance,False,5.178997993469238,0.0009686954435892,524288,relErrorBound=0.0e+00
phi,sz3,wasserstein_distance,False,5.240684509277344,0.0009708759607747,1048576,relErrorBound=0.0e+00
phi,sz3,wasserstein_distance,False,5.59119176864624,0.0011973731452599,131072,relErrorBound=0.0e+00
phi,sz3,wasserstein_distance,False,5.697711944580078,0.0012064450420439,524288,relErrorBound=0.0e+00
phi,sz3,wasserstein_distance,False,5.738244533538818,0.0012126910733059,1048576,relErrorBound=0.0e+00
phi,sz3,wasserstein_distance,False,5.8545756340026855,0.0075849257409572,1048576,relErrorBound=0.0e+00
phi,sz3,wasserstein_distance,False,7.92462158203125,0.0139258941635489,32768,relErrorBound=0.0e+00
phi,sz3,wasserstein_distance,False,8.371627807617188,0.0141039220616221,131072,relErrorBound=0.0e+00
phi,sz3,wasserstein_distance,False,8.637275695800781,0.0141142699867486,1048576,relErrorBound=0.0e+00
phi,sz3,wasserstein_distance,False,9.069575309753418,0.0181276928633451,32768,relErrorBound=0.0e+00
phi,sz3,wasserstein_distance,False,9.52102756500244,0.0181815307587385,131072,relErrorBound=0.0e+00
phi,sz3,wasserstein_distance,False,9.793829917907717,0.0182988494634628,1048576,relErrorBound=0.0e+00
phi,sz3,wasserstein_distance,False,9.87082862854004,0.0266252160072326,32768,relErrorBound=1.0e-01
phi,sz3,wasserstein_distance,False,10.585286140441896,0.0268721505999565,262144,relErrorBound=1.0e-01
phi,sz3,wasserstein_distance,False,10.79197597503662,0.0270325448364019,524288,relErrorBound=1.0e-01
phi,sz3,wasserstein_distance,False,10.904126167297363,0.0270380545407533,1048576,relErrorBound=1.0e-01
phi,sz3,wasserstein_distance,False,11.683963775634766,0.1294029504060745,524288,relErrorBound=1.0e-01
phi,sz3,wasserstein_distance,False,11.729955673217772,0.1294141709804535,1048576,relErrorBound=1.0e-01
phi,sz3,wasserstein_distance,False,11.97573184967041,0.3138662576675415,32768,relErrorBound=1.0e-01
phi,sz3,wasserstein_distance,False,12.470340728759766,0.3139658868312835,65536,relErrorBound=1.0e-01
phi,sz3,wasserstein_distance,False,12.749101638793944,0.3140124976634979,131072,relErrorBound=1.0e-01
phi,sz3,wasserstein_distance,False,12.890396118164062,0.3140356838703155,262144,relErrorBound=1.0e-01
phi,sz3,wasserstein_distance,False,12.961766242980955,0.3140509724617004,524288,relErrorBound=1.0e-01
phi,sz3,wasserstein_distance,False,13.00045680999756,0.3140538334846496,1048576,relErrorBound=1.0e-01
phi,sz3,wasserstein_distance,False,43.82390594482422,0.4819006323814392,32768,relErrorBound=1.0e+00
phi,sz3,wasserstein_distance,False,51.54178237915039,0.4861373603343963,65536,relErrorBound=1.0e+00
phi,sz3,wasserstein_distance,False,56.47893524169922,0.4869498610496521,131072,relErrorBound=1.0e+00
phi,sz3,wasserstein_distance,False,59.64607620239258,0.4880068898200989,262144,relErrorBound=1.0e+00
phi,sz3,wasserstein_distance,False,62.81296920776367,0.4893950521945953,524288,relErrorBound=1.0e+00
phi,sz3,wasserstein_distance,False,63.61092376708984,0.4895310699939728,1048576,relErrorBound=1.0e+00
phi,sz3,wasserstein_distance,False,68.87468719482422,0.5257156491279602,131072,relErrorBound=1.0e+00
phi,sz3,wasserstein_distance,False,77.0849838256836,0.540683388710022,262144,relErrorBound=1.0e+00
phi,sz3,wasserstein_distance,False,81.90472412109375,0.5419366955757141,524288,relErrorBound=1.0e+00
phi,sz3,wasserstein_distance,False,83.36004638671875,0.54236900806427,1048576,relErrorBound=1.0e+00
phi,sz3,wasserstein_distance,False,130.95315551757812,1.562620997428894,16384,relErrorBound=1.0e+00
phi,sz3,wasserstein_distance,False,134.6043243408203,1.5647798776626587,16384,relErrorBound=1.0e+00
phi,sz3,wasserstein_distance,False,7080.88671875,1.57366943359375,1048576,relErrorBound=1.0e+00
phi,sz3,wasserstein_distance,False,9572.900390625,1.573698878288269,1048576,relErrorBound=1.0e+00
phi,sz3,ks_statistic,False,1.0784265995025637,0.0,16384,relErrorBound=1.0e-03
phi,sz3,ks_statistic,False,1.1483269929885864,5.829334259033203e-05,16384,relErrorBound=1.0e-03
phi,sz3,ks_statistic,False,2.0637848377227783,0.0002076029777526,65536,relErrorBound=1.0e-03
phi,sz3,ks_statistic,False,2.4193875789642334,0.0002233982086181,131072,relErrorBound=1.0e-03
phi,sz3,ks_statistic,False,2.7047111988067627,0.0002245306968688,262144,relErrorBound=1.0e-03
phi,sz3,ks_statistic,False,3.0267786979675293,0.000227928161621,1048576,relErrorBound=1.0e-03
phi,sz3,ks_statistic,False,3.248488187789917,0.0002391934394836,1048576,relErrorBound=1.0e-03
phi,sz3,ks_statistic,False,3.296752691268921,0.0003362326824571,1048576,relErrorBound=0.0e+00
phi,sz3,ks_statistic,False,3.518141269683838,0.0003975368745159,1048576,relErrorBound=0.0e+00
phi,sz3,ks_statistic,False,3.523965120315552,0.0004118680953979,1048576,relErrorBound=0.0e+00
phi,sz3,ks_statistic,False,3.927956342697144,0.0017082425765693,65536,relErrorBound=0.0e+00
phi,sz3,ks_statistic,False,4.200527667999268,0.0017101230332627,131072,relErrorBound=0.0e+00
phi,sz3,ks_statistic,False,4.3631911277771,0.0017270476091653,262144,relErrorBound=0.0e+00
phi,sz3,ks_statistic,False,4.452659130096436,0.0017319368198513,524288,relErrorBound=0.0e+00
phi,sz3,ks_statistic,False,4.500909805297852,0.0017353217117488,1048576,relErrorBound=0.0e+00
phi,sz3,ks_statistic,False,4.660056114196777,0.0020279269665479,131072,relErrorBound=0.0e+00
phi,sz3,ks_statistic,False,4.726282596588135,0.0020324401557445,262144,relErrorBound=0.0e+00
phi,sz3,ks_statistic,False,4.846317768096924,0.002040714258328,1048576,relErrorBound=0.0e+00
phi,sz3,ks_statistic,False,4.9052510261535645,0.0024521667510271,1048576,relErrorBound=0.0e+00
phi,sz3,ks_statistic,False,4.9883012771606445,0.0025461914483457,262144,relErrorBound=1.0e-02
phi,sz3,ks_statistic,False,5.064908504486084,0.0025619878433644,524288,relErrorBound=1.0e-02
phi,sz3,ks_statistic,False,5.105546951293945,0.0025642444379627,1048576,relErrorBound=1.0e-02
phi,sz3,ks_statistic,False,5.159036159515381,0.0027526698540896,1048576,relErrorBound=1.0e-02
phi,sz3,ks_statistic,False,5.178997993469238,0.0034721477422863,524288,relErrorBound=0.0e+00
phi,sz3,ks_statistic,False,5.240684509277344,0.003485687309876,1048576,relErrorBound=0.0e+00
phi,sz3,ks_statistic,False,5.8545756340026855,0.0039437762461602,1048576,relErrorBound=0.0e+00
phi,sz3,ks_statistic,False,7.92462158203125,0.0172840151935815,32768,relErrorBound=0.0e+00
phi,sz3,ks_statistic,False,8.2815523147583,0.0173201207071542,65536,relErrorBound=0.0e+00
phi,sz3,ks_statistic,False,8.597601890563965,0.0173314027488231,524288,relErrorBound=0.0e+00
phi,sz3,ks_statistic,False,8.637275695800781,0.0173438135534524,1048576,relErrorBound=0.0e+00
phi,sz3,ks_statistic,False,9.750739097595217,0.0203311704099178,524288,relErrorBound=0.0e+00
phi,sz3,ks_statistic,False,9.793829917907717,0.0203729178756475,1048576,relErrorBound=0.0e+00
phi,sz3,ks_statistic,False,9.87082862854004,0.0253874491900205,32768,relErrorBound=1.0e-01
phi,sz3,ks_statistic,False,10.217013359069824,0.0255055427551269,65536,relErrorBound=1.0e-01
phi,sz3,ks_statistic,False,10.585286140441896,0.0256525985896587,262144,relErrorBound=1.0e-01
phi,sz3,ks_statistic,False,10.79197597503662,0.0256770439445972,524288,relErrorBound=1.0e-01
phi,sz3,ks_statistic,False,10.904126167297363,0.0256834384053945,1048576,relErrorBound=1.0e-01
phi,sz3,ks_statistic,False,11.729955673217772,0.0559056401252746,1048576,relErrorBound=1.0e-01
phi,sz3,ks_statistic,False,63.61092376708984,0.0812581107020378,1048576,relErrorBound=1.0e+00
phi,sz3,ks_statistic,False,68.87468719482422,0.1006783694028854,131072,relErrorBound=1.0e+00
phi,sz3,ks_statistic,False,77.0849838256836,0.1088968962430954,262144,relErrorBound=1.0e+00
phi,sz3,ks_statistic,False,81.90472412109375,0.1096415668725967,524288,relErrorBound=1.0e+00
phi,sz3,ks_statistic,False,83.36004638671875,0.109756663441658,1048576,relErrorBound=1.0e+00
phi,sz3,ks_statistic,False,130.95315551757812,0.5083345770835876,16384,relErrorBound=1.0e+00
phi,sz3,ks_statistic,False,134.6043243408203,0.5106956958770752,16384,relErrorBound=1.0e+00
phi,sz3,ks_statistic,False,7080.88671875,0.5146327018737793,1048576,relErrorBound=1.0e+00
phi,sz3,ks_statistic,False,9572.900390625,0.514653742313385,1048576,relErrorBound=1.0e+00
phi,sz3,mse,False,1.0784265995025637,0.0,16384,relErrorBound=1.0e-03
phi,sz3,mse,False,1.1483269929885864,2.9172229005780537e-06,16384,relErrorBound=1.0e-03
phi,sz3,mse,False,1.642167091369629,9.752349797054194e-06,32768,relErrorBound=1.0e-03
phi,sz3,mse,False,2.0637848377227783,9.762876288732514e-06,65536,relErrorBound=1.0e-03
phi,sz3,mse,False,2.4193875789642334,9.763229172676802e-06,131072,relErrorBound=1.0e-03
phi,sz3,mse,False,3.0267786979675293,9.77275976765668e-06,1048576,relErrorBound=1.0e-03
phi,sz3,mse,False,3.15411376953125,1.3110148756823037e-05,524288,relErrorBound=1.0e-03
phi,sz3,mse,False,3.248488187789917,1.3110850886732806e-05,1048576,relErrorBound=1.0e-03
phi,sz3,mse,False,3.3771142959594727,1.3154620319255628e-05,262144,relErrorBound=1.0e-03
phi,sz3,mse,False,3.4688165187835693,1.3154953194316477e-05,524288,relErrorBound=1.0e-03
phi,sz3,mse,False,3.512458324432373,1.3155125998309812e-05,1048576,relErrorBound=1.0e-03
phi,sz3,mse,False,3.518141269683838,3.322403063066304e-05,1048576,relErrorBound=0.0e+00
phi,sz3,mse,False,3.7955784797668457,3.3324991818517447e-05,1048576,relErrorBound=0.0e+00
phi,sz3,mse,False,4.200527667999268,0.0006192452856339,131072,relErrorBound=0.0e+00
phi,sz3,mse,False,4.500909805297852,0.0006195558817125,1048576,relErrorBound=0.0e+00
phi,sz3,mse,False,5.319988250732422,0.0008305390947498,1048576,relErrorBound=0.0e+00
phi,sz3,mse,False,5.362179756164551,0.0013141126837581,65536,relErrorBound=1.0e-02
phi,sz3,mse,False,5.406702518463135,0.00131434306968,131072,relErrorBound=1.0e-02
phi,sz3,mse,False,5.498492240905762,0.001314447959885,262144,relErrorBound=1.0e-02
phi,sz3,mse,False,5.544996738433838,0.0013145109405741,524288,relErrorBound=1.0e-02
phi,sz3,mse,False,5.567422866821289,0.0013145311968401,1048576,relErrorBound=1.0e-02
phi,sz3,mse,False,5.59119176864624,0.0033333851024508,131072,relErrorBound=0.0e+00
phi,sz3,mse,False,5.632060050964356,0.0033340684603899,262144,relErrorBound=0.0e+00
phi,sz3,mse,False,5.697711944580078,0.0033343525137752,524288,relErrorBound=0.0e+00
phi,sz3,mse,False,5.738244533538818,0.0033347003627568,1048576,relErrorBound=0.0e+00
phi,sz3,mse,False,5.794711589813232,0.0033352375030517,262144,relErrorBound=0.0e+00
phi,sz3,mse,False,5.801985740661621,0.0033352540340274,524288,relErrorBound=0.0e+00
phi,sz3,mse,False,5.8545756340026855,0.0033352910540997,1048576,relErrorBound=0.0e+00
phi,sz3,mse,False,6.357749938964844,0.0033811267931014,1048576,relErrorBound=0.0e+00
phi,sz3,mse,False,8.2815523147583,0.0618953928351402,65536,relErrorBound=0.0e+00
phi,sz3,mse,False,8.371627807617188,0.0619281157851219,131072,relErrorBound=0.0e+00
phi,sz3,mse,False,8.520479202270508,0.0619299486279487,262144,relErrorBound=0.0e+00
phi,sz3,mse,False,8.597601890563965,0.0619370266795158,524288,relErrorBound=0.0e+00
phi,sz3,mse,False,8.637275695800781,0.0619423650205135,1048576,relErrorBound=0.0e+00
phi,sz3,mse,False,11.27099609375,0.0785543322563171,1048576,relErrorBound=0.0e+00
phi,sz3,mse,False,11.30707550048828,0.1314220279455185,131072,relErrorBound=1.0e-01
phi,sz3,mse,False,11.595166206359863,0.1314260363578796,262144,relErrorBound=1.0e-01
phi,sz3,mse,False,11.683963775634766,0.1314291656017303,524288,relErrorBound=1.0e-01
phi,sz3,mse,False,11.729955673217772,0.1314297318458557,1048576,relErrorBound=1.0e-01
phi,sz3,mse,False,11.97573184967041,0.1315805464982986,32768,relErrorBound=1.0e-01
phi,sz3,mse,False,12.470340728759766,0.1315842717885971,65536,relErrorBound=1.0e-01
phi,sz3,mse,False,12.749101638793944,0.1315861046314239,131072,relErrorBound=1.0e-01
phi,sz3,mse,False,12.890396118164062,0.1315870136022567,262144,relErrorBound=1.0e-01
phi,sz3,mse,False,12.961766242980955,0.1315875649452209,524288,relErrorBound=1.0e-01
phi,sz3,mse,False,13.00045680999756,0.1315877437591552,1048576,relErrorBound=1.0e-01
phi,sz3,mse,False,9572.900390625,3.301116943359375,1048576,relErrorBound=1.0e+00
phi,sz3,rel_error_avg,False,1.0784265995025637,0.0,16384,relErrorBound=1.0e-03
phi,sz3,rel_error_avg,False,1.1483269929885864,0.0036503884475678,16384,relErrorBound=1.0e-03
phi,sz3,rel_error_avg,False,1.3498910665512085,0.008334076963365,8192,relErrorBound=1.0e-03
phi,sz3,rel_error_avg,False,1.931047320365905,0.0083371689543128,16384,relErrorBound=1.0e-03
phi,sz3,rel_error_avg,False,2.4954264163970947,0.0083410842344164,32768,relErrorBound=1.0e-03
phi,sz3,rel_error_avg,False,2.9057657718658447,0.0083419680595397,65536,relErrorBound=1.0e-03
phi,sz3,rel_error_avg,False,3.205998182296753,0.0083425007760524,131072,relErrorBound=1.0e-03
phi,sz3,rel_error_avg,False,3.3771142959594727,0.0083427326753735,262144,relErrorBound=1.0e-03
phi,sz3,rel_error_avg,False,3.4688165187835693,0.0083428304642438,524288,relErrorBound=1.0e-03
phi,sz3,rel_error_avg,False,3.512458324432373,0.008342869579792,1048576,relErrorBound=1.0e-03
phi,sz3,rel_error_avg,False,3.7955784797668457,0.0125145409256219,1048576,relErrorBound=0.0e+00
phi,sz3,rel_error_avg,False,5.319988250732422,0.0493831634521484,1048576,relErrorBound=0.0e+00
phi,sz3,rel_error_avg,False,5.362179756164551,0.0597939155995845,65536,relErrorBound=1.0e-02
phi,sz3,rel_error_avg,False,5.406702518463135,0.0597974807024002,131072,relErrorBound=1.0e-02
phi,sz3,rel_error_avg,False,5.498492240905762,0.059799138456583,262144,relErrorBound=1.0e-02
phi,sz3,rel_error_avg,False,5.544996738433838,0.0598001070320606,524288,relErrorBound=1.0e-02
phi,sz3,rel_error_avg,False,5.567422866821289,0.0598004274070262,1048576,relErrorBound=1.0e-02
phi,sz3,rel_error_avg,False,6.357749938964844,0.0882175639271736,1048576,relErrorBound=0.0e+00
phi,sz3,rel_error_avg,False,11.27099609375,0.3036304414272308,1048576,relErrorBound=0.0e+00
phi,sz3,rel_error_avg,False,11.97573184967041,0.3652775585651397,32768,relErrorBound=1.0e-01
phi,sz3,rel_error_avg,False,12.470340728759766,0.3653010725975036,65536,relErrorBound=1.0e-01
phi,sz3,rel_error_avg,False,12.749101638793944,0.3653126358985901,131072,relErrorBound=1.0e-01
phi,sz3,rel_error_avg,False,12.890396118164062,0.365318089723587,262144,relErrorBound=1.0e-01
phi,sz3,rel_error_avg,False,12.961766242980955,0.3653212487697601,524288,relErrorBound=1.0e-01
phi,sz3,rel_error_avg,False,13.00045680999756,0.3653223216533661,1048576,relErrorBound=1.0e-01
phi,sz3,rel_error_avg,False,9572.900390625,1.0,1048576,relErrorBound=1.0e+00
phi,sz3,nrmse,False,1.0784265995025637,0.0,16384,relErrorBound=1.0e-03
phi,sz3,nrmse,False,1.1483269929885864,0.0002718349472935,16384,relErrorBound=1.0e-03
phi,sz3,nrmse,False,1.642167091369629,0.0004970214330152,32768,relErrorBound=1.0e-03
phi,sz3,nrmse,False,2.0637848377227783,0.0004972895981779,65536,relErrorBound=1.0e-03
phi,sz3,nrmse,False,2.4193875789642334,0.0004972985854847,131072,relErrorBound=1.0e-03
phi,sz3,nrmse,False,3.0267786979675293,0.0004975412508584,1048576,relErrorBound=1.0e-03
phi,sz3,nrmse,False,3.15411376953125,0.0005762677185202,524288,relErrorBound=1.0e-03
phi,sz3,nrmse,False,3.248488187789917,0.0005762831496717,1048576,relErrorBound=1.0e-03
phi,sz3,nrmse,False,3.3771142959594727,0.0005772442836985,262144,relErrorBound=1.0e-03
phi,sz3,nrmse,False,3.4688165187835693,0.0005772515871784,524288,relErrorBound=1.0e-03
phi,sz3,nrmse,False,3.512458324432373,0.000577255378566,1048576,relErrorBound=1.0e-03
phi,sz3,nrmse,False,3.518141269683838,0.0009173744521595,1048576,relErrorBound=0.0e+00
phi,sz3,nrmse,False,3.7955784797668457,0.0009187672536428,1048576,relErrorBound=0.0e+00
phi,sz3,nrmse,False,4.200527667999268,0.0039605165877952,131072,relErrorBound=0.0e+00
phi,sz3,nrmse,False,4.500909805297852,0.0039615097053369,1048576,relErrorBound=0.0e+00
phi,sz3,nrmse,False,5.319988250732422,0.0045867019730142,1048576,relErrorBound=0.0e+00
phi,sz3,nrmse,False,5.362179756164551,0.0057694815072702,65536,relErrorBound=1.0e-02
phi,sz3,nrmse,False,5.406702518463135,0.0057699872283851,131072,relErrorBound=1.0e-02
phi,sz3,nrmse,False,5.498492240905762,0.0057702174586359,262144,relErrorBound=1.0e-02
phi,sz3,nrmse,False,5.544996738433838,0.0057703556945835,524288,relErrorBound=1.0e-02
phi,sz3,nrmse,False,5.567422866821289,0.0057704001542399,1048576,relErrorBound=1.0e-02
phi,sz3,nrmse,False,5.59119176864624,0.0091888936931378,131072,relErrorBound=0.0e+00
phi,sz3,nrmse,False,5.632060050964356,0.0091898355257607,262144,relErrorBound=0.0e+00
phi,sz3,nrmse,False,5.697711944580078,0.0091902269916717,524288,relErrorBound=0.0e+00
phi,sz3,nrmse,False,5.738244533538818,0.0091907063542639,1048576,relErrorBound=0.0e+00
phi,sz3,nrmse,False,5.794711589813232,0.0091914465257043,262144,relErrorBound=0.0e+00
phi,sz3,nrmse,False,5.801985740661621,0.0091914693042007,524288,relErrorBound=0.0e+00
phi,sz3,nrmse,False,5.8545756340026855,0.0091915203149949,1048576,relErrorBound=0.0e+00
phi,sz3,nrmse,False,6.357749938964844,0.0092544627292461,1048576,relErrorBound=0.0e+00
phi,sz3,nrmse,False,8.2815523147583,0.0395958475905099,65536,relErrorBound=0.0e+00
phi,sz3,nrmse,False,8.371627807617188,0.0396063130037974,131072,relErrorBound=0.0e+00
phi,sz3,nrmse,False,8.520479202270508,0.0396068990995364,262144,relErrorBound=0.0e+00
phi,sz3,nrmse,False,8.597601890563965,0.0396091623959771,524288,relErrorBound=0.0e+00
phi,sz3,nrmse,False,8.637275695800781,0.0396108693124283,1048576,relErrorBound=0.0e+00
phi,sz3,nrmse,False,11.27099609375,0.0446072605362983,1048576,relErrorBound=0.0e+00
phi,sz3,nrmse,False,11.30707550048828,0.0576971769655833,131072,relErrorBound=1.0e-01
phi,sz3,nrmse,False,11.595166206359863,0.057698056849715,262144,relErrorBound=1.0e-01
phi,sz3,nrmse,False,11.683963775634766,0.0576987437387815,524288,relErrorBound=1.0e-01
phi,sz3,nrmse,False,11.729955673217772,0.0576988680321199,1048576,relErrorBound=1.0e-01
phi,sz3,nrmse,False,11.97573184967041,0.0577319630545125,32768,relErrorBound=1.0e-01
phi,sz3,nrmse,False,12.470340728759766,0.0577327802984189,65536,relErrorBound=1.0e-01
phi,sz3,nrmse,False,12.749101638793944,0.0577331823781748,131072,relErrorBound=1.0e-01
phi,sz3,nrmse,False,12.890396118164062,0.0577333817825435,262144,relErrorBound=1.0e-01
phi,sz3,nrmse,False,12.961766242980955,0.0577335027323987,524288,relErrorBound=1.0e-01
phi,sz3,nrmse,False,13.00045680999756,0.0577335419593244,1048576,relErrorBound=1.0e-01
phi,sz3,nrmse,False,9572.900390625,0.289168469868919,1048576,relErrorBound=1.0e+00
phi,sz3,compression_throughput_mbps,True,6.357749938964844,324.6107788085937,1048576,relErrorBound=0.0e+00
phi,sz3,compression_throughput_mbps,True,9572.900390625,299.4468688964844,1048576,relErrorBound=1.0e+00
phi,sz3,decompression_throughput_mbps,True,2568.339111328125,3632.367431640625,262144,relErrorBound=1.0e+00
phi,sz3,decompression_throughput_mbps,True,9572.900390625,3596.87939453125,1048576,relErrorBound=1.0e+00
phi,zstd-trunc,psnr,True,1.085074543952942,,1048576,"truncBits=0, level=5"
phi,zstd-trunc,psnr,True,1.0966485738754272,154.80838012695312,1048576,"truncBits=1, level=5"
phi,zstd-trunc,psnr,True,1.1092201471328735,146.35655212402344,1048576,"truncBits=2, level=5"
phi,zstd-trunc,psnr,True,1.1344059705734253,139.36209106445312,1048576,"truncBits=3, level=5"
phi,zstd-trunc,psnr,True,1.1689159870147705,132.905517578125,1048576,"truncBits=4, level=5"
phi,zstd-trunc,psnr,True,1.2110344171524048,126.67709350585938,1048576,"truncBits=5, level=5"
phi,zstd-trunc,psnr,True,1.2654277086257937,120.5476531982422,524288,"truncBits=6, level=5"
phi,zstd-trunc,psnr,True,1.2855629920959473,114.4773406982422,1048576,"truncBits=7, level=5"
phi,zstd-trunc,psnr,True,1.378671646118164,108.43482208251952,1048576,"truncBits=8, level=5"
phi,zstd-trunc,psnr,True,1.443918228149414,102.4021453857422,1048576,"truncBits=9, level=5"
phi,zstd-trunc,psnr,True,1.5226045846939087,96.36943817138672,1048576,"truncBits=10, level=5"
phi,zstd-trunc,psnr,True,1.616213083267212,90.34629821777344,1048576,"truncBits=11, level=5"
phi,zstd-trunc,psnr,True,1.7275378704071045,84.32827758789062,1048576,"truncBits=12, level=5"
phi,zstd-trunc,psnr,True,1.8551989793777464,78.31336212158203,1048576,"truncBits=13, level=5"
phi,zstd-trunc,psnr,True,2.010283708572388,72.29193878173828,1048576,"truncBits=14, level=5"
phi,zstd-trunc,psnr,True,2.186499834060669,66.26573181152344,1048576,"truncBits=15, level=5"
phi,zstd-trunc,psnr,True,2.3708815574646,60.2457389831543,1048576,"truncBits=16, level=5"
phi,zstd-trunc,psnr,True,2.5841875076293945,54.25747299194336,1048576,"truncBits=17, level=5"
phi,zstd-trunc,psnr,True,2.88531231880188,48.247100830078125,1048576,"truncBits=18, level=5"
phi,zstd-trunc,psnr,True,3.2330880165100098,42.24373245239258,1048576,"truncBits=19, level=5"
phi,zstd-trunc,psnr,True,3.652949094772339,36.49042892456055,262144,"truncBits=20, level=5"
phi,zstd-trunc,psnr,True,4.181257247924805,30.629852294921875,262144,"truncBits=21, level=5"
phi,zstd-trunc,psnr,True,4.864570140838623,24.632532119750977,262144,"truncBits=22, level=5"
phi,zstd-trunc,psnr,True,5.726232528686523,21.547061920166016,262144,"truncBits=23, level=5"
phi,zstd-trunc,wasserstein_distance,False,1.085074543952942,0.0,1048576,"truncBits=0, level=5"
phi,zstd-trunc,wasserstein_distance,False,1.0966485738754272,6.898712712199996e-08,1048576,"truncBits=1, level=5"
phi,zstd-trunc,wasserstein_distance,False,1.1092201471328735,2.0704695202766746e-07,1048576,"truncBits=2, level=5"
phi,zstd-trunc,wasserstein_distance,False,1.1344059705734253,4.833017328564893e-07,1048576,"truncBits=3, level=5"
phi,zstd-trunc,wasserstein_distance,False,1.1689159870147705,1.0346991530241212e-06,1048576,"truncBits=4, level=5"
phi,zstd-trunc,wasserstein_distance,False,1.2110344171524048,2.1374378320615506e-06,1048576,"truncBits=5, level=5"
phi,zstd-trunc,wasserstein_distance,False,1.2654277086257937,4.3452560021250974e-06,524288,"truncBits=6, level=5"
phi,zstd-trunc,wasserstein_distance,False,1.2855629920959473,8.758594958635513e-06,1048576,"truncBits=7, level=5"
phi,zstd-trunc,wasserstein_distance,False,1.378671646118164,1.7579810446477495e-05,1048576,"truncBits=8, level=5"
phi,zstd-trunc,wasserstein_distance,False,1.443918228149414,3.523230043356307e-05,1048576,"truncBits=9, level=5"
phi,zstd-trunc,wasserstein_distance,False,1.5226045846939087,7.058065239107236e-05,1048576,"truncBits=10, level=5"
phi,zstd-trunc,wasserstein_distance,False,1.616213083267212,0.0001411806733813,1048576,"truncBits=11, level=5"
phi,zstd-trunc,wasserstein_distance,False,1.7275378704071045,0.0002822886162903,1048576,"truncBits=12, level=5"
phi,zstd-trunc,wasserstein_distance,False,1.8551989793777464,0.0005641934694722,1048576,"truncBits=13, level=5"
phi,zstd-trunc,wasserstein_distance,False,2.010283708572388,0.0011286762310191,1048576,"truncBits=14, level=5"
phi,zstd-trunc,wasserstein_distance,False,2.186499834060669,0.0022586546838283,1048576,"truncBits=15, level=5"
phi,zstd-trunc,wasserstein_distance,False,2.3708815574646,0.0045175715349614,1048576,"truncBits=16, level=5"
phi,zstd-trunc,wasserstein_distance,False,2.5841875076293945,0.0090009234845638,1048576,"truncBits=17, level=5"
phi,zstd-trunc,wasserstein_distance,False,2.88531231880188,0.0179658159613609,1048576,"truncBits=18, level=5"
phi,zstd-trunc,wasserstein_distance,False,3.2330880165100098,0.0358151346445083,1048576,"truncBits=19, level=5"
phi,zstd-trunc,wasserstein_distance,False,3.652949094772339,0.0696601495146751,262144,"truncBits=20, level=5"
phi,zstd-trunc,wasserstein_distance,False,4.181257247924805,0.1353878080844879,262144,"truncBits=21, level=5"
phi,zstd-trunc,wasserstein_distance,False,4.864570140838623,0.2671643197536468,262144,"truncBits=22, level=5"
phi,zstd-trunc,wasserstein_distance,False,5.726232528686523,0.4163232445716858,262144,"truncBits=23, level=5"
phi,zstd-trunc,ks_statistic,False,1.085074543952942,0.0,1048576,"truncBits=0, level=5"
phi,zstd-trunc,ks_statistic,False,1.0966485738754272,1.9073486328125e-06,1048576,"truncBits=1, level=5"
phi,zstd-trunc,ks_statistic,False,1.1092201471328735,2.25752592086792e-06,1048576,"truncBits=2, level=5"
phi,zstd-trunc,ks_statistic,False,1.1344059705734253,3.382563591003418e-06,1048576,"truncBits=3, level=5"
phi,zstd-trunc,ks_statistic,False,1.1689159870147705,4.172325134277344e-06,1048576,"truncBits=4, level=5"
phi,zstd-trunc,ks_statistic,False,1.2110344171524048,5.260109901428223e-06,1048576,"truncBits=5, level=5"
phi,zstd-trunc,ks_statistic,False,1.2654277086257937,7.569789886474609e-06,524288,"truncBits=6, level=5"
phi,zstd-trunc,ks_statistic,False,1.2855629920959473,1.1656433343887327e-05,1048576,"truncBits=7, level=5"
phi,zstd-trunc,ks_statistic,False,1.378671646118164,1.990795135498047e-05,1048576,"truncBits=8, level=5"
phi,zstd-trunc,ks_statistic,False,1.443918228149414,3.384798765182495e-05,1048576,"truncBits=9, level=5"
phi,zstd-trunc,ks_statistic,False,1.5226045846939087,5.829334259033203e-05,1048576,"truncBits=10, level=5"
phi,zstd-trunc,ks_statistic,False,1.616213083267212,0.0001053214073181,1048576,"truncBits=11, level=5"
phi,zstd-trunc,ks_statistic,False,1.7275378704071045,0.000197447836399,1048576,"truncBits=12, level=5"
phi,zstd-trunc,ks_statistic,False,1.8551989793777464,0.0003776028752326,1048576,"truncBits=13, level=5"
phi,zstd-trunc,ks_statistic,False,2.010283708572388,0.0007345229387283,1048576,"truncBits=14, level=5"
phi,zstd-trunc,ks_statistic,False,2.186499834060669,0.0014250427484512,1048576,"truncBits=15, level=5"
phi,zstd-trunc,ks_statistic,False,2.3708815574646,0.0028346627950668,1048576,"truncBits=16, level=5"
phi,zstd-trunc,ks_statistic,False,2.5841875076293945,0.0055899620056152,1048576,"truncBits=17, level=5"
phi,zstd-trunc,ks_statistic,False,2.88531231880188,0.0111535936594009,1048576,"truncBits=18, level=5"
phi,zstd-trunc,ks_statistic,False,3.2330880165100098,0.0218667834997177,1048576,"truncBits=19, level=5"
phi,zstd-trunc,ks_statistic,False,3.652949094772339,0.0427936911582946,262144,"truncBits=20, level=5"
phi,zstd-trunc,ks_statistic,False,4.181257247924805,0.0841913074254989,262144,"truncBits=21, level=5"
phi,zstd-trunc,ks_statistic,False,4.864570140838623,0.1666190922260284,262144,"truncBits=22, level=5"
phi,zstd-trunc,ks_statistic,False,5.726232528686523,0.1901974976062774,262144,"truncBits=23, level=5"
phi,zstd-trunc,mse,False,1.085074543952942,0.0,1048576,"truncBits=0, level=5"
phi,zstd-trunc,mse,False,1.0966485738754272,1.3047286402591722e-14,1048576,"truncBits=1, level=5"
phi,zstd-trunc,mse,False,1.1092201471328735,9.134891871794352e-14,1048576,"truncBits=2, level=5"
phi,zstd-trunc,mse,False,1.1344059705734253,4.572468163648036e-13,1048576,"truncBits=3, level=5"
phi,zstd-trunc,mse,False,1.1689159870147705,2.0221229204975266e-12,1048576,"truncBits=4, level=5"
phi,zstd-trunc,mse,False,1.2110344171524048,8.484966201871558e-12,1048576,"truncBits=5, level=5"
phi,zstd-trunc,mse,False,1.2654277086257937,3.4801120318839196e-11,524288,"truncBits=6, level=5"
phi,zstd-trunc,mse,False,1.2855629920959473,1.4080722698928128e-10,1048576,"truncBits=7, level=5"
phi,zstd-trunc,mse,False,1.378671646118164,5.66078406372128e-10,1048576,"truncBits=8, level=5"
phi,zstd-trunc,mse,False,1.443918228149414,2.270622356803642e-09,1048576,"truncBits=9, level=5"
phi,zstd-trunc,mse,False,1.5226045846939087,9.107843368383328e-09,1048576,"truncBits=10, level=5"
phi,zstd-trunc,mse,False,1.616213083267212,3.6452679097465086e-08,1048576,"truncBits=11, level=5"
phi,zstd-trunc,mse,False,1.7275378704071045,1.4572415807379002e-07,1048576,"truncBits=12, level=5"
phi,zstd-trunc,mse,False,1.8551989793777464,5.821334525535349e-07,1048576,"truncBits=13, level=5"
phi,zstd-trunc,mse,False,2.010283708572388,2.328975824639201e-06,1048576,"truncBits=14, level=5"
phi,zstd-trunc,mse,False,2.186499834060669,9.327936822955962e-06,1048576,"truncBits=15, level=5"
phi,zstd-trunc,mse,False,2.3708815574646,3.7306563172023743e-05,1048576,"truncBits=16, level=5"
phi,zstd-trunc,mse,False,2.5841875076293945,0.000148119230289,1048576,"truncBits=17, level=5"
phi,zstd-trunc,mse,False,2.88531231880188,0.0005910841282457,1048576,"truncBits=18, level=5"
phi,zstd-trunc,mse,False,3.2330880165100098,0.0023549713660031,1048576,"truncBits=19, level=5"
phi,zstd-trunc,mse,False,3.652949094772339,0.0088576041162014,262144,"truncBits=20, level=5"
phi,zstd-trunc,mse,False,4.181257247924805,0.0341486781835556,262144,"truncBits=21, level=5"
phi,zstd-trunc,mse,False,4.864570140838623,0.1358644366264343,262144,"truncBits=22, level=5"
phi,zstd-trunc,mse,False,5.726232528686523,0.2764731347560882,262144,"truncBits=23, level=5"
phi,zstd-trunc,rel_error_avg,False,1.085074543952942,0.0,1048576,"truncBits=0, level=5"
phi,zstd-trunc,rel_error_avg,False,1.0966485738754272,4.3524465809241526e-08,1048576,"truncBits=1, level=5"
phi,zstd-trunc,rel_error_avg,False,1.1092201471328735,1.3072404669856041e-07,1048576,"truncBits=2, level=5"
phi,zstd-trunc,rel_error_avg,False,1.1344059705734253,3.050521968361864e-07,1048576,"truncBits=3, level=5"
phi,zstd-trunc,rel_error_avg,False,1.1689159870147705,6.533471719194495e-07,1048576,"truncBits=4, level=5"
phi,zstd-trunc,rel_error_avg,False,1.2110344171524048,1.3495426856025006e-06,1048576,"truncBits=5, level=5"
phi,zstd-trunc,rel_error_avg,False,1.2654277086257937,2.742385277088033e-06,524288,"truncBits=6, level=5"
phi,zstd-trunc,rel_error_avg,False,1.2855629920959473,5.528808287635911e-06,1048576,"truncBits=7, level=5"
phi,zstd-trunc,rel_error_avg,False,1.378671646118164,1.110151151806349e-05,1048576,"truncBits=8, level=5"
phi,zstd-trunc,rel_error_avg,False,1.443918228149414,2.224552554253023e-05,1048576,"truncBits=9, level=5"
phi,zstd-trunc,rel_error_avg,False,1.5226045846939087,4.455119778867811e-05,1048576,"truncBits=10, level=5"
phi,zstd-trunc,rel_error_avg,False,1.616213083267212,8.912399789551273e-05,1048576,"truncBits=11, level=5"
phi,zstd-trunc,rel_error_avg,False,1.7275378704071045,0.0001782383915269,1048576,"truncBits=12, level=5"
phi,zstd-trunc,rel_error_avg,False,1.8551989793777464,0.000356294127414,1048576,"truncBits=13, level=5"
phi,zstd-trunc,rel_error_avg,False,2.010283708572388,0.0007127642747946,1048576,"truncBits=14, level=5"
phi,zstd-trunc,rel_error_avg,False,2.186499834060669,0.0014258786104619,1048576,"truncBits=15, level=5"
phi,zstd-trunc,rel_error_avg,False,2.3708815574646,0.0028506438247859,1048576,"truncBits=16, level=5"
phi,zstd-trunc,rel_error_avg,False,2.5841875076293945,0.0056837522424757,1048576,"truncBits=17, level=5"
phi,zstd-trunc,rel_error_avg,False,2.88531231880188,0.0113374115899205,1048576,"truncBits=18, level=5"
phi,zstd-trunc,rel_error_avg,False,3.2330880165100098,0.0225391015410423,1048576,"truncBits=19, level=5"
phi,zstd-trunc,rel_error_avg,False,3.652949094772339,0.0440749265253543,262144,"truncBits=20, level=5"
phi,zstd-trunc,rel_error_avg,False,4.181257247924805,0.0855012163519859,262144,"truncBits=21, level=5"
phi,zstd-trunc,rel_error_avg,False,4.864570140838623,0.1641332507133484,262144,"truncBits=22, level=5"
phi,zstd-trunc,rel_error_avg,False,5.726232528686523,0.2692698836326599,262144,"truncBits=23, level=5"
phi,zstd-trunc,nrmse,False,1.085074543952942,0.0,1048576,"truncBits=0, level=5"
phi,zstd-trunc,nrmse,False,1.0966485738754272,1.8179443302926407e-08,1048576,"truncBits=1, level=5"
phi,zstd-trunc,nrmse,False,1.1092201471328735,4.810300278304305e-08,1048576,"truncBits=2, level=5"
phi,zstd-trunc,nrmse,False,1.1344059705734253,1.076207036576372e-07,1048576,"truncBits=3, level=5"
phi,zstd-trunc,nrmse,False,1.1689159870147705,2.2632068975636685e-07,1048576,"truncBits=4, level=5"
phi,zstd-trunc,nrmse,False,1.2110344171524048,4.636022557811661e-07,1048576,"truncBits=5, level=5"
phi,zstd-trunc,nrmse,False,1.2654277086257937,9.388951477286528e-07,524288,"truncBits=6, level=5"
phi,zstd-trunc,nrmse,False,1.2855629920959473,1.888569427487348e-06,1048576,"truncBits=7, level=5"
phi,zstd-trunc,nrmse,False,1.378671646118164,3.7866814870412513e-06,1048576,"truncBits=8, level=5"
phi,zstd-trunc,nrmse,False,1.443918228149414,7.58390592149907e-06,1048576,"truncBits=9, level=5"
phi,zstd-trunc,nrmse,False,1.5226045846939087,1.5188967705983628e-05,1048576,"truncBits=10, level=5"
phi,zstd-trunc,nrmse,False,1.616213083267212,3.038681685408029e-05,1048576,"truncBits=11, level=5"
phi,zstd-trunc,nrmse,False,1.7275378704071045,6.075559235819719e-05,1048576,"truncBits=12, level=5"
phi,zstd-trunc,nrmse,False,1.8551989793777464,0.0001214316120756,1048576,"truncBits=13, level=5"
phi,zstd-trunc,nrmse,False,2.010283708572388,0.000242886273839,1048576,"truncBits=14, level=5"
phi,zstd-trunc,nrmse,False,2.186499834060669,0.0004860861871145,1048576,"truncBits=15, level=5"
phi,zstd-trunc,nrmse,False,2.3708815574646,0.0009721048347342,1048576,"truncBits=16, level=5"
phi,zstd-trunc,nrmse,False,2.5841875076293945,0.0019369847672732,1048576,"truncBits=17, level=5"
phi,zstd-trunc,nrmse,False,2.88531231880188,0.0038694133975442,1048576,"truncBits=18, level=5"
phi,zstd-trunc,nrmse,False,3.2330880165100098,0.0077234848246937,1048576,"truncBits=19, level=5"
phi,zstd-trunc,nrmse,False,3.652949094772339,0.0149788549441194,262144,"truncBits=20, level=5"
phi,zstd-trunc,nrmse,False,4.181257247924805,0.0294108401682803,262144,"truncBits=21, level=5"
phi,zstd-trunc,nrmse,False,4.864570140838623,0.0586642304803773,262144,"truncBits=22, level=5"
phi,zstd-trunc,nrmse,False,5.726232528686523,0.0836848708992094,262144,"truncBits=23, level=5"
phi,zstd-trunc,compression_throughput_mbps,True,1.08500337600708,725.4463500976562,131072,"truncBits=0, level=5"
phi,zstd-trunc,compression_throughput_mbps,True,1.109140396118164,715.7135009765625,131072,"truncBits=2, level=5"
phi,zstd-trunc,compression_throughput_mbps,True,1.1343244314193726,706.7897338867188,131072,"truncBits=3, level=5"
phi,zstd-trunc,compression_throughput_mbps,True,1.1688239574432373,685.9004516601562,131072,"truncBits=4, level=5"
phi,zstd-trunc,compression_throughput_mbps,True,1.1688838005065918,659.1185302734375,262144,"truncBits=4, level=5"
phi,zstd-trunc,compression_throughput_mbps,True,1.2110042572021484,659.0817260742188,262144,"truncBits=5, level=5"
phi,zstd-trunc,compression_throughput_mbps,True,1.265415906906128,642.4909057617188,262144,"truncBits=6, level=5"
phi,zstd-trunc,compression_throughput_mbps,True,1.2654277086257937,593.7750854492188,524288,"truncBits=6, level=5"
phi,zstd-trunc,compression_throughput_mbps,True,1.2722238302230835,339.3559875488281,262144,"truncBits=7, level=5"
phi,zstd-trunc,compression_throughput_mbps,True,1.2754437923431396,140.905029296875,524288,"truncBits=7, level=5"
phi,zstd-trunc,compression_throughput_mbps,True,1.3085776567459106,131.30133056640625,8192,"truncBits=8, level=5"
phi,zstd-trunc,compression_throughput_mbps,True,5.401891231536865,99.21585845947266,1048576,"truncBits=23, level=5"
phi,zstd-trunc,compression_throughput_mbps,True,5.726232528686523,61.59668350219727,262144,"truncBits=23, level=5"
phi,zstd-trunc,decompression_throughput_mbps,True,1.2654070854187012,1138.708740234375,1048576,"truncBits=6, level=5"
phi,zstd-trunc,decompression_throughput_mbps,True,1.2654277086257937,1135.039306640625,524288,"truncBits=6, level=5"
phi,zstd-trunc,decompression_throughput_mbps,True,1.2722238302230835,1109.443359375,262144,"truncBits=7, level=5"
phi,zstd-trunc,decompression_throughput_mbps,True,1.2754437923431396,1034.4783935546875,524288,"truncBits=7, level=5"
phi,zstd-trunc,decompression_throughput_mbps,True,5.726232528686523,960.7941284179688,262144,"truncBits=23, level=5"
pt,sperr,psnr,True,1.1424946784973145,,131072,quality=28.0
pt,sperr,psnr,True,1.142808437347412,251.48878479003903,1048576,quality=28.0
pt,sperr,psnr,True,1.2307127714157104,200.48764038085932,1048576,quality=26.0
pt,sperr,psnr,True,1.3323532342910769,180.3329315185547,65536,quality=24.0
pt,sperr,psnr,True,1.333086609840393,180.33074951171875,262144,quality=24.0
pt,sperr,psnr,True,1.3332070112228394,180.31573486328125,524288,quality=24.0
pt,sperr,psnr,True,1.333267092704773,180.3018798828125,1048576,quality=24.0
pt,sperr,psnr,True,1.5999045372009275,156.9532928466797,1048576,quality=20.0
pt,sperr,psnr,True,1.635263442993164,148.2870330810547,1024,quality=0.1
pt,sperr,psnr,True,1.7343536615371704,148.28677368164062,1048576,quality=0.1
pt,sperr,psnr,True,1.987868070602417,134.30975341796875,65536,quality=0.5
pt,sperr,psnr,True,1.9898556470870967,134.3055419921875,524288,quality=0.5
pt,sperr,psnr,True,1.990183711051941,134.30477905273438,1048576,quality=0.5
pt,sperr,psnr,True,1.999851107597351,132.87982177734375,1048576,quality=16.0
pt,sperr,psnr,True,2.102163314819336,128.29031372070312,8192,quality=1.0
pt,sperr,psnr,True,2.1120004653930664,128.28880310058594,16384,quality=1.0
pt,sperr,psnr,True,2.1170079708099365,128.28591918945312,32768,quality=1.0
pt,sperr,psnr,True,2.1221609115600586,128.28387451171875,1048576,quality=1.0
pt,sperr,psnr,True,2.5015082359313965,114.3075942993164,1048576,quality=5.0
pt,sperr,psnr,True,2.666401624679565,108.79523468017578,1048576,quality=12.0
pt,sperr,psnr,True,2.7135324478149414,108.28976440429688,1048576,quality=10.0
pt,sperr,psnr,True,3.199618101119995,96.75233459472656,1048576,quality=10.0
pt,sperr,psnr,True,3.359070301055908,94.30945587158205,32768,quality=50.0
pt,sperr,psnr,True,3.3684122562408447,94.30722045898438,131072,quality=50.0
pt,sperr,psnr,True,3.3705921173095703,94.30691528320312,524288,quality=50.0
pt,sperr,psnr,True,3.370837688446045,94.30545043945312,1048576,quality=50.0
pt,sperr,psnr,True,3.999404430389404,84.71421813964844,1048576,quality=8.0
pt,sperr,psnr,True,7.997614860534668,60.61399459838867,1048576,quality=4.0
pt,sperr,psnr,True,15.990455627441406,48.72435760498047,1048576,quality=2.0
pt,sperr,wasserstein_distance,False,1.1424946784973145,0.0,131072,quality=28.0
pt,sperr,wasserstein_distance,False,1.142808437347412,1.8364218479227643e-10,1048576,quality=28.0
pt,sperr,wasserstein_distance,False,1.2307127714157104,1.1549256669241004e-05,1048576,quality=26.0
pt,sperr,wasserstein_distance,False,1.273627519607544,0.0006139551405794,1024,quality=24.0
pt,sperr,wasserstein_distance,False,1.3027938604354858,0.0006186668178997,2048,quality=24.0
pt,sperr,wasserstein_distance,False,1.3294333219528198,0.0006226867553777,16384,quality=24.0
pt,sperr,wasserstein_distance,False,1.333086609840393,0.0006234286702238,262144,quality=24.0
pt,sperr,wasserstein_distance,False,1.3332070112228394,0.0006264057010412,524288,quality=24.0
pt,sperr,wasserstein_distance,False,1.333267092704773,0.0006333740311674,1048576,quality=24.0
pt,sperr,wasserstein_distance,False,1.577808141708374,0.0082578910514712,4096,quality=20.0
pt,sperr,wasserstein_distance,False,1.5971885919570925,0.0082667004317045,32768,quality=20.0
pt,sperr,wasserstein_distance,False,1.5985887050628662,0.0082870861515402,65536,quality=20.0
pt,sperr,wasserstein_distance,False,1.5992896556854248,0.008331592194736,131072,quality=20.0
pt,sperr,wasserstein_distance,False,1.599644660949707,0.0083540473133325,262144,quality=20.0
pt,sperr,wasserstein_distance,False,1.5998178720474243,0.0084383692592382,524288,quality=20.0
pt,sperr,wasserstein_distance,False,1.5999045372009275,0.0086852069944143,1048576,quality=20.0
pt,sperr,wasserstein_distance,False,1.7087076902389526,0.0164178851991891,4096,quality=0.1
pt,sperr,wasserstein_distance,False,1.7214834690093994,0.0164438430219888,8192,quality=0.1
pt,sperr,wasserstein_distance,False,1.7279900312423706,0.0164834223687648,16384,quality=0.1
pt,sperr,wasserstein_distance,False,1.7312772274017334,0.0165149271488189,32768,quality=0.1
pt,sperr,wasserstein_distance,False,1.7328935861587524,0.0167500674724578,65536,quality=0.1
pt,sperr,wasserstein_distance,False,1.7337344884872437,0.0168260801583528,131072,quality=0.1
pt,sperr,wasserstein_distance,False,1.7343285083770752,0.0170770287513732,524288,quality=0.1
pt,sperr,wasserstein_distance,False,1.7343536615371704,0.0196092892438173,1048576,quality=0.1
pt,sperr,wasserstein_distance,False,1.8584682941436768,0.043210107833147,1024,quality=0.5
pt,sperr,wasserstein_distance,False,1.9219015836715696,0.0433240383863449,2048,quality=0.5
pt,sperr,wasserstein_distance,False,1.9725890159606927,0.0433421656489372,8192,quality=0.5
pt,sperr,wasserstein_distance,False,1.9812480211257928,0.0442512743175029,16384,quality=0.5
pt,sperr,wasserstein_distance,False,1.9856464862823489,0.0443007797002792,32768,quality=0.5
pt,sperr,wasserstein_distance,False,1.987868070602417,0.0456477627158165,65536,quality=0.5
pt,sperr,wasserstein_distance,False,1.98898446559906,0.0467124171555042,131072,quality=0.5
pt,sperr,wasserstein_distance,False,1.9912378787994385,0.0469769276678562,16384,quality=16.0
pt,sperr,wasserstein_distance,False,1.9956092834472656,0.047607772052288,32768,quality=16.0
pt,sperr,wasserstein_distance,False,1.9977954626083367,0.0486754812300205,65536,quality=16.0
pt,sperr,wasserstein_distance,False,1.998890399932861,0.0507755316793918,131072,quality=16.0
pt,sperr,wasserstein_distance,False,1.999445080757141,0.0534914247691631,262144,quality=16.0
pt,sperr,wasserstein_distance,False,1.9997156858444207,0.0596151687204837,524288,quality=16.0
pt,sperr,wasserstein_distance,False,2.0826079845428467,0.063949204981327,4096,quality=1.0
pt,sperr,wasserstein_distance,False,2.102163314819336,0.0641389191150665,8192,quality=1.0
pt,sperr,wasserstein_distance,False,2.1170079708099365,0.0661196634173393,32768,quality=1.0
pt,sperr,wasserstein_distance,False,2.119530439376831,0.0683239847421646,65536,quality=1.0
pt,sperr,wasserstein_distance,False,2.120798826217652,0.081948384642601,131072,quality=1.0
pt,sperr,wasserstein_distance,False,2.121464729309082,0.0864172652363777,262144,quality=1.0
pt,sperr,wasserstein_distance,False,2.121787548065185,0.0877862945199012,524288,quality=1.0
pt,sperr,wasserstein_distance,False,2.1221609115600586,0.1362048387527465,1048576,quality=1.0
pt,sperr,wasserstein_distance,False,2.299825429916382,0.1533093452453613,1024,quality=5.0
pt,sperr,wasserstein_distance,False,2.3966269493103027,0.156748965382576,2048,quality=5.0
pt,sperr,wasserstein_distance,False,2.4745757579803467,0.1622754484415054,8192,quality=5.0
pt,sperr,wasserstein_distance,False,2.4880666732788086,0.1690412759780883,16384,quality=5.0
pt,sperr,wasserstein_distance,False,2.4948644638061523,0.1757989823818206,32768,quality=5.0
pt,sperr,wasserstein_distance,False,2.54724383354187,0.2198672294616699,2048,quality=12.0
pt,sperr,wasserstein_distance,False,2.5905354022979736,0.2220677435398101,2048,quality=10.0
pt,sperr,wasserstein_distance,False,2.6055874824523926,0.2232725471258163,4096,quality=12.0
pt,sperr,wasserstein_distance,False,2.635761260986328,0.2279784381389618,8192,quality=12.0
pt,sperr,wasserstein_distance,False,2.681857109069824,0.2366985827684402,8192,quality=10.0
pt,sperr,wasserstein_distance,False,2.697714805603028,0.2458393722772598,16384,quality=10.0
pt,sperr,wasserstein_distance,False,2.7057156562805176,0.2788629233837127,32768,quality=10.0
pt,sperr,wasserstein_distance,False,2.709725856781006,0.340007483959198,65536,quality=10.0
pt,sperr,wasserstein_distance,False,2.7117466926574707,0.3592605590820312,131072,quality=10.0
pt,sperr,wasserstein_distance,False,2.712759256362915,0.4315125644207001,262144,quality=10.0
pt,sperr,wasserstein_distance,False,3.029557466506958,0.494356244802475,2048,quality=10.0
pt,sperr,wasserstein_distance,False,3.1124467849731445,0.4985115230083465,4096,quality=10.0
pt,sperr,wasserstein_distance,False,3.1555988788604736,0.5398085117340088,8192,quality=10.0
pt,sperr,wasserstein_distance,False,3.1839959621429443,0.5633556246757507,2048,quality=50.0
pt,sperr,wasserstein_distance,False,3.322575807571411,0.6462496519088745,8192,quality=50.0
pt,sperr,wasserstein_distance,False,3.3468613624572754,1.0562340021133425,16384,quality=50.0
pt,sperr,wasserstein_distance,False,3.3684122562408447,1.280609965324402,131072,quality=50.0
pt,sperr,wasserstein_distance,False,3.7371842861175537,1.318224310874939,2048,quality=8.0
pt,sperr,wasserstein_distance,False,3.864128589630127,1.398693561553955,4096,quality=8.0
pt,sperr,wasserstein_distance,False,3.930864334106445,1.635158896446228,8192,quality=8.0
pt,sperr,wasserstein_distance,False,3.965104341506958,2.0643718242645264,16384,quality=8.0
pt,sperr,wasserstein_distance,False,3.982475757598877,2.5859744548797607,32768,quality=8.0
pt,sperr,wasserstein_distance,False,3.9911916255950928,3.5017521381378174,65536,quality=8.0
pt,sperr,wasserstein_distance,False,3.995563983917236,4.940775871276856,131072,quality=8.0
pt,sperr,wasserstein_distance,False,3.997780799865722,6.508795261383057,262144,quality=8.0
pt,sperr,wasserstein_distance,False,3.9988629817962646,9.858339309692385,524288,quality=8.0
pt,sperr,wasserstein_distance,False,3.999404430389404,14.553777694702148,1048576,quality=8.0
pt,sperr,wasserstein_distance,False,6.24379825592041,144.2130126953125,1024,quality=4.0
pt,sperr,wasserstein_distance,False,7.013548374176025,150.58270263671875,2048,quality=4.0
pt,sperr,wasserstein_distance,False,7.474365711212158,174.99002075195312,4096,quality=4.0
pt,sperr,wasserstein_distance,False,7.930205345153809,184.6921844482422,32768,quality=4.0
pt,sperr,wasserstein_distance,False,7.964840888977051,200.48146057128903,65536,quality=4.0
pt,sperr,wasserstein_distance,False,7.982272624969482,213.94821166992188,131072,quality=4.0
pt,sperr,wasserstein_distance,False,7.991125106811523,237.1201019287109,262144,quality=4.0
pt,sperr,wasserstein_distance,False,7.995450496673584,286.73785400390625,524288,quality=4.0
pt,sperr,wasserstein_distance,False,7.997614860534668,351.5072326660156,1048576,quality=4.0
pt,sperr,wasserstein_distance,False,10.239716529846191,2170.770263671875,1024,quality=2.0
pt,sperr,wasserstein_distance,False,12.487324714660645,2245.902587890625,2048,quality=2.0
pt,sperr,wasserstein_distance,False,14.027087211608888,2347.147705078125,4096,quality=2.0
pt,sperr,wasserstein_distance,False,15.723230361938477,2357.833740234375,32768,quality=2.0
pt,sperr,wasserstein_distance,False,15.981805801391602,2377.708740234375,524288,quality=2.0
pt,sperr,wasserstein_distance,False,15.990455627441406,2508.484130859375,1048576,quality=2.0
pt,sperr,ks_statistic,False,1.1424946784973145,0.0,131072,quality=28.0
pt,sperr,ks_statistic,False,1.142808437347412,3.760991944545822e-07,1048576,quality=28.0
pt,sperr,ks_statistic,False,1.23055899143219,7.748603820800781e-07,262144,quality=26.0
pt,sperr,ks_statistic,False,1.2307127714157104,1.132488250732422e-06,1048576,quality=26.0
pt,sperr,ks_statistic,False,1.3313804864883425,1.5050172805786133e-06,32768,quality=24.0
pt,sperr,ks_statistic,False,1.3332070112228394,1.519918441772461e-06,524288,quality=24.0
pt,sperr,ks_statistic,False,1.333267092704773,1.877546310424805e-06,1048576,quality=24.0
pt,sperr,ks_statistic,False,1.5888222455978394,3.382563591003418e-06,8192,quality=20.0
pt,sperr,ks_statistic,False,1.5992896556854248,3.3974647521972656e-06,131072,quality=20.0
pt,sperr,ks_statistic,False,1.599644660949707,3.75509262084961e-06,262144,quality=20.0
pt,sperr,ks_statistic,False,1.5999045372009275,3.814697265625e-06,1048576,quality=20.0
pt,sperr,ks_statistic,False,1.7337344884872437,5.260109901428223e-06,131072,quality=0.1
pt,sperr,ks_statistic,False,1.7343285083770752,5.632638931274414e-06,524288,quality=0.1
pt,sperr,ks_statistic,False,1.7343536615371704,7.525086402893066e-06,1048576,quality=0.1
pt,sperr,ks_statistic,False,1.9725890159606927,1.0520219802856444e-05,8192,quality=0.5
pt,sperr,ks_statistic,False,1.9856464862823489,1.0907649993896484e-05,32768,quality=0.5
pt,sperr,ks_statistic,False,1.987868070602417,1.1280179023742676e-05,65536,quality=0.5
pt,sperr,ks_statistic,False,1.98898446559906,1.1295080184936523e-05,131072,quality=0.5
pt,sperr,ks_statistic,False,1.9912378787994385,1.1660158634185793e-05,16384,quality=16.0
pt,sperr,ks_statistic,False,1.9956092834472656,1.1667609214782717e-05,32768,quality=16.0
pt,sperr,ks_statistic,False,1.9977954626083367,1.2800097465515137e-05,65536,quality=16.0
pt,sperr,ks_statistic,False,2.102163314819336,1.3530254364013672e-05,8192,quality=1.0
pt,sperr,ks_statistic,False,2.1170079708099365,1.3917684555053713e-05,32768,quality=1.0
pt,sperr,ks_statistic,False,2.119530439376831,1.730024814605713e-05,65536,quality=1.0
pt,sperr,ks_statistic,False,2.120798826217652,1.806020736694336e-05,131072,quality=1.0
pt,sperr,ks_statistic,False,2.121464729309082,2.218782901763916e-05,262144,quality=1.0
pt,sperr,ks_statistic,False,2.121787548065185,2.2567808628082275e-05,524288,quality=1.0
pt,sperr,ks_statistic,False,2.299825429916382,2.8967857360839844e-05,1024,quality=5.0
pt,sperr,ks_statistic,False,2.4480128288269043,3.197789192199707e-05,4096,quality=5.0
pt,sperr,ks_statistic,False,2.4745757579803467,3.571808338165283e-05,8192,quality=5.0
pt,sperr,ks_statistic,False,2.4948644638061523,3.5762786865234375e-05,32768,quality=5.0
pt,sperr,ks_statistic,False,2.5905354022979736,3.802776336669922e-05,2048,quality=10.0
pt,sperr,ks_statistic,False,2.635761260986328,4.664063453674317e-05,8192,quality=12.0
pt,sperr,ks_statistic,False,2.6507022380828857,4.701316356658936e-05,4096,quality=10.0
pt,sperr,ks_statistic,False,2.681857109069824,4.776567220687866e-05,8192,quality=10.0
pt,sperr,ks_statistic,False,2.697714805603028,5.264580249786377e-05,16384,quality=10.0
pt,sperr,ks_statistic,False,2.7057156562805176,6.580352783203125e-05,32768,quality=10.0
pt,sperr,ks_statistic,False,2.876382112503052,7.635354995727539e-05,1024,quality=10.0
pt,sperr,ks_statistic,False,3.1839959621429443,9.289383888244628e-05,2048,quality=50.0
pt,sperr,ks_statistic,False,3.322575807571411,0.0001132041215896,8192,quality=50.0
pt,sperr,ks_statistic,False,3.506816864013672,0.0001831576228141,1024,quality=8.0
pt,sperr,ks_statistic,False,3.7371842861175537,0.0001997053623199,2048,quality=8.0
pt,sperr,ks_statistic,False,3.864128589630127,0.0002828240394592,4096,quality=8.0
pt,sperr,ks_statistic,False,3.930864334106445,0.0003667026758193,8192,quality=8.0
pt,sperr,ks_statistic,False,3.965104341506958,0.0005239024758338,16384,quality=8.0
pt,sperr,ks_statistic,False,3.982475757598877,0.0008014664053916,32768,quality=8.0
pt,sperr,ks_statistic,False,3.9911916255950928,0.0010857880115509,65536,quality=8.0
pt,sperr,ks_statistic,False,3.995563983917236,0.0015630647540092,131072,quality=8.0
pt,sperr,ks_statistic,False,3.997780799865722,0.0020602717995643,262144,quality=8.0
pt,sperr,ks_statistic,False,3.9988629817962646,0.00236077606678,524288,quality=8.0
pt,sperr,ks_statistic,False,3.999404430389404,0.0034909546375274,1048576,quality=8.0
pt,sperr,ks_statistic,False,6.24379825592041,0.0165581442415714,1024,quality=4.0
pt,sperr,ks_statistic,False,7.013548374176025,0.0210762023925781,2048,quality=4.0
pt,sperr,ks_statistic,False,7.474365711212158,0.0247168540954589,4096,quality=4.0
pt,sperr,ks_statistic,False,7.728153228759766,0.0271306633949279,8192,quality=4.0
pt,sperr,ks_statistic,False,7.861621379852295,0.0314832329750061,16384,quality=4.0
pt,sperr,ks_statistic,False,7.964840888977051,0.0335537195205688,65536,quality=4.0
pt,sperr,ks_statistic,False,7.982272624969482,0.0361303091049194,131072,quality=4.0
pt,sperr,ks_statistic,False,7.991125106811523,0.0424917340278625,262144,quality=4.0
pt,sperr,ks_statistic,False,7.995450496673584,0.0438671112060546,524288,quality=4.0
pt,sperr,ks_statistic,False,7.997614860534668,0.0448644906282424,1048576,quality=4.0
pt,sperr,ks_statistic,False,10.239716529846191,0.2868602573871612,1024,quality=2.0
pt,sperr,ks_statistic,False,12.487324714660645,0.3077070713043213,2048,quality=2.0
pt,sperr,ks_statistic,False,14.027087211608888,0.3270686864852905,4096,quality=2.0
pt,sperr,ks_statistic,False,14.94834327697754,0.3398762941360473,8192,quality=2.0
pt,sperr,ks_statistic,False,15.455890655517578,0.349097192287445,16384,quality=2.0
pt,sperr,ks_statistic,False,15.723230361938477,0.3551312983036041,32768,quality=2.0
pt,sperr,ks_statistic,False,15.859972953796388,0.3639955818653106,65536,quality=2.0
pt,sperr,ks_statistic,False,15.929240226745604,0.3664124011993408,131072,quality=2.0
pt,sperr,ks_statistic,False,15.990455627441406,0.3678689897060394,1048576,quality=2.0
pt,sperr,mse,False,1.1424946784973145,0.0,131072,quality=28.0
pt,sperr,mse,False,1.142808437347412,8.966903554310376e-14,1048576,quality=28.0
pt,sperr,mse,False,1.2307127714157104,1.1291662715962048e-08,1048576,quality=26.0
pt,sperr,mse,False,1.3323532342910769,1.1701147286657942e-06,65536,quality=24.0
pt,sperr,mse,False,1.333086609840393,1.1706995337590342e-06,262144,quality=24.0
pt,sperr,mse,False,1.3332070112228394,1.1747544022000511e-06,524288,quality=24.0
pt,sperr,mse,False,1.333267092704773,1.178506636279053e-06,1048576,quality=24.0
pt,sperr,mse,False,1.5999045372009275,0.0002547956537455,1048576,quality=20.0
pt,sperr,mse,False,1.635263442993164,0.0018742035608738,1024,quality=0.1
pt,sperr,mse,False,1.7343536615371704,0.0018743121763691,1048576,quality=0.1
pt,sperr,mse,False,1.987868070602417,0.04683218896389,65536,quality=0.5
pt,sperr,mse,False,1.9898556470870967,0.0468776375055313,524288,quality=0.5
pt,sperr,mse,False,1.990183711051941,0.0468859151005744,1048576,quality=0.5
pt,sperr,mse,False,1.999851107597351,0.0650934800505638,1048576,quality=16.0
pt,sperr,mse,False,2.102163314819336,0.1872788816690445,8192,quality=1.0
pt,sperr,mse,False,2.1120004653930664,0.1873442679643631,16384,quality=1.0
pt,sperr,mse,False,2.1170079708099365,0.1874682903289795,32768,quality=1.0
pt,sperr,mse,False,2.1221609115600586,0.1875565499067306,1048576,quality=1.0
pt,sperr,mse,False,2.5015082359313965,4.685555458068848,1048576,quality=5.0
pt,sperr,mse,False,2.666401624679565,16.67236328125,1048576,quality=12.0
pt,sperr,mse,False,2.7135324478149414,18.73027610778809,1048576,quality=10.0
pt,sperr,mse,False,3.199618101119995,266.86187744140625,1048576,quality=10.0
pt,sperr,mse,False,3.359070301055908,468.3545837402344,32768,quality=50.0
pt,sperr,mse,False,3.3684122562408447,468.5954895019531,131072,quality=50.0
pt,sperr,mse,False,3.3705921173095703,468.6280212402344,524288,quality=50.0
pt,sperr,mse,False,3.370837688446045,468.7868041992188,1048576,quality=50.0
pt,sperr,mse,False,3.999404430389404,4266.759765625,1048576,quality=8.0
pt,sperr,mse,False,7.997614860534668,1096783.375,1048576,quality=4.0
pt,sperr,mse,False,15.990455627441406,16946678.0,1048576,quality=2.0
pt,sperr,rel_error_avg,False,1.1424946784973145,0.0,131072,quality=28.0
pt,sperr,rel_error_avg,False,1.1427642107009888,2.2687953675059463e-14,524288,quality=28.0
pt,sperr,rel_error_avg,False,1.142808437347412,2.3139139326941623e-14,1048576,quality=28.0
pt,sperr,rel_error_avg,False,1.2307127714157104,8.598184386698902e-10,1048576,quality=26.0
pt,sperr,rel_error_avg,False,1.273627519607544,3.701758544139011e-08,1024,quality=24.0
pt,sperr,rel_error_avg,False,1.3027938604354858,3.734065501248551e-08,2048,quality=24.0
pt,sperr,rel_error_avg,False,1.333086609840393,3.7581550316190266e-08,262144,quality=24.0
pt,sperr,rel_error_avg,False,1.3332070112228394,3.772816015157332e-08,524288,quality=24.0
pt,sperr,rel_error_avg,False,1.333267092704773,3.8218125553157734e-08,1048576,quality=24.0
pt,sperr,rel_error_avg,False,1.514786720275879,6.954383025004063e-07,1024,quality=20.0
pt,sperr,rel_error_avg,False,1.5998178720474243,6.959323286537256e-07,524288,quality=20.0
pt,sperr,rel_error_avg,False,1.5999045372009275,6.960143537071417e-07,1048576,quality=20.0
pt,sperr,rel_error_avg,False,1.7343536615371704,1.959158680620021e-06,1048576,quality=0.1
pt,sperr,rel_error_avg,False,1.987868070602417,9.792587661650032e-06,65536,quality=0.5
pt,sperr,rel_error_avg,False,1.990183711051941,9.799798135645688e-06,1048576,quality=0.5
pt,sperr,rel_error_avg,False,1.9997156858444207,1.1138071386085358e-05,524288,quality=16.0
pt,sperr,rel_error_avg,False,1.999851107597351,1.1144952622998971e-05,1048576,quality=16.0
pt,sperr,rel_error_avg,False,2.102163314819336,1.9583616449381225e-05,8192,quality=1.0
pt,sperr,rel_error_avg,False,2.1120004653930664,1.9585502741392705e-05,16384,quality=1.0
pt,sperr,rel_error_avg,False,2.1170079708099365,1.959546352736652e-05,32768,quality=1.0
pt,sperr,rel_error_avg,False,2.121787548065185,1.9602586689870805e-05,524288,quality=1.0
pt,sperr,rel_error_avg,False,2.1221609115600586,1.9603890905273147e-05,1048576,quality=1.0
pt,sperr,rel_error_avg,False,2.4948644638061523,9.796160884434356e-05,32768,quality=5.0
pt,sperr,rel_error_avg,False,2.5012850761413574,9.796636004466563e-05,524288,quality=5.0
pt,sperr,rel_error_avg,False,2.5015082359313965,9.79760879999958e-05,1048576,quality=5.0
pt,sperr,rel_error_avg,False,2.666161060333252,0.0001782259350875,524288,quality=12.0
pt,sperr,rel_error_avg,False,2.666401624679565,0.0001782789331628,1048576,quality=12.0
pt,sperr,rel_error_avg,False,2.7135324478149414,0.0001958766661118,1048576,quality=10.0
pt,sperr,rel_error_avg,False,2.876382112503052,0.0007123902905732,1024,quality=10.0
pt,sperr,rel_error_avg,False,3.199271440505981,0.0007127337157726,524288,quality=10.0
pt,sperr,rel_error_avg,False,3.199618101119995,0.0007131165475584,1048576,quality=10.0
pt,sperr,rel_error_avg,False,3.359070301055908,0.0009794452926144,32768,quality=50.0
pt,sperr,rel_error_avg,False,3.3684122562408447,0.0009796901140362,131072,quality=50.0
pt,sperr,rel_error_avg,False,3.3705921173095703,0.0009799506515264,524288,quality=50.0
pt,sperr,rel_error_avg,False,3.370837688446045,0.0009800610132515,1048576,quality=50.0
pt,sperr,rel_error_avg,False,3.506816864013672,0.0028491152916103,1024,quality=8.0
pt,sperr,rel_error_avg,False,3.9988629817962646,0.0028494806028902,524288,quality=8.0
pt,sperr,rel_error_avg,False,3.999404430389404,0.0028514384757727,1048576,quality=8.0
pt,sperr,rel_error_avg,False,7.995450496673584,0.0451981984078884,524288,quality=4.0
pt,sperr,rel_error_avg,False,7.997614860534668,0.0453663617372512,1048576,quality=4.0
pt,sperr,rel_error_avg,False,15.990455627441406,0.1747270971536636,1048576,quality=2.0
pt,sperr,nrmse,False,1.1424946784973145,0.0,131072,quality=28.0
pt,sperr,nrmse,False,1.142808437347412,2.664164758222074e-13,1048576,quality=28.0
pt,sperr,nrmse,False,1.2307127714157104,9.454069234302108e-11,1048576,quality=26.0
pt,sperr,nrmse,False,1.3323532342910769,9.623965396670139e-10,65536,quality=24.0
pt,sperr,nrmse,False,1.333086609840393,9.626370050164494e-10,262144,quality=24.0
pt,sperr,nrmse,False,1.3332070112228394,9.643026725029451e-10,524288,quality=24.0
pt,sperr,nrmse,False,1.333267092704773,9.65841464224729e-10,1048576,quality=24.0
pt,sperr,nrmse,False,1.5999045372009275,1.4201552957348862e-08,1048576,quality=20.0
pt,sperr,nrmse,False,1.635263442993164,3.851662356904553e-08,1024,quality=0.1
pt,sperr,nrmse,False,1.7343536615371704,3.8517739627520674e-08,1048576,quality=0.1
pt,sperr,nrmse,False,1.987868070602417,1.9253605034795086e-07,65536,quality=0.5
pt,sperr,nrmse,False,1.9898556470870967,1.9262945149934765e-07,524288,quality=0.5
pt,sperr,nrmse,False,1.990183711051941,1.9264645788335995e-07,1048576,quality=0.5
pt,sperr,nrmse,False,1.999851107597351,2.269909670539189e-07,1048576,quality=16.0
pt,sperr,nrmse,False,2.102163314819336,3.850208367131135e-07,8192,quality=1.0
pt,sperr,nrmse,False,2.1120004653930664,3.850880436744468e-07,16384,quality=1.0
pt,sperr,nrmse,False,2.1170079708099365,3.852154872003808e-07,32768,quality=1.0
pt,sperr,nrmse,False,2.1221609115600586,3.853061557488344e-07,1048576,quality=1.0
pt,sperr,nrmse,False,2.5015082359313965,1.925840746095064e-06,1048576,quality=5.0
pt,sperr,nrmse,False,2.666401624679565,3.632774263948141e-06,1048576,quality=12.0
pt,sperr,nrmse,False,2.7135324478149414,3.850453823982157e-06,1048576,quality=10.0
pt,sperr,nrmse,False,3.199618101119995,1.4533931143947806e-05,1048576,quality=10.0
pt,sperr,nrmse,False,3.359070301055908,1.925427708146021e-05,32768,quality=50.0
pt,sperr,nrmse,False,3.3684122562408447,1.9259228319404127e-05,131072,quality=50.0
pt,sperr,nrmse,False,3.3705921173095703,1.925989683341616e-05,524288,quality=50.0
pt,sperr,nrmse,False,3.370837688446045,1.92631594257818e-05,1048576,quality=50.0
pt,sperr,nrmse,False,3.999404430389404,5.811509142897055e-05,1048576,quality=8.0
pt,sperr,nrmse,False,7.997614860534668,0.0009317518403331,1048576,quality=4.0
pt,sperr,nrmse,False,15.990455627441406,0.0036625378252769,1048576,quality=2.0
pt,sperr,compression_throughput_mbps,True,15.990455627441406,66.31279754638672,1048576,quality=2.0
pt,sperr,decompression_throughput_mbps,True,15.990455627441406,105.97491455078124,1048576,quality=2.0
pt,sz3,psnr,True,1.155597686767578,,262144,relErrorBound=0.0e+00
pt,sz3,psnr,True,1.467216968536377,132.46255493164062,1048576,relErrorBound=0.0e+00
pt,sz3,psnr,True,1.604173183441162,125.95433044433594,1048576,relErrorBound=0.0e+00
pt,sz3,psnr,True,1.6823500394821167,113.15869140625,524288,relErrorBound=0.0e+00
pt,sz3,psnr,True,1.9174957275390625,113.15817260742188,1048576,relErrorBound=0.0e+00
pt,sz3,psnr,True,2.087587356567383,111.86797332763672,1048576,relErrorBound=0.0e+00
pt,sz3,psnr,True,2.291898727416992,111.80477142333984,1048576,relErrorBound=0.0e+00
pt,sz3,psnr,True,2.449018955230713,105.78805541992188,1048576,relErrorBound=0.0e+00
pt,sz3,psnr,True,2.6439998149871826,105.78704071044922,1048576,relErrorBound=0.0e+00
pt,sz3,psnr,True,3.176614284515381,93.09519958496094,1048576,relErrorBound=0.0e+00
pt,sz3,psnr,True,3.4187731742858887,91.80876922607422,1048576,relErrorBound=0.0e+00
pt,sz3,psnr,True,3.640050411224365,91.8047332763672,1048576,relErrorBound=0.0e+00
pt,sz3,psnr,True,4.107763290405273,77.05522155761719,32768,relErrorBound=1.0e-03
pt,sz3,psnr,True,4.140195846557617,75.84552001953125,65536,relErrorBound=1.0e-03
pt,sz3,psnr,True,4.224167823791504,75.7527084350586,131072,relErrorBound=1.0e-03
pt,sz3,psnr,True,4.2325615882873535,75.71347045898438,65536,relErrorBound=1.0e-03
pt,sz3,psnr,True,4.703306198120117,75.71160888671875,65536,relErrorBound=1.0e-03
pt,sz3,psnr,True,5.21974515914917,74.46048736572266,131072,relErrorBound=1.0e-03
pt,sz3,psnr,True,5.679210662841797,73.11096954345703,262144,relErrorBound=1.0e-03
pt,sz3,psnr,True,6.033657550811768,71.85009765625,524288,relErrorBound=1.0e-03
pt,sz3,psnr,True,6.37958288192749,70.44940185546875,1048576,relErrorBound=1.0e-03
pt,sz3,psnr,True,6.873083591461182,59.742488861083984,8192,relErrorBound=1.0e-02
pt,sz3,psnr,True,7.023696422576904,58.832557678222656,16384,relErrorBound=1.0e-02
pt,sz3,psnr,True,7.393979072570801,58.56105041503906,32768,relErrorBound=1.0e-02
pt,sz3,psnr,True,8.648133277893066,58.41371154785156,16384,relErrorBound=1.0e-02
pt,sz3,psnr,True,8.896628379821777,57.08023452758789,32768,relErrorBound=1.0e-02
pt,sz3,psnr,True,10.381467819213867,57.06876754760742,32768,relErrorBound=1.0e-02
pt,sz3,psnr,True,11.976271629333496,55.73086166381836,65536,relErrorBound=1.0e-02
pt,sz3,psnr,True,13.443198204040527,54.48942565917969,131072,relErrorBound=1.0e-02
pt,sz3,psnr,True,15.016303062438965,53.15040969848633,262144,relErrorBound=1.0e-02
pt,sz3,psnr,True,16.19346046447754,51.86042404174805,524288,relErrorBound=1.0e-02
pt,sz3,psnr,True,17.626523971557617,50.62238693237305,1048576,relErrorBound=1.0e-02
pt,sz3,psnr,True,20.2806396484375,41.93714904785156,16384,relErrorBound=1.0e-01
pt,sz3,psnr,True,26.119558334350582,41.06988525390625,32768,relErrorBound=1.0e-01
pt,sz3,psnr,True,28.87631225585937,40.74290466308594,16384,relErrorBound=1.0e-01
pt,sz3,psnr,True,32.99177169799805,40.12832260131836,65536,relErrorBound=1.0e-01
pt,sz3,psnr,True,43.77141952514648,39.50142288208008,32768,relErrorBound=1.0e-01
pt,sz3,psnr,True,48.34138870239258,38.39151763916016,262144,relErrorBound=1.0e-01
pt,sz3,psnr,True,49.84436798095703,38.20988845825195,131072,relErrorBound=1.0e-01
pt,sz3,psnr,True,63.98481369018555,38.00091552734375,65536,relErrorBound=1.0e-01
pt,sz3,psnr,True,68.46456909179688,37.16691589355469,1048576,relErrorBound=1.0e-01
pt,sz3,psnr,True,79.25460052490234,36.97391891479492,524288,relErrorBound=1.0e-01
pt,sz3,psnr,True,85.5211181640625,36.57040023803711,131072,relErrorBound=1.0e-01
pt,sz3,psnr,True,95.0573501586914,35.98573303222656,1048576,relErrorBound=1.0e-01
pt,sz3,psnr,True,2247.568115234375,35.17144775390625,1048576,relErrorBound=1.0e+00
pt,sz3,psnr,True,4170.78125,32.129425048828125,524288,relErrorBound=1.0e+00
pt,sz3,psnr,True,7607.64794921875,32.12913513183594,1048576,relErrorBound=1.0e+00
pt,sz3,wasserstein_distance,False,1.155597686767578,0.0,262144,relErrorBound=0.0e+00
pt,sz3,wasserstein_distance,False,1.2329490184783936,0.0353875719010829,1048576,relErrorBound=0.0e+00
pt,sz3,wasserstein_distance,False,1.305270075798035,0.1053410470485687,262144,relErrorBound=0.0e+00
pt,sz3,wasserstein_distance,False,1.9174957275390625,0.1600216031074524,1048576,relErrorBound=0.0e+00
pt,sz3,wasserstein_distance,False,2.074254274368286,0.1829758584499359,1048576,relErrorBound=0.0e+00
pt,sz3,wasserstein_distance,False,2.087587356567383,0.2296488583087921,1048576,relErrorBound=0.0e+00
pt,sz3,wasserstein_distance,False,2.2538933753967285,0.2326767295598983,1048576,relErrorBound=0.0e+00
pt,sz3,wasserstein_distance,False,2.4356672763824463,0.2614241540431976,1048576,relErrorBound=0.0e+00
pt,sz3,wasserstein_distance,False,3.176614284515381,0.5300172567367554,1048576,relErrorBound=0.0e+00
pt,sz3,wasserstein_distance,False,3.40468978881836,0.5900805592536926,1048576,relErrorBound=0.0e+00
pt,sz3,wasserstein_distance,False,3.4187731742858887,0.6807782649993896,1048576,relErrorBound=0.0e+00
pt,sz3,wasserstein_distance,False,3.756662845611572,2.5673065185546875,65536,relErrorBound=1.0e-03
pt,sz3,wasserstein_distance,False,4.224167823791504,3.1144821643829346,131072,relErrorBound=1.0e-03
pt,sz3,wasserstein_distance,False,4.6930766105651855,4.036792755126953,262144,relErrorBound=1.0e-03
pt,sz3,wasserstein_distance,False,5.036175727844238,5.071434497833252,524288,relErrorBound=1.0e-03
pt,sz3,wasserstein_distance,False,5.349745273590088,6.671152591705322,1048576,relErrorBound=1.0e-03
pt,sz3,wasserstein_distance,False,5.856796741485596,8.750936508178711,1048576,relErrorBound=1.0e-03
pt,sz3,wasserstein_distance,False,6.040621280670166,22.94588088989257,1048576,relErrorBound=1.0e-03
pt,sz3,wasserstein_distance,False,6.300773620605469,81.6477279663086,16384,relErrorBound=1.0e-02
pt,sz3,wasserstein_distance,False,6.37958288192749,86.76018524169922,1048576,relErrorBound=1.0e-03
pt,sz3,wasserstein_distance,False,6.873083591461182,91.07659149169922,8192,relErrorBound=1.0e-02
pt,sz3,wasserstein_distance,False,7.023696422576904,105.5436553955078,16384,relErrorBound=1.0e-02
pt,sz3,wasserstein_distance,False,7.393979072570801,107.48606872558594,32768,relErrorBound=1.0e-02
pt,sz3,wasserstein_distance,False,8.648133277893066,128.4762725830078,16384,relErrorBound=1.0e-02
pt,sz3,wasserstein_distance,False,8.896628379821777,156.21763610839844,32768,relErrorBound=1.0e-02
pt,sz3,wasserstein_distance,False,9.358636856079102,174.4384002685547,131072,relErrorBound=1.0e-02
pt,sz3,wasserstein_distance,False,10.381467819213867,182.9755401611328,32768,relErrorBound=1.0e-02
pt,sz3,wasserstein_distance,False,10.84029769897461,240.7499847412109,131072,relErrorBound=1.0e-02
pt,sz3,wasserstein_distance,False,11.976271629333496,272.52490234375,65536,relErrorBound=1.0e-02
pt,sz3,wasserstein_distance,False,13.443198204040527,354.3399353027344,131072,relErrorBound=1.0e-02
pt,sz3,wasserstein_distance,False,14.188071250915527,496.8452453613281,1048576,relErrorBound=1.0e-02
pt,sz3,wasserstein_distance,False,15.016303062438965,538.6950073242188,262144,relErrorBound=1.0e-02
pt,sz3,wasserstein_distance,False,15.845134735107422,800.7932739257812,1048576,relErrorBound=1.0e-02
pt,sz3,wasserstein_distance,False,16.19346046447754,866.9341430664062,524288,relErrorBound=1.0e-02
pt,sz3,wasserstein_distance,False,2142.524658203125,1215.0709228515625,1048576,relErrorBound=1.0e+00
pt,sz3,wasserstein_distance,False,2247.568115234375,1678.932373046875,1048576,relErrorBound=1.0e+00
pt,sz3,wasserstein_distance,False,4170.78125,23355.857421875,524288,relErrorBound=1.0e+00
pt,sz3,wasserstein_distance,False,7607.64794921875,23356.451171875,1048576,relErrorBound=1.0e+00
pt,sz3,ks_statistic,False,1.155597686767578,0.0,262144,relErrorBound=0.0e+00
pt,sz3,ks_statistic,False,1.2329490184783936,1.0192394256591795e-05,1048576,relErrorBound=0.0e+00
pt,sz3,ks_statistic,False,1.305270075798035,2.1457672119140625e-05,262144,relErrorBound=0.0e+00
pt,sz3,ks_statistic,False,1.803016662597656,3.0465424060821533e-05,524288,relErrorBound=0.0e+00
pt,sz3,ks_statistic,False,1.9174957275390625,3.49879264831543e-05,1048576,relErrorBound=0.0e+00
pt,sz3,ks_statistic,False,2.074254274368286,3.723800182342529e-05,1048576,relErrorBound=0.0e+00
pt,sz3,ks_statistic,False,2.2538933753967285,4.026293754577637e-05,1048576,relErrorBound=0.0e+00
pt,sz3,ks_statistic,False,2.4356672763824463,4.813075065612793e-05,1048576,relErrorBound=0.0e+00
pt,sz3,ks_statistic,False,2.735868453979492,7.146596908569336e-05,262144,relErrorBound=0.0e+00
pt,sz3,ks_statistic,False,3.176614284515381,7.486343383789062e-05,1048576,relErrorBound=0.0e+00
pt,sz3,ks_statistic,False,3.40468978881836,9.328126907348631e-05,1048576,relErrorBound=0.0e+00
pt,sz3,ks_statistic,False,3.4187731742858887,0.0001282542943954,1048576,relErrorBound=0.0e+00
pt,sz3,ks_statistic,False,3.756662845611572,0.0004400387406349,65536,relErrorBound=1.0e-03
pt,sz3,ks_statistic,False,4.224167823791504,0.0005987491458654,131072,relErrorBound=1.0e-03
pt,sz3,ks_statistic,False,4.6930766105651855,0.0008086133748292,262144,relErrorBound=1.0e-03
pt,sz3,ks_statistic,False,5.036175727844238,0.0010312646627426,524288,relErrorBound=1.0e-03
pt,sz3,ks_statistic,False,5.349745273590088,0.0013118330389261,1048576,relErrorBound=1.0e-03
pt,sz3,ks_statistic,False,5.856796741485596,0.0018022675067186,1048576,relErrorBound=1.0e-03
pt,sz3,ks_statistic,False,6.040621280670166,0.0044315755367279,1048576,relErrorBound=1.0e-03
pt,sz3,ks_statistic,False,6.300773620605469,0.0159977562725543,16384,relErrorBound=1.0e-02
pt,sz3,ks_statistic,False,6.873083591461182,0.0182709004729986,8192,relErrorBound=1.0e-02
pt,sz3,ks_statistic,False,7.023696422576904,0.0199012905359268,16384,relErrorBound=1.0e-02
pt,sz3,ks_statistic,False,7.393979072570801,0.0201167929917573,32768,relErrorBound=1.0e-02
pt,sz3,ks_statistic,False,8.648133277893066,0.0234644524753093,16384,relErrorBound=1.0e-02
pt,sz3,ks_statistic,False,8.896628379821777,0.0264390222728252,32768,relErrorBound=1.0e-02
pt,sz3,ks_statistic,False,10.381467819213867,0.0284707080572843,32768,relErrorBound=1.0e-02
pt,sz3,ks_statistic,False,10.84029769897461,0.0357700437307357,131072,relErrorBound=1.0e-02
pt,sz3,ks_statistic,False,970.4801635742188,0.0400650799274444,262144,relErrorBound=1.0e+00
pt,sz3,ks_statistic,False,1500.281005859375,0.046754777431488,524288,relErrorBound=1.0e+00
pt,sz3,ks_statistic,False,2142.524658203125,0.0476811230182647,1048576,relErrorBound=1.0e+00
pt,sz3,ks_statistic,False,2247.568115234375,0.0825289487838745,1048576,relErrorBound=1.0e+00
pt,sz3,ks_statistic,False,4170.78125,0.9999913573265076,524288,relErrorBound=1.0e+00
pt,sz3,ks_statistic,False,7607.64794921875,0.9999958872795104,1048576,relErrorBound=1.0e+00
pt,sz3,mse,False,1.155597686767578,0.0,262144,relErrorBound=0.0e+00
pt,sz3,mse,False,1.467216968536377,0.0716579928994178,1048576,relErrorBound=0.0e+00
pt,sz3,mse,False,1.604173183441162,0.3206912577152252,1048576,relErrorBound=0.0e+00
pt,sz3,mse,False,1.6823500394821167,6.10451078414917,524288,relErrorBound=0.0e+00
pt,sz3,mse,False,1.9174957275390625,6.105252742767334,1048576,relErrorBound=0.0e+00
pt,sz3,mse,False,2.087587356567383,8.217182159423828,1048576,relErrorBound=0.0e+00
pt,sz3,mse,False,2.291898727416992,8.33763313293457,1048576,relErrorBound=0.0e+00
pt,sz3,mse,False,2.449018955230713,33.32071685791016,1048576,relErrorBound=0.0e+00
pt,sz3,mse,False,2.6439998149871826,33.328575134277344,1048576,relErrorBound=0.0e+00
pt,sz3,mse,False,3.176614284515381,619.44189453125,1048576,relErrorBound=0.0e+00
pt,sz3,mse,False,3.4187731742858887,832.998046875,1048576,relErrorBound=0.0e+00
pt,sz3,mse,False,3.640050411224365,833.771484375,1048576,relErrorBound=0.0e+00
pt,sz3,mse,False,4.107763290405273,24888.458984375,32768,relErrorBound=1.0e-03
pt,sz3,mse,False,4.140195846557617,32882.796875,65536,relErrorBound=1.0e-03
pt,sz3,mse,False,4.224167823791504,33593.0859375,131072,relErrorBound=1.0e-03
pt,sz3,mse,False,4.2325615882873535,33897.9609375,65536,relErrorBound=1.0e-03
pt,sz3,mse,False,4.703306198120117,33912.453125,65536,relErrorBound=1.0e-03
pt,sz3,mse,False,5.21974515914917,45234.6875,131072,relErrorBound=1.0e-03
pt,sz3,mse,False,5.679210662841797,61719.59765625,262144,relErrorBound=1.0e-03
pt,sz3,mse,False,6.033657550811768,82510.71875,524288,relErrorBound=1.0e-03
pt,sz3,mse,False,6.37958288192749,113914.6796875,1048576,relErrorBound=1.0e-03
pt,sz3,mse,False,6.873083591461182,1340514.125,8192,relErrorBound=1.0e-02
pt,sz3,mse,False,7.023696422576904,1652967.875,16384,relErrorBound=1.0e-02
pt,sz3,mse,False,7.393979072570801,1759605.875,32768,relErrorBound=1.0e-02
pt,sz3,mse,False,8.648133277893066,1820326.125,16384,relErrorBound=1.0e-02
pt,sz3,mse,False,8.896628379821777,2474554.0,32768,relErrorBound=1.0e-02
pt,sz3,mse,False,10.381467819213867,2481095.25,32768,relErrorBound=1.0e-02
pt,sz3,mse,False,11.976271629333496,3376244.75,65536,relErrorBound=1.0e-02
pt,sz3,mse,False,13.443198204040527,4493429.5,131072,relErrorBound=1.0e-02
pt,sz3,mse,False,15.016303062438965,6116165.5,262144,relErrorBound=1.0e-02
pt,sz3,mse,False,16.19346046447754,8231478.5,524288,relErrorBound=1.0e-02
pt,sz3,mse,False,17.626523971557617,10946662.0,1048576,relErrorBound=1.0e-02
pt,sz3,mse,False,20.2806396484375,80873336.0,16384,relErrorBound=1.0e-01
pt,sz3,mse,False,26.119558334350582,98748824.0,32768,relErrorBound=1.0e-01
pt,sz3,mse,False,28.87631225585937,106470704.0,16384,relErrorBound=1.0e-01
pt,sz3,mse,False,32.99177169799805,122655880.0,65536,relErrorBound=1.0e-01
pt,sz3,mse,False,43.77141952514648,141702768.0,32768,relErrorBound=1.0e-01
pt,sz3,mse,False,48.34138870239258,182965248.0,262144,relErrorBound=1.0e-01
pt,sz3,mse,False,49.84436798095703,190779408.0,131072,relErrorBound=1.0e-01
pt,sz3,mse,False,63.98481369018555,200183728.0,65536,relErrorBound=1.0e-01
pt,sz3,mse,False,68.46456909179688,242565296.0,1048576,relErrorBound=1.0e-01
pt,sz3,mse,False,79.25460052490234,253587872.0,524288,relErrorBound=1.0e-01
pt,sz3,mse,False,85.5211181640625,278278880.0,131072,relErrorBound=1.0e-01
pt,sz3,mse,False,95.0573501586914,318381088.0,1048576,relErrorBound=1.0e-01
pt,sz3,mse,False,2247.568115234375,384039200.0,1048576,relErrorBound=1.0e+00
pt,sz3,mse,False,4170.78125,773709184.0,524288,relErrorBound=1.0e+00
pt,sz3,mse,False,7607.64794921875,773761216.0,1048576,relErrorBound=1.0e+00
pt,sz3,rel_error_avg,False,1.155597686767578,0.0,262144,relErrorBound=0.0e+00
pt,sz3,rel_error_avg,False,1.2329490184783936,7.03299747328856e-06,1048576,relErrorBound=0.0e+00
pt,sz3,rel_error_avg,False,1.467216968536377,1.2196052011859138e-05,1048576,relErrorBound=0.0e+00
pt,sz3,rel_error_avg,False,1.604173183441162,2.560970824561081e-05,1048576,relErrorBound=0.0e+00
pt,sz3,rel_error_avg,False,1.6823500394821167,0.0001085635085473,524288,relErrorBound=0.0e+00
pt,sz3,rel_error_avg,False,1.9174957275390625,0.0001085686453734,1048576,relErrorBound=0.0e+00
pt,sz3,rel_error_avg,False,2.074254274368286,0.0001287338964175,1048576,relErrorBound=0.0e+00
pt,sz3,rel_error_avg,False,2.087587356567383,0.0001287628838326,1048576,relErrorBound=0.0e+00
pt,sz3,rel_error_avg,False,2.291898727416992,0.0001306889753323,1048576,relErrorBound=0.0e+00
pt,sz3,rel_error_avg,False,2.449018955230713,0.0002612532407511,1048576,relErrorBound=0.0e+00
pt,sz3,rel_error_avg,False,2.6439998149871826,0.0002612714597489,1048576,relErrorBound=0.0e+00
pt,sz3,rel_error_avg,False,2.735868453979492,0.0011017866199836,262144,relErrorBound=0.0e+00
pt,sz3,rel_error_avg,False,3.176614284515381,0.0011018139775842,1048576,relErrorBound=0.0e+00
pt,sz3,rel_error_avg,False,3.2476460933685303,0.0013064935337752,524288,relErrorBound=0.0e+00
pt,sz3,rel_error_avg,False,3.40468978881836,0.0013064942322671,1048576,relErrorBound=0.0e+00
pt,sz3,rel_error_avg,False,3.4187731742858887,0.0013064972590655,1048576,relErrorBound=0.0e+00
pt,sz3,rel_error_avg,False,3.640050411224365,0.0013067671097815,1048576,relErrorBound=0.0e+00
pt,sz3,rel_error_avg,False,3.756662845611572,0.006667258683592,65536,relErrorBound=1.0e-03
pt,sz3,rel_error_avg,False,4.107763290405273,0.0067668850533664,32768,relErrorBound=1.0e-03
pt,sz3,rel_error_avg,False,4.224167823791504,0.0076744863763451,131072,relErrorBound=1.0e-03
pt,sz3,rel_error_avg,False,4.2325615882873535,0.007905357517302,65536,relErrorBound=1.0e-03
pt,sz3,rel_error_avg,False,4.703306198120117,0.0079059405252337,65536,relErrorBound=1.0e-03
pt,sz3,rel_error_avg,False,5.21974515914917,0.0091057503595948,131072,relErrorBound=1.0e-03
pt,sz3,rel_error_avg,False,5.679210662841797,0.0106428451836109,262144,relErrorBound=1.0e-03
pt,sz3,rel_error_avg,False,6.033657550811768,0.012218146584928,524288,relErrorBound=1.0e-03
pt,sz3,rel_error_avg,False,6.37958288192749,0.0142494672909379,1048576,relErrorBound=1.0e-03
pt,sz3,rel_error_avg,False,6.873083591461182,0.0495034269988536,8192,relErrorBound=1.0e-02
pt,sz3,rel_error_avg,False,7.023696422576904,0.0547788776457309,16384,relErrorBound=1.0e-02
pt,sz3,rel_error_avg,False,7.393979072570801,0.055910587310791,32768,relErrorBound=1.0e-02
pt,sz3,rel_error_avg,False,8.648133277893066,0.057946465909481,16384,relErrorBound=1.0e-02
pt,sz3,rel_error_avg,False,8.896628379821777,0.0676124766469001,32768,relErrorBound=1.0e-02
pt,sz3,rel_error_avg,False,10.381467819213867,0.0678900182247161,32768,relErrorBound=1.0e-02
pt,sz3,rel_error_avg,False,11.976271629333496,0.0795588120818138,65536,relErrorBound=1.0e-02
pt,sz3,rel_error_avg,False,13.443198204040527,0.0921045467257499,131072,relErrorBound=1.0e-02
pt,sz3,rel_error_avg,False,15.016303062438965,0.1090802103281021,262144,relErrorBound=1.0e-02
pt,sz3,rel_error_avg,False,16.19346046447754,0.1290098875761032,524288,relErrorBound=1.0e-02
pt,sz3,rel_error_avg,False,17.626523971557617,0.1494385302066803,1048576,relErrorBound=1.0e-02
pt,sz3,rel_error_avg,False,20.2806396484375,0.3637686967849731,16384,relErrorBound=1.0e-01
pt,sz3,rel_error_avg,False,26.119558334350582,0.3971666395664215,32768,relErrorBound=1.0e-01
pt,sz3,rel_error_avg,False,28.87631225585937,0.4381567239761352,16384,relErrorBound=1.0e-01
pt,sz3,rel_error_avg,False,32.99177169799805,0.4394977688789367,65536,relErrorBound=1.0e-01
pt,sz3,rel_error_avg,False,40.0024528503418,0.4755202829837799,131072,relErrorBound=1.0e-01
pt,sz3,rel_error_avg,False,2247.568115234375,0.488961398601532,1048576,relErrorBound=1.0e+00
pt,sz3,rel_error_avg,False,4170.78125,0.999999701976776,524288,relErrorBound=1.0e+00
pt,sz3,rel_error_avg,False,7607.64794921875,0.9999998807907104,1048576,relErrorBound=1.0e+00
pt,sz3,nrmse,False,1.155597686767578,0.0,262144,relErrorBound=0.0e+00
pt,sz3,nrmse,False,1.467216968536377,2.3816182502646857e-07,1048576,relErrorBound=0.0e+00
pt,sz3,nrmse,False,1.604173183441162,5.038292653494409e-07,1048576,relErrorBound=0.0e+00
pt,sz3,nrmse,False,1.6823500394821167,2.198190175181716e-06,524288,relErrorBound=0.0e+00
pt,sz3,nrmse,False,1.9174957275390625,2.198323758088481e-06,1048576,relErrorBound=0.0e+00
pt,sz3,nrmse,False,2.087587356567383,2.550358818620412e-06,1048576,relErrorBound=0.0e+00
pt,sz3,nrmse,False,2.291898727416992,2.5689829424493413e-06,1048576,relErrorBound=0.0e+00
pt,sz3,nrmse,False,2.449018955230713,5.135668677667184e-06,1048576,relErrorBound=0.0e+00
pt,sz3,nrmse,False,2.6439998149871826,5.1362742337360745e-06,1048576,relErrorBound=0.0e+00
pt,sz3,nrmse,False,3.176614284515381,2.214318645838716e-05,1048576,relErrorBound=0.0e+00
pt,sz3,nrmse,False,3.4187731742858887,2.567803706290474e-05,1048576,relErrorBound=0.0e+00
pt,sz3,nrmse,False,3.640050411224365,2.5689955307446888e-05,1048576,relErrorBound=0.0e+00
pt,sz3,nrmse,False,4.107763290405273,0.0001403585372161,32768,relErrorBound=1.0e-03
pt,sz3,nrmse,False,4.140195846557617,0.0001613333696468,65536,relErrorBound=1.0e-03
pt,sz3,nrmse,False,4.224167823791504,0.0001630665114615,131072,relErrorBound=1.0e-03
pt,sz3,nrmse,False,4.2325615882873535,0.0001638047975256,65536,relErrorBound=1.0e-03
pt,sz3,nrmse,False,4.703306198120117,0.0001638398090145,65536,relErrorBound=1.0e-03
pt,sz3,nrmse,False,5.21974515914917,0.0001892237421576,131072,relErrorBound=1.0e-03
pt,sz3,nrmse,False,5.679210662841797,0.0002210300759659,262144,relErrorBound=1.0e-03
pt,sz3,nrmse,False,6.033657550811768,0.0002555612566249,524288,relErrorBound=1.0e-03
pt,sz3,nrmse,False,6.37958288192749,0.0003002822604514,1048576,relErrorBound=1.0e-03
pt,sz3,nrmse,False,6.873083591461182,0.0010300908442748,8192,relErrorBound=1.0e-02
pt,sz3,nrmse,False,7.023696422576904,0.0011438577958975,16384,relErrorBound=1.0e-02
pt,sz3,nrmse,False,7.393979072570801,0.0011801780459086,32768,relErrorBound=1.0e-02
pt,sz3,nrmse,False,8.648133277893066,0.0012003680596006,16384,relErrorBound=1.0e-02
pt,sz3,nrmse,False,8.896628379821777,0.0013995496099485,32768,relErrorBound=1.0e-02
pt,sz3,nrmse,False,10.381467819213867,0.0014013981777922,32768,relErrorBound=1.0e-02
pt,sz3,nrmse,False,11.976271629333496,0.0016347704948492,65536,relErrorBound=1.0e-02
pt,sz3,nrmse,False,13.443198204040527,0.0018859440128888,131072,relErrorBound=1.0e-02
pt,sz3,nrmse,False,15.016303062438965,0.0022002875640123,262144,relErrorBound=1.0e-02
pt,sz3,nrmse,False,16.19346046447754,0.0025525764251316,524288,relErrorBound=1.0e-02
pt,sz3,nrmse,False,17.626523971557617,0.0029436128092054,1048576,relErrorBound=1.0e-02
pt,sz3,nrmse,False,20.2806396484375,0.0080009675460712,16384,relErrorBound=1.0e-01
pt,sz3,nrmse,False,26.119558334350582,0.0088410896818153,32768,relErrorBound=1.0e-01
pt,sz3,nrmse,False,28.87631225585937,0.009180258126109,16384,relErrorBound=1.0e-01
pt,sz3,nrmse,False,32.99177169799805,0.009853352417442,65536,relErrorBound=1.0e-01
pt,sz3,nrmse,False,43.77141952514648,0.0105908056072272,32768,relErrorBound=1.0e-01
pt,sz3,nrmse,False,48.34138870239258,0.0120343914553918,262144,relErrorBound=1.0e-01
pt,sz3,nrmse,False,49.84436798095703,0.0122886897045787,131072,relErrorBound=1.0e-01
pt,sz3,nrmse,False,63.98481369018555,0.0125879270153374,65536,relErrorBound=1.0e-01
pt,sz3,nrmse,False,68.46456909179688,0.0138565196786923,1048576,relErrorBound=1.0e-01
pt,sz3,nrmse,False,79.25460052490234,0.0141678538912553,524288,relErrorBound=1.0e-01
pt,sz3,nrmse,False,85.5211181640625,0.0148415737055269,131072,relErrorBound=1.0e-01
pt,sz3,nrmse,False,95.0573501586914,0.0158749900246856,1048576,relErrorBound=1.0e-01
pt,sz3,nrmse,False,2247.568115234375,0.0174352270754334,1048576,relErrorBound=1.0e+00
pt,sz3,nrmse,False,4170.78125,0.024747350299096,524288,relErrorBound=1.0e+00
pt,sz3,nrmse,False,7607.64794921875,0.0247481824156776,1048576,relErrorBound=1.0e+00
pt,sz3,compression_throughput_mbps,True,7607.64794921875,481.8558044433594,1048576,relErrorBound=1.0e+00
pt,sz3,decompression_throughput_mbps,True,1056.1561279296875,1767.8995361328125,131072,relErrorBound=1.0e+00
pt,sz3,decompression_throughput_mbps,True,2068.357177734375,1765.8662109375,262144,relErrorBound=1.0e+00
pt,sz3,decompression_throughput_mbps,True,4170.78125,1756.4085693359375,524288,relErrorBound=1.0e+00
pt,sz3,decompression_throughput_mbps,True,7607.64794921875,1743.900390625,1048576,relErrorBound=1.0e+00
pt,zstd-trunc,psnr,True,1.156039476394653,,1048576,"truncBits=0, level=5"
pt,zstd-trunc,psnr,True,1.1681259870529177,176.3255157470703,1048576,"truncBits=1, level=5"
pt,zstd-trunc,psnr,True,1.1802211999893188,167.86964416503906,1048576,"truncBits=2, level=5"
pt,zstd-trunc,psnr,True,1.2048335075378418,160.880126953125,1048576,"truncBits=3, level=5"
pt,zstd-trunc,psnr,True,1.238752365112305,154.41893005371094,1048576,"truncBits=4, level=5"
pt,zstd-trunc,psnr,True,1.2890605926513672,148.18319702148438,1048576,"truncBits=5, level=5"
pt,zstd-trunc,psnr,True,1.3587937355041504,142.05630493164062,1048576,"truncBits=6, level=5"
pt,zstd-trunc,psnr,True,1.4551725387573242,135.9839324951172,1048576,"truncBits=7, level=5"
pt,zstd-trunc,psnr,True,1.5951706171035769,129.93447875976562,1048576,"truncBits=8, level=5"
pt,zstd-trunc,psnr,True,1.6843373775482178,123.912109375,1048576,"truncBits=9, level=5"
pt,zstd-trunc,psnr,True,1.769245147705078,117.87029266357422,1048576,"truncBits=10, level=5"
pt,zstd-trunc,psnr,True,1.8604074716567995,111.83989715576172,1048576,"truncBits=11, level=5"
pt,zstd-trunc,psnr,True,1.9887144565582275,105.82264709472656,1048576,"truncBits=12, level=5"
pt,zstd-trunc,psnr,True,2.1661696434021,99.81903839111328,1048576,"truncBits=13, level=5"
pt,zstd-trunc,psnr,True,2.3816230297088623,93.79377746582033,1048576,"truncBits=14, level=5"
pt,zstd-trunc,psnr,True,2.646684408187866,87.7791519165039,1048576,"truncBits=15, level=5"
pt,zstd-trunc,psnr,True,3.0218286514282227,81.76131439208984,1048576,"truncBits=16, level=5"
pt,zstd-trunc,psnr,True,3.4502487182617188,75.76210021972656,1048576,"truncBits=17, level=5"
pt,zstd-trunc,psnr,True,3.96169686317444,69.78440856933594,1048576,"truncBits=18, level=5"
pt,zstd-trunc,psnr,True,4.682052135467529,63.83579254150391,262144,"truncBits=19, level=5"
pt,zstd-trunc,psnr,True,5.674650192260742,57.966270446777344,262144,"truncBits=20, level=5"
pt,zstd-trunc,psnr,True,7.09700870513916,52.25777053833008,262144,"truncBits=21, level=5"
pt,zstd-trunc,psnr,True,9.144436836242676,46.87071990966797,262144,"truncBits=22, level=5"
pt,zstd-trunc,psnr,True,12.27513027191162,42.16895294189453,262144,"truncBits=23, level=5"
pt,zstd-trunc,wasserstein_distance,False,1.156039476394653,0.0,1048576,"truncBits=0, level=5"
pt,zstd-trunc,wasserstein_distance,False,1.1681259870529177,0.0009999066824093,1048576,"truncBits=1, level=5"
pt,zstd-trunc,wasserstein_distance,False,1.1802211999893188,0.0029997087549418,1048576,"truncBits=2, level=5"
pt,zstd-trunc,wasserstein_distance,False,1.2048335075378418,0.007000729907304,1048576,"truncBits=3, level=5"
pt,zstd-trunc,wasserstein_distance,False,1.238752365112305,0.0149904610589146,1048576,"truncBits=4, level=5"
pt,zstd-trunc,wasserstein_distance,False,1.2890605926513672,0.0309853460639715,1048576,"truncBits=5, level=5"
pt,zstd-trunc,wasserstein_distance,False,1.3587937355041504,0.0629509389400482,1048576,"truncBits=6, level=5"
pt,zstd-trunc,wasserstein_distance,False,1.4551725387573242,0.1269441694021225,1048576,"truncBits=7, level=5"
pt,zstd-trunc,wasserstein_distance,False,1.5951706171035769,0.2548864781856537,1048576,"truncBits=8, level=5"
pt,zstd-trunc,wasserstein_distance,False,1.6843373775482178,0.5106727480888367,1048576,"truncBits=9, level=5"
pt,zstd-trunc,wasserstein_distance,False,1.769245147705078,1.0230090618133545,1048576,"truncBits=10, level=5"
pt,zstd-trunc,wasserstein_distance,False,1.8604074716567995,2.0476267337799072,1048576,"truncBits=11, level=5"
pt,zstd-trunc,wasserstein_distance,False,1.9887144565582275,4.095374584197998,1048576,"truncBits=12, level=5"
pt,zstd-trunc,wasserstein_distance,False,2.1661696434021,8.187060356140137,1048576,"truncBits=13, level=5"
pt,zstd-trunc,wasserstein_distance,False,2.3816230297088623,16.368600845336914,1048576,"truncBits=14, level=5"
pt,zstd-trunc,wasserstein_distance,False,2.646684408187866,32.73786544799805,1048576,"truncBits=15, level=5"
pt,zstd-trunc,wasserstein_distance,False,3.0218286514282227,65.41685485839844,1048576,"truncBits=16, level=5"
pt,zstd-trunc,wasserstein_distance,False,3.4502487182617188,130.57373046875,1048576,"truncBits=17, level=5"
pt,zstd-trunc,wasserstein_distance,False,3.96169686317444,260.3016967773437,1048576,"truncBits=18, level=5"
pt,zstd-trunc,wasserstein_distance,False,4.682052135467529,516.6826171875,262144,"truncBits=19, level=5"
pt,zstd-trunc,wasserstein_distance,False,5.674650192260742,1018.9183349609376,262144,"truncBits=20, level=5"
pt,zstd-trunc,wasserstein_distance,False,7.09700870513916,1981.793701171875,262144,"truncBits=21, level=5"
pt,zstd-trunc,wasserstein_distance,False,9.144436836242676,3724.266357421875,262144,"truncBits=22, level=5"
pt,zstd-trunc,wasserstein_distance,False,12.27513027191162,6581.55224609375,262144,"truncBits=23, level=5"
pt,zstd-trunc,ks_statistic,False,1.156039476394653,0.0,1048576,"truncBits=0, level=5"
pt,zstd-trunc,ks_statistic,False,1.1681259870529177,1.9073486328125e-06,1048576,"truncBits=1, level=5"
pt,zstd-trunc,ks_statistic,False,1.1802211999893188,3.0100345611572266e-06,1048576,"truncBits=2, level=5"
pt,zstd-trunc,ks_statistic,False,1.2048335075378418,4.142522811889648e-06,1048576,"truncBits=3, level=5"
pt,zstd-trunc,ks_statistic,False,1.238752365112305,6.020069122314453e-06,1048576,"truncBits=4, level=5"
pt,zstd-trunc,ks_statistic,False,1.2890605926513672,9.387731552124023e-06,1048576,"truncBits=5, level=5"
pt,zstd-trunc,ks_statistic,False,1.3587937355041504,1.5050172805786133e-05,1048576,"truncBits=6, level=5"
pt,zstd-trunc,ks_statistic,False,1.4551725387573242,2.518296241760254e-05,1048576,"truncBits=7, level=5"
pt,zstd-trunc,ks_statistic,False,1.5951706171035769,4.172325134277344e-05,1048576,"truncBits=8, level=5"
pt,zstd-trunc,ks_statistic,False,1.6843373775482178,7.674098014831543e-05,1048576,"truncBits=9, level=5"
pt,zstd-trunc,ks_statistic,False,1.769245147705078,0.000136524438858,1048576,"truncBits=10, level=5"
pt,zstd-trunc,ks_statistic,False,1.8604074716567995,0.0002606511116027,1048576,"truncBits=11, level=5"
pt,zstd-trunc,ks_statistic,False,1.9887144565582275,0.0005009770393371,1048576,"truncBits=12, level=5"
pt,zstd-trunc,ks_statistic,False,2.1661696434021,0.0009613037109375,1048576,"truncBits=13, level=5"
pt,zstd-trunc,ks_statistic,False,2.3816230297088623,0.0018929243087768,1048576,"truncBits=14, level=5"
pt,zstd-trunc,ks_statistic,False,2.646684408187866,0.0037425756454467,1048576,"truncBits=15, level=5"
pt,zstd-trunc,ks_statistic,False,3.0218286514282227,0.0073730647563934,1048576,"truncBits=16, level=5"
pt,zstd-trunc,ks_statistic,False,3.4502487182617188,0.0147382020950317,1048576,"truncBits=17, level=5"
pt,zstd-trunc,ks_statistic,False,3.96169686317444,0.0293665826320648,1048576,"truncBits=18, level=5"
pt,zstd-trunc,ks_statistic,False,4.682052135467529,0.0584458112716674,262144,"truncBits=19, level=5"
pt,zstd-trunc,ks_statistic,False,5.674650192260742,0.1153233051300048,262144,"truncBits=20, level=5"
pt,zstd-trunc,ks_statistic,False,7.09700870513916,0.2294641435146331,262144,"truncBits=21, level=5"
pt,zstd-trunc,ks_statistic,False,9.144436836242676,0.4024693667888641,262144,"truncBits=22, level=5"
pt,zstd-trunc,ks_statistic,False,12.27513027191162,0.549784779548645,262144,"truncBits=23, level=5"
pt,zstd-trunc,mse,False,1.156039476394653,0.0,1048576,"truncBits=0, level=5"
pt,zstd-trunc,mse,False,1.1681259870529177,2.944215566458297e-06,1048576,"truncBits=1, level=5"
pt,zstd-trunc,mse,False,1.1802211999893188,2.063271494989749e-05,1048576,"truncBits=2, level=5"
pt,zstd-trunc,mse,False,1.2048335075378418,0.0001031592910294,1048576,"truncBits=3, level=5"
pt,zstd-trunc,mse,False,1.238752365112305,0.0004566952702589,1048576,"truncBits=4, level=5"
pt,zstd-trunc,mse,False,1.2890605926513672,0.0019195514032617,1048576,"truncBits=5, level=5"
pt,zstd-trunc,mse,False,1.3587937355041504,0.0078684641048312,1048576,"truncBits=6, level=5"
pt,zstd-trunc,mse,False,1.4551725387573242,0.0318512953817844,1048576,"truncBits=7, level=5"
pt,zstd-trunc,mse,False,1.5951706171035769,0.1282544136047363,1048576,"truncBits=8, level=5"
pt,zstd-trunc,mse,False,1.6843373775482178,0.5132274627685547,1048576,"truncBits=9, level=5"
pt,zstd-trunc,mse,False,1.769245147705078,2.0629591941833496,1048576,"truncBits=10, level=5"
pt,zstd-trunc,mse,False,1.8604074716567995,8.270477294921875,1048576,"truncBits=11, level=5"
pt,zstd-trunc,mse,False,1.9887144565582275,33.05636978149414,1048576,"truncBits=12, level=5"
pt,zstd-trunc,mse,False,2.1661696434021,131.7091522216797,1048576,"truncBits=13, level=5"
pt,zstd-trunc,mse,False,2.3816230297088623,527.4033813476562,1048576,"truncBits=14, level=5"
pt,zstd-trunc,mse,False,2.646684408187866,2106.714599609375,1048576,"truncBits=15, level=5"
pt,zstd-trunc,mse,False,3.0218286514282227,8421.486328125,1048576,"truncBits=16, level=5"
pt,zstd-trunc,mse,False,3.4502487182617188,33520.50390625,1048576,"truncBits=17, level=5"
pt,zstd-trunc,mse,False,3.96169686317444,132763.5625,1048576,"truncBits=18, level=5"
pt,zstd-trunc,mse,False,4.682052135467529,522325.0625,262144,"truncBits=19, level=5"
pt,zstd-trunc,mse,False,5.674650192260742,2017870.0,262144,"truncBits=20, level=5"
pt,zstd-trunc,mse,False,7.09700870513916,7511783.0,262144,"truncBits=21, level=5"
pt,zstd-trunc,mse,False,9.144436836242676,25968598.0,262144,"truncBits=22, level=5"
pt,zstd-trunc,mse,False,12.27513027191162,76669960.0,262144,"truncBits=23, level=5"
pt,zstd-trunc,rel_error_avg,False,1.156039476394653,0.0,1048576,"truncBits=0, level=5"
pt,zstd-trunc,rel_error_avg,False,1.1681259870529177,4.262661335019402e-08,1048576,"truncBits=1, level=5"
pt,zstd-trunc,rel_error_avg,False,1.1802211999893188,1.2786520642293908e-07,1048576,"truncBits=2, level=5"
pt,zstd-trunc,rel_error_avg,False,1.2048335075378418,2.984614582146605e-07,1048576,"truncBits=3, level=5"
pt,zstd-trunc,rel_error_avg,False,1.238752365112305,6.390596354322042e-07,1048576,"truncBits=4, level=5"
pt,zstd-trunc,rel_error_avg,False,1.2890605926513672,1.3210711813371745e-06,1048576,"truncBits=5, level=5"
pt,zstd-trunc,rel_error_avg,False,1.3587937355041504,2.684339506231481e-06,1048576,"truncBits=6, level=5"
pt,zstd-trunc,rel_error_avg,False,1.4551725387573242,5.412351583800046e-06,1048576,"truncBits=7, level=5"
pt,zstd-trunc,rel_error_avg,False,1.5951706171035769,1.086918928194791e-05,1048576,"truncBits=8, level=5"
pt,zstd-trunc,rel_error_avg,False,1.6843373775482178,2.1785092030768283e-05,1048576,"truncBits=9, level=5"
pt,zstd-trunc,rel_error_avg,False,1.769245147705078,4.3620759242912754e-05,1048576,"truncBits=10, level=5"
pt,zstd-trunc,rel_error_avg,False,1.8604074716567995,8.729089313419536e-05,1048576,"truncBits=11, level=5"
pt,zstd-trunc,rel_error_avg,False,1.9887144565582275,0.0001745797344483,1048576,"truncBits=12, level=5"
pt,zstd-trunc,rel_error_avg,False,2.1661696434021,0.0003491270472295,1048576,"truncBits=13, level=5"
pt,zstd-trunc,rel_error_avg,False,2.3816230297088623,0.0006978160818107,1048576,"truncBits=14, level=5"
pt,zstd-trunc,rel_error_avg,False,2.646684408187866,0.0013957484625279,1048576,"truncBits=15, level=5"
pt,zstd-trunc,rel_error_avg,False,3.0218286514282227,0.002788748126477,1048576,"truncBits=16, level=5"
pt,zstd-trunc,rel_error_avg,False,3.4502487182617188,0.0055669927969574,1048576,"truncBits=17, level=5"
pt,zstd-trunc,rel_error_avg,False,3.96169686317444,0.0111000314354896,1048576,"truncBits=18, level=5"
pt,zstd-trunc,rel_error_avg,False,4.682052135467529,0.022033279761672,262144,"truncBits=19, level=5"
pt,zstd-trunc,rel_error_avg,False,5.674650192260742,0.0434624664485454,262144,"truncBits=20, level=5"
pt,zstd-trunc,rel_error_avg,False,7.09700870513916,0.0845947489142417,262144,"truncBits=21, level=5"
pt,zstd-trunc,rel_error_avg,False,9.144436836242676,0.1587586104869842,262144,"truncBits=22, level=5"
pt,zstd-trunc,rel_error_avg,False,12.27513027191162,0.2846921980381012,262144,"truncBits=23, level=5"
pt,zstd-trunc,nrmse,False,1.156039476394653,0.0,1048576,"truncBits=0, level=5"
pt,zstd-trunc,nrmse,False,1.1681259870529177,1.5265977996575284e-09,1048576,"truncBits=1, level=5"
pt,zstd-trunc,nrmse,False,1.1802211999893188,4.041271414526584e-09,1048576,"truncBits=2, level=5"
pt,zstd-trunc,nrmse,False,1.2048335075378418,9.03636998138708e-09,1048576,"truncBits=3, level=5"
pt,zstd-trunc,nrmse,False,1.238752365112305,1.901310675776647e-08,1048576,"truncBits=4, level=5"
pt,zstd-trunc,nrmse,False,1.2890605926513672,3.8979808667778654e-08,1048576,"truncBits=5, level=5"
pt,zstd-trunc,nrmse,False,1.3587937355041504,7.89195888058926e-08,1048576,"truncBits=6, level=5"
pt,zstd-trunc,nrmse,False,1.4551725387573242,1.587827720459499e-07,1048576,"truncBits=7, level=5"
pt,zstd-trunc,nrmse,False,1.5951706171035769,3.186221688261214e-07,1048576,"truncBits=8, level=5"
pt,zstd-trunc,nrmse,False,1.6843373775482178,6.373746309420707e-07,1048576,"truncBits=9, level=5"
pt,zstd-trunc,nrmse,False,1.769245147705078,1.2778655101927054e-06,1048576,"truncBits=10, level=5"
pt,zstd-trunc,nrmse,False,1.8604074716567995,2.5586160312004857e-06,1048576,"truncBits=11, level=5"
pt,zstd-trunc,nrmse,False,1.9887144565582275,5.11525641674142e-06,1048576,"truncBits=12, level=5"
pt,zstd-trunc,nrmse,False,2.1661696434021,1.0210518745174846e-05,1048576,"truncBits=13, level=5"
pt,zstd-trunc,nrmse,False,2.3816230297088623,2.043201904544016e-05,1048576,"truncBits=14, level=5"
pt,zstd-trunc,nrmse,False,2.646684408187866,4.083595177644715e-05,1048576,"truncBits=15, level=5"
pt,zstd-trunc,nrmse,False,3.0218286514282227,8.164586673498117e-05,1048576,"truncBits=16, level=5"
pt,zstd-trunc,nrmse,False,3.4502487182617188,0.0001628902534855,1048576,"truncBits=17, level=5"
pt,zstd-trunc,nrmse,False,3.96169686317444,0.0003241748201387,1048576,"truncBits=18, level=5"
pt,zstd-trunc,nrmse,False,4.682052135467529,0.00064299894782,262144,"truncBits=19, level=5"
pt,zstd-trunc,nrmse,False,5.674650192260742,0.0012638234857467,262144,"truncBits=20, level=5"
pt,zstd-trunc,nrmse,False,7.09700870513916,0.0024384359166258,262144,"truncBits=21, level=5"
pt,zstd-trunc,nrmse,False,9.144436836242676,0.0045338179913973,262144,"truncBits=22, level=5"
pt,zstd-trunc,nrmse,False,12.27513027191162,0.007790268890872,262144,"truncBits=23, level=5"
pt,zstd-trunc,compression_throughput_mbps,True,1.155936598777771,630.260009765625,131072,"truncBits=0, level=5"
pt,zstd-trunc,compression_throughput_mbps,True,1.167890191078186,621.0079956054688,131072,"truncBits=1, level=5"
pt,zstd-trunc,compression_throughput_mbps,True,1.1800636053085327,614.6154174804688,131072,"truncBits=2, level=5"
pt,zstd-trunc,compression_throughput_mbps,True,1.180148720741272,588.7453002929688,262144,"truncBits=2, level=5"
pt,zstd-trunc,compression_throughput_mbps,True,1.2047967910766602,579.5310668945312,262144,"truncBits=3, level=5"
pt,zstd-trunc,compression_throughput_mbps,True,1.237383484840393,542.32568359375,262144,"truncBits=4, level=5"
pt,zstd-trunc,compression_throughput_mbps,True,1.2374799251556396,401.1873474121094,524288,"truncBits=4, level=5"
pt,zstd-trunc,compression_throughput_mbps,True,1.2763696908950806,353.33819580078125,262144,"truncBits=5, level=5"
pt,zstd-trunc,compression_throughput_mbps,True,1.3088312149047852,142.93492126464844,8192,"truncBits=6, level=5"
pt,zstd-trunc,compression_throughput_mbps,True,11.440650939941406,136.49368286132812,1048576,"truncBits=23, level=5"
pt,zstd-trunc,compression_throughput_mbps,True,12.27513027191162,85.95315551757812,262144,"truncBits=23, level=5"
pt,zstd-trunc,decompression_throughput_mbps,True,12.27513027191162,1126.0831298828125,262144,"truncBits=23, level=5"
