---------- Configuration ----------
Input file:   DAOD_PHYSLITE.37019878._000009.pool.root.1
Tree name:    CollectionTree
Results file: /eagle/UIC-HPC/amy/zstdtrunc-sweep.20260218_230809/results.jsonl
Branches:
  AnalysisJetsAuxDyn.pt
  AnalysisJetsAuxDyn.eta
  AnalysisJetsAuxDyn.phi
Tests (264):
  [0] compressor=zstd-trunc options={compressionLevel=5, truncBits=0} chunkSize=1024 iterations=10
  [1] compressor=zstd-trunc options={compressionLevel=5, truncBits=0} chunkSize=2048 iterations=10
  [2] compressor=zstd-trunc options={compressionLevel=5, truncBits=0} chunkSize=4096 iterations=10
  [3] compressor=zstd-trunc options={compressionLevel=5, truncBits=0} chunkSize=8192 iterations=10
  [4] compressor=zstd-trunc options={compressionLevel=5, truncBits=0} chunkSize=16384 iterations=10
  [5] compressor=zstd-trunc options={compressionLevel=5, truncBits=0} chunkSize=32768 iterations=10
  [6] compressor=zstd-trunc options={compressionLevel=5, truncBits=0} chunkSize=65536 iterations=10
  [7] compressor=zstd-trunc options={compressionLevel=5, truncBits=0} chunkSize=131072 iterations=10
  [8] compressor=zstd-trunc options={compressionLevel=5, truncBits=0} chunkSize=262144 iterations=10
  [9] compressor=zstd-trunc options={compressionLevel=5, truncBits=0} chunkSize=524288 iterations=10
  [10] compressor=zstd-trunc options={compressionLevel=5, truncBits=0} chunkSize=1048576 iterations=10
  [11] compressor=zstd-trunc options={compressionLevel=5, truncBits=1} chunkSize=1024 iterations=10
  [12] compressor=zstd-trunc options={compressionLevel=5, truncBits=1} chunkSize=2048 iterations=10
  [13] compressor=zstd-trunc options={compressionLevel=5, truncBits=1} chunkSize=4096 iterations=10
  [14] compressor=zstd-trunc options={compressionLevel=5, truncBits=1} chunkSize=8192 iterations=10
  [15] compressor=zstd-trunc options={compressionLevel=5, truncBits=1} chunkSize=16384 iterations=10
  [16] compressor=zstd-trunc options={compressionLevel=5, truncBits=1} chunkSize=32768 iterations=10
  [17] compressor=zstd-trunc options={compressionLevel=5, truncBits=1} chunkSize=65536 iterations=10
  [18] compressor=zstd-trunc options={compressionLevel=5, truncBits=1} chunkSize=131072 iterations=10
  [19] compressor=zstd-trunc options={compressionLevel=5, truncBits=1} chunkSize=262144 iterations=10
  [20] compressor=zstd-trunc options={compressionLevel=5, truncBits=1} chunkSize=524288 iterations=10
  [21] compressor=zstd-trunc options={compressionLevel=5, truncBits=1} chunkSize=1048576 iterations=10
  [22] compressor=zstd-trunc options={compressionLevel=5, truncBits=2} chunkSize=1024 iterations=10
  [23] compressor=zstd-trunc options={compressionLevel=5, truncBits=2} chunkSize=2048 iterations=10
  [24] compressor=zstd-trunc options={compressionLevel=5, truncBits=2} chunkSize=4096 iterations=10
  [25] compressor=zstd-trunc options={compressionLevel=5, truncBits=2} chunkSize=8192 iterations=10
  [26] compressor=zstd-trunc options={compressionLevel=5, truncBits=2} chunkSize=16384 iterations=10
  [27] compressor=zstd-trunc options={compressionLevel=5, truncBits=2} chunkSize=32768 iterations=10
  [28] compressor=zstd-trunc options={compressionLevel=5, truncBits=2} chunkSize=65536 iterations=10
  [29] compressor=zstd-trunc options={compressionLevel=5, truncBits=2} chunkSize=131072 iterations=10
  [30] compressor=zstd-trunc options={compressionLevel=5, truncBits=2} chunkSize=262144 iterations=10
  [31] compressor=zstd-trunc options={compressionLevel=5, truncBits=2} chunkSize=524288 iterations=10
  [32] compressor=zstd-trunc options={compressionLevel=5, truncBits=2} chunkSize=1048576 iterations=10
  [33] compressor=zstd-trunc options={compressionLevel=5, truncBits=3} chunkSize=1024 iterations=10
  [34] compressor=zstd-trunc options={compressionLevel=5, truncBits=3} chunkSize=2048 iterations=10
  [35] compressor=zstd-trunc options={compressionLevel=5, truncBits=3} chunkSize=4096 iterations=10
  [36] compressor=zstd-trunc options={compressionLevel=5, truncBits=3} chunkSize=8192 iterations=10
  [37] compressor=zstd-trunc options={compressionLevel=5, truncBits=3} chunkSize=16384 iterations=10
  [38] compressor=zstd-trunc options={compressionLevel=5, truncBits=3} chunkSize=32768 iterations=10
  [39] compressor=zstd-trunc options={compressionLevel=5, truncBits=3} chunkSize=65536 iterations=10
  [40] compressor=zstd-trunc options={compressionLevel=5, truncBits=3} chunkSize=131072 iterations=10
  [41] compressor=zstd-trunc options={compressionLevel=5, truncBits=3} chunkSize=262144 iterations=10
  [42] compressor=zstd-trunc options={compressionLevel=5, truncBits=3} chunkSize=524288 iterations=10
  [43] compressor=zstd-trunc options={compressionLevel=5, truncBits=3} chunkSize=1048576 iterations=10
  [44] compressor=zstd-trunc options={compressionLevel=5, truncBits=4} chunkSize=1024 iterations=10
  [45] compressor=zstd-trunc options={compressionLevel=5, truncBits=4} chunkSize=2048 iterations=10
  [46] compressor=zstd-trunc options={compressionLevel=5, truncBits=4} chunkSize=4096 iterations=10
  [47] compressor=zstd-trunc options={compressionLevel=5, truncBits=4} chunkSize=8192 iterations=10
  [48] compressor=zstd-trunc options={compressionLevel=5, truncBits=4} chunkSize=16384 iterations=10
  [49] compressor=zstd-trunc options={compressionLevel=5, truncBits=4} chunkSize=32768 iterations=10
  [50] compressor=zstd-trunc options={compressionLevel=5, truncBits=4} chunkSize=65536 iterations=10
  [51] compressor=zstd-trunc options={compressionLevel=5, truncBits=4} chunkSize=131072 iterations=10
  [52] compressor=zstd-trunc options={compressionLevel=5, truncBits=4} chunkSize=262144 iterations=10
  [53] compressor=zstd-trunc options={compressionLevel=5, truncBits=4} chunkSize=524288 iterations=10
  [54] compressor=zstd-trunc options={compressionLevel=5, truncBits=4} chunkSize=1048576 iterations=10
  [55] compressor=zstd-trunc options={compressionLevel=5, truncBits=5} chunkSize=1024 iterations=10
  [56] compressor=zstd-trunc options={compressionLevel=5, truncBits=5} chunkSize=2048 iterations=10
  [57] compressor=zstd-trunc options={compressionLevel=5, truncBits=5} chunkSize=4096 iterations=10
  [58] compressor=zstd-trunc options={compressionLevel=5, truncBits=5} chunkSize=8192 iterations=10
  [59] compressor=zstd-trunc options={compressionLevel=5, truncBits=5} chunkSize=16384 iterations=10
  [60] compressor=zstd-trunc options={compressionLevel=5, truncBits=5} chunkSize=32768 iterations=10
  [61] compressor=zstd-trunc options={compressionLevel=5, truncBits=5} chunkSize=65536 iterations=10
  [62] compressor=zstd-trunc options={compressionLevel=5, truncBits=5} chunkSize=131072 iterations=10
  [63] compressor=zstd-trunc options={compressionLevel=5, truncBits=5} chunkSize=262144 iterations=10
  [64] compressor=zstd-trunc options={compressionLevel=5, truncBits=5} chunkSize=524288 iterations=10
  [65] compressor=zstd-trunc options={compressionLevel=5, truncBits=5} chunkSize=1048576 iterations=10
  [66] compressor=zstd-trunc options={compressionLevel=5, truncBits=6} chunkSize=1024 iterations=10
  [67] compressor=zstd-trunc options={compressionLevel=5, truncBits=6} chunkSize=2048 iterations=10
  [68] compressor=zstd-trunc options={compressionLevel=5, truncBits=6} chunkSize=4096 iterations=10
  [69] compressor=zstd-trunc options={compressionLevel=5, truncBits=6} chunkSize=8192 iterations=10
  [70] compressor=zstd-trunc options={compressionLevel=5, truncBits=6} chunkSize=16384 iterations=10
  [71] compressor=zstd-trunc options={compressionLevel=5, truncBits=6} chunkSize=32768 iterations=10
  [72] compressor=zstd-trunc options={compressionLevel=5, truncBits=6} chunkSize=65536 iterations=10
  [73] compressor=zstd-trunc options={compressionLevel=5, truncBits=6} chunkSize=131072 iterations=10
  [74] compressor=zstd-trunc options={compressionLevel=5, truncBits=6} chunkSize=262144 iterations=10
  [75] compressor=zstd-trunc options={compressionLevel=5, truncBits=6} chunkSize=524288 iterations=10
  [76] compressor=zstd-trunc options={compressionLevel=5, truncBits=6} chunkSize=1048576 iterations=10
  [77] compressor=zstd-trunc options={compressionLevel=5, truncBits=7} chunkSize=1024 iterations=10
  [78] compressor=zstd-trunc options={compressionLevel=5, truncBits=7} chunkSize=2048 iterations=10
  [79] compressor=zstd-trunc options={compressionLevel=5, truncBits=7} chunkSize=4096 iterations=10
  [80] compressor=zstd-trunc options={compressionLevel=5, truncBits=7} chunkSize=8192 iterations=10
  [81] compressor=zstd-trunc options={compressionLevel=5, truncBits=7} chunkSize=16384 iterations=10
  [82] compressor=zstd-trunc options={compressionLevel=5, truncBits=7} chunkSize=32768 iterations=10
  [83] compressor=zstd-trunc options={compressionLevel=5, truncBits=7} chunkSize=65536 iterations=10
  [84] compressor=zstd-trunc options={compressionLevel=5, truncBits=7} chunkSize=131072 iterations=10
  [85] compressor=zstd-trunc options={compressionLevel=5, truncBits=7} chunkSize=262144 iterations=10
  [86] compressor=zstd-trunc options={compressionLevel=5, truncBits=7} chunkSize=524288 iterations=10
  [87] compressor=zstd-trunc options={compressionLevel=5, truncBits=7} chunkSize=1048576 iterations=10
  [88] compressor=zstd-trunc options={compressionLevel=5, truncBits=8} chunkSize=1024 iterations=10
  [89] compressor=zstd-trunc options={compressionLevel=5, truncBits=8} chunkSize=2048 iterations=10
  [90] compressor=zstd-trunc options={compressionLevel=5, truncBits=8} chunkSize=4096 iterations=10
  [91] compressor=zstd-trunc options={compressionLevel=5, truncBits=8} chunkSize=8192 iterations=10
  [92] compressor=zstd-trunc options={compressionLevel=5, truncBits=8} chunkSize=16384 iterations=10
  [93] compressor=zstd-trunc options={compressionLevel=5, truncBits=8} chunkSize=32768 iterations=10
  [94] compressor=zstd-trunc options={compressionLevel=5, truncBits=8} chunkSize=65536 iterations=10
  [95] compressor=zstd-trunc options={compressionLevel=5, truncBits=8} chunkSize=131072 iterations=10
  [96] compressor=zstd-trunc options={compressionLevel=5, truncBits=8} chunkSize=262144 iterations=10
  [97] compressor=zstd-trunc options={compressionLevel=5, truncBits=8} chunkSize=524288 iterations=10
  [98] compressor=zstd-trunc options={compressionLevel=5, truncBits=8} chunkSize=1048576 iterations=10
  [99] compressor=zstd-trunc options={compressionLevel=5, truncBits=9} chunkSize=1024 iterations=10
  [100] compressor=zstd-trunc options={compressionLevel=5, truncBits=9} chunkSize=2048 iterations=10
  [101] compressor=zstd-trunc options={compressionLevel=5, truncBits=9} chunkSize=4096 iterations=10
  [102] compressor=zstd-trunc options={compressionLevel=5, truncBits=9} chunkSize=8192 iterations=10
  [103] compressor=zstd-trunc options={compressionLevel=5, truncBits=9} chunkSize=16384 iterations=10
  [104] compressor=zstd-trunc options={compressionLevel=5, truncBits=9} chunkSize=32768 iterations=10
  [105] compressor=zstd-trunc options={compressionLevel=5, truncBits=9} chunkSize=65536 iterations=10
  [106] compressor=zstd-trunc options={compressionLevel=5, truncBits=9} chunkSize=131072 iterations=10
  [107] compressor=zstd-trunc options={compressionLevel=5, truncBits=9} chunkSize=262144 iterations=10
  [108] compressor=zstd-trunc options={compressionLevel=5, truncBits=9} chunkSize=524288 iterations=10
  [109] compressor=zstd-trunc options={compressionLevel=5, truncBits=9} chunkSize=1048576 iterations=10
  [110] compressor=zstd-trunc options={compressionLevel=5, truncBits=10} chunkSize=1024 iterations=10
  [111] compressor=zstd-trunc options={compressionLevel=5, truncBits=10} chunkSize=2048 iterations=10
  [112] compressor=zstd-trunc options={compressionLevel=5, truncBits=10} chunkSize=4096 iterations=10
  [113] compressor=zstd-trunc options={compressionLevel=5, truncBits=10} chunkSize=8192 iterations=10
  [114] compressor=zstd-trunc options={compressionLevel=5, truncBits=10} chunkSize=16384 iterations=10
  [115] compressor=zstd-trunc options={compressionLevel=5, truncBits=10} chunkSize=32768 iterations=10
  [116] compressor=zstd-trunc options={compressionLevel=5, truncBits=10} chunkSize=65536 iterations=10
  [117] compressor=zstd-trunc options={compressionLevel=5, truncBits=10} chunkSize=131072 iterations=10
  [118] compressor=zstd-trunc options={compressionLevel=5, truncBits=10} chunkSize=262144 iterations=10
  [119] compressor=zstd-trunc options={compressionLevel=5, truncBits=10} chunkSize=524288 iterations=10
  [120] compressor=zstd-trunc options={compressionLevel=5, truncBits=10} chunkSize=1048576 iterations=10
  [121] compressor=zstd-trunc options={compressionLevel=5, truncBits=11} chunkSize=1024 iterations=10
  [122] compressor=zstd-trunc options={compressionLevel=5, truncBits=11} chunkSize=2048 iterations=10
  [123] compressor=zstd-trunc options={compressionLevel=5, truncBits=11} chunkSize=4096 iterations=10
  [124] compressor=zstd-trunc options={compressionLevel=5, truncBits=11} chunkSize=8192 iterations=10
  [125] compressor=zstd-trunc options={compressionLevel=5, truncBits=11} chunkSize=16384 iterations=10
  [126] compressor=zstd-trunc options={compressionLevel=5, truncBits=11} chunkSize=32768 iterations=10
  [127] compressor=zstd-trunc options={compressionLevel=5, truncBits=11} chunkSize=65536 iterations=10
  [128] compressor=zstd-trunc options={compressionLevel=5, truncBits=11} chunkSize=131072 iterations=10
  [129] compressor=zstd-trunc options={compressionLevel=5, truncBits=11} chunkSize=262144 iterations=10
  [130] compressor=zstd-trunc options={compressionLevel=5, truncBits=11} chunkSize=524288 iterations=10
  [131] compressor=zstd-trunc options={compressionLevel=5, truncBits=11} chunkSize=1048576 iterations=10
  [132] compressor=zstd-trunc options={compressionLevel=5, truncBits=12} chunkSize=1024 iterations=10
  [133] compressor=zstd-trunc options={compressionLevel=5, truncBits=12} chunkSize=2048 iterations=10
  [134] compressor=zstd-trunc options={compressionLevel=5, truncBits=12} chunkSize=4096 iterations=10
  [135] compressor=zstd-trunc options={compressionLevel=5, truncBits=12} chunkSize=8192 iterations=10
  [136] compressor=zstd-trunc options={compressionLevel=5, truncBits=12} chunkSize=16384 iterations=10
  [137] compressor=zstd-trunc options={compressionLevel=5, truncBits=12} chunkSize=32768 iterations=10
  [138] compressor=zstd-trunc options={compressionLevel=5, truncBits=12} chunkSize=65536 iterations=10
  [139] compressor=zstd-trunc options={compressionLevel=5, truncBits=12} chunkSize=131072 iterations=10
  [140] compressor=zstd-trunc options={compressionLevel=5, truncBits=12} chunkSize=262144 iterations=10
  [141] compressor=zstd-trunc options={compressionLevel=5, truncBits=12} chunkSize=524288 iterations=10
  [142] compressor=zstd-trunc options={compressionLevel=5, truncBits=12} chunkSize=1048576 iterations=10
  [143] compressor=zstd-trunc options={compressionLevel=5, truncBits=13} chunkSize=1024 iterations=10
  [144] compressor=zstd-trunc options={compressionLevel=5, truncBits=13} chunkSize=2048 iterations=10
  [145] compressor=zstd-trunc options={compressionLevel=5, truncBits=13} chunkSize=4096 iterations=10
  [146] compressor=zstd-trunc options={compressionLevel=5, truncBits=13} chunkSize=8192 iterations=10
  [147] compressor=zstd-trunc options={compressionLevel=5, truncBits=13} chunkSize=16384 iterations=10
  [148] compressor=zstd-trunc options={compressionLevel=5, truncBits=13} chunkSize=32768 iterations=10
  [149] compressor=zstd-trunc options={compressionLevel=5, truncBits=13} chunkSize=65536 iterations=10
  [150] compressor=zstd-trunc options={compressionLevel=5, truncBits=13} chunkSize=131072 iterations=10
  [151] compressor=zstd-trunc options={compressionLevel=5, truncBits=13} chunkSize=262144 iterations=10
  [152] compressor=zstd-trunc options={compressionLevel=5, truncBits=13} chunkSize=524288 iterations=10
  [153] compressor=zstd-trunc options={compressionLevel=5, truncBits=13} chunkSize=1048576 iterations=10
  [154] compressor=zstd-trunc options={compressionLevel=5, truncBits=14} chunkSize=1024 iterations=10
  [155] compressor=zstd-trunc options={compressionLevel=5, truncBits=14} chunkSize=2048 iterations=10
  [156] compressor=zstd-trunc options={compressionLevel=5, truncBits=14} chunkSize=4096 iterations=10
  [157] compressor=zstd-trunc options={compressionLevel=5, truncBits=14} chunkSize=8192 iterations=10
  [158] compressor=zstd-trunc options={compressionLevel=5, truncBits=14} chunkSize=16384 iterations=10
  [159] compressor=zstd-trunc options={compressionLevel=5, truncBits=14} chunkSize=32768 iterations=10
  [160] compressor=zstd-trunc options={compressionLevel=5, truncBits=14} chunkSize=65536 iterations=10
  [161] compressor=zstd-trunc options={compressionLevel=5, truncBits=14} chunkSize=131072 iterations=10
  [162] compressor=zstd-trunc options={compressionLevel=5, truncBits=14} chunkSize=262144 iterations=10
  [163] compressor=zstd-trunc options={compressionLevel=5, truncBits=14} chunkSize=524288 iterations=10
  [164] compressor=zstd-trunc options={compressionLevel=5, truncBits=14} chunkSize=1048576 iterations=10
  [165] compressor=zstd-trunc options={compressionLevel=5, truncBits=15} chunkSize=1024 iterations=10
  [166] compressor=zstd-trunc options={compressionLevel=5, truncBits=15} chunkSize=2048 iterations=10
  [167] compressor=zstd-trunc options={compressionLevel=5, truncBits=15} chunkSize=4096 iterations=10
  [168] compressor=zstd-trunc options={compressionLevel=5, truncBits=15} chunkSize=8192 iterations=10
  [169] compressor=zstd-trunc options={compressionLevel=5, truncBits=15} chunkSize=16384 iterations=10
  [170] compressor=zstd-trunc options={compressionLevel=5, truncBits=15} chunkSize=32768 iterations=10
  [171] compressor=zstd-trunc options={compressionLevel=5, truncBits=15} chunkSize=65536 iterations=10
  [172] compressor=zstd-trunc options={compressionLevel=5, truncBits=15} chunkSize=131072 iterations=10
  [173] compressor=zstd-trunc options={compressionLevel=5, truncBits=15} chunkSize=262144 iterations=10
  [174] compressor=zstd-trunc options={compressionLevel=5, truncBits=15} chunkSize=524288 iterations=10
  [175] compressor=zstd-trunc options={compressionLevel=5, truncBits=15} chunkSize=1048576 iterations=10
  [176] compressor=zstd-trunc options={compressionLevel=5, truncBits=16} chunkSize=1024 iterations=10
  [177] compressor=zstd-trunc options={compressionLevel=5, truncBits=16} chunkSize=2048 iterations=10
  [178] compressor=zstd-trunc options={compressionLevel=5, truncBits=16} chunkSize=4096 iterations=10
  [179] compressor=zstd-trunc options={compressionLevel=5, truncBits=16} chunkSize=8192 iterations=10
  [180] compressor=zstd-trunc options={compressionLevel=5, truncBits=16} chunkSize=16384 iterations=10
  [181] compressor=zstd-trunc options={compressionLevel=5, truncBits=16} chunkSize=32768 iterations=10
  [182] compressor=zstd-trunc options={compressionLevel=5, truncBits=16} chunkSize=65536 iterations=10
  [183] compressor=zstd-trunc options={compressionLevel=5, truncBits=16} chunkSize=131072 iterations=10
  [184] compressor=zstd-trunc options={compressionLevel=5, truncBits=16} chunkSize=262144 iterations=10
  [185] compressor=zstd-trunc options={compressionLevel=5, truncBits=16} chunkSize=524288 iterations=10
  [186] compressor=zstd-trunc options={compressionLevel=5, truncBits=16} chunkSize=1048576 iterations=10
  [187] compressor=zstd-trunc options={compressionLevel=5, truncBits=17} chunkSize=1024 iterations=10
  [188] compressor=zstd-trunc options={compressionLevel=5, truncBits=17} chunkSize=2048 iterations=10
  [189] compressor=zstd-trunc options={compressionLevel=5, truncBits=17} chunkSize=4096 iterations=10
  [190] compressor=zstd-trunc options={compressionLevel=5, truncBits=17} chunkSize=8192 iterations=10
  [191] compressor=zstd-trunc options={compressionLevel=5, truncBits=17} chunkSize=16384 iterations=10
  [192] compressor=zstd-trunc options={compressionLevel=5, truncBits=17} chunkSize=32768 iterations=10
  [193] compressor=zstd-trunc options={compressionLevel=5, truncBits=17} chunkSize=65536 iterations=10
  [194] compressor=zstd-trunc options={compressionLevel=5, truncBits=17} chunkSize=131072 iterations=10
  [195] compressor=zstd-trunc options={compressionLevel=5, truncBits=17} chunkSize=262144 iterations=10
  [196] compressor=zstd-trunc options={compressionLevel=5, truncBits=17} chunkSize=524288 iterations=10
  [197] compressor=zstd-trunc options={compressionLevel=5, truncBits=17} chunkSize=1048576 iterations=10
  [198] compressor=zstd-trunc options={compressionLevel=5, truncBits=18} chunkSize=1024 iterations=10
  [199] compressor=zstd-trunc options={compressionLevel=5, truncBits=18} chunkSize=2048 iterations=10
  [200] compressor=zstd-trunc options={compressionLevel=5, truncBits=18} chunkSize=4096 iterations=10
  [201] compressor=zstd-trunc options={compressionLevel=5, truncBits=18} chunkSize=8192 iterations=10
  [202] compressor=zstd-trunc options={compressionLevel=5, truncBits=18} chunkSize=16384 iterations=10
  [203] compressor=zstd-trunc options={compressionLevel=5, truncBits=18} chunkSize=32768 iterations=10
  [204] compressor=zstd-trunc options={compressionLevel=5, truncBits=18} chunkSize=65536 iterations=10
  [205] compressor=zstd-trunc options={compressionLevel=5, truncBits=18} chunkSize=131072 iterations=10
  [206] compressor=zstd-trunc options={compressionLevel=5, truncBits=18} chunkSize=262144 iterations=10
  [207] compressor=zstd-trunc options={compressionLevel=5, truncBits=18} chunkSize=524288 iterations=10
  [208] compressor=zstd-trunc options={compressionLevel=5, truncBits=18} chunkSize=1048576 iterations=10
  [209] compressor=zstd-trunc options={compressionLevel=5, truncBits=19} chunkSize=1024 iterations=10
  [210] compressor=zstd-trunc options={compressionLevel=5, truncBits=19} chunkSize=2048 iterations=10
  [211] compressor=zstd-trunc options={compressionLevel=5, truncBits=19} chunkSize=4096 iterations=10
  [212] compressor=zstd-trunc options={compressionLevel=5, truncBits=19} chunkSize=8192 iterations=10
  [213] compressor=zstd-trunc options={compressionLevel=5, truncBits=19} chunkSize=16384 iterations=10
  [214] compressor=zstd-trunc options={compressionLevel=5, truncBits=19} chunkSize=32768 iterations=10
  [215] compressor=zstd-trunc options={compressionLevel=5, truncBits=19} chunkSize=65536 iterations=10
  [216] compressor=zstd-trunc options={compressionLevel=5, truncBits=19} chunkSize=131072 iterations=10
  [217] compressor=zstd-trunc options={compressionLevel=5, truncBits=19} chunkSize=262144 iterations=10
  [218] compressor=zstd-trunc options={compressionLevel=5, truncBits=19} chunkSize=524288 iterations=10
  [219] compressor=zstd-trunc options={compressionLevel=5, truncBits=19} chunkSize=1048576 iterations=10
  [220] compressor=zstd-trunc options={compressionLevel=5, truncBits=20} chunkSize=1024 iterations=10
  [221] compressor=zstd-trunc options={compressionLevel=5, truncBits=20} chunkSize=2048 iterations=10
  [222] compressor=zstd-trunc options={compressionLevel=5, truncBits=20} chunkSize=4096 iterations=10
  [223] compressor=zstd-trunc options={compressionLevel=5, truncBits=20} chunkSize=8192 iterations=10
  [224] compressor=zstd-trunc options={compressionLevel=5, truncBits=20} chunkSize=16384 iterations=10
  [225] compressor=zstd-trunc options={compressionLevel=5, truncBits=20} chunkSize=32768 iterations=10
  [226] compressor=zstd-trunc options={compressionLevel=5, truncBits=20} chunkSize=65536 iterations=10
  [227] compressor=zstd-trunc options={compressionLevel=5, truncBits=20} chunkSize=131072 iterations=10
  [228] compressor=zstd-trunc options={compressionLevel=5, truncBits=20} chunkSize=262144 iterations=10
  [229] compressor=zstd-trunc options={compressionLevel=5, truncBits=20} chunkSize=524288 iterations=10
  [230] compressor=zstd-trunc options={compressionLevel=5, truncBits=20} chunkSize=1048576 iterations=10
  [231] compressor=zstd-trunc options={compressionLevel=5, truncBits=21} chunkSize=1024 iterations=10
  [232] compressor=zstd-trunc options={compressionLevel=5, truncBits=21} chunkSize=2048 iterations=10
  [233] compressor=zstd-trunc options={compressionLevel=5, truncBits=21} chunkSize=4096 iterations=10
  [234] compressor=zstd-trunc options={compressionLevel=5, truncBits=21} chunkSize=8192 iterations=10
  [235] compressor=zstd-trunc options={compressionLevel=5, truncBits=21} chunkSize=16384 iterations=10
  [236] compressor=zstd-trunc options={compressionLevel=5, truncBits=21} chunkSize=32768 iterations=10
  [237] compressor=zstd-trunc options={compressionLevel=5, truncBits=21} chunkSize=65536 iterations=10
  [238] compressor=zstd-trunc options={compressionLevel=5, truncBits=21} chunkSize=131072 iterations=10
  [239] compressor=zstd-trunc options={compressionLevel=5, truncBits=21} chunkSize=262144 iterations=10
  [240] compressor=zstd-trunc options={compressionLevel=5, truncBits=21} chunkSize=524288 iterations=10
  [241] compressor=zstd-trunc options={compressionLevel=5, truncBits=21} chunkSize=1048576 iterations=10
  [242] compressor=zstd-trunc options={compressionLevel=5, truncBits=22} chunkSize=1024 iterations=10
  [243] compressor=zstd-trunc options={compressionLevel=5, truncBits=22} chunkSize=2048 iterations=10
  [244] compressor=zstd-trunc options={compressionLevel=5, truncBits=22} chunkSize=4096 iterations=10
  [245] compressor=zstd-trunc options={compressionLevel=5, truncBits=22} chunkSize=8192 iterations=10
  [246] compressor=zstd-trunc options={compressionLevel=5, truncBits=22} chunkSize=16384 iterations=10
  [247] compressor=zstd-trunc options={compressionLevel=5, truncBits=22} chunkSize=32768 iterations=10
  [248] compressor=zstd-trunc options={compressionLevel=5, truncBits=22} chunkSize=65536 iterations=10
  [249] compressor=zstd-trunc options={compressionLevel=5, truncBits=22} chunkSize=131072 iterations=10
  [250] compressor=zstd-trunc options={compressionLevel=5, truncBits=22} chunkSize=262144 iterations=10
  [251] compressor=zstd-trunc options={compressionLevel=5, truncBits=22} chunkSize=524288 iterations=10
  [252] compressor=zstd-trunc options={compressionLevel=5, truncBits=22} chunkSize=1048576 iterations=10
  [253] compressor=zstd-trunc options={compressionLevel=5, truncBits=23} chunkSize=1024 iterations=10
  [254] compressor=zstd-trunc options={compressionLevel=5, truncBits=23} chunkSize=2048 iterations=10
  [255] compressor=zstd-trunc options={compressionLevel=5, truncBits=23} chunkSize=4096 iterations=10
  [256] compressor=zstd-trunc options={compressionLevel=5, truncBits=23} chunkSize=8192 iterations=10
  [257] compressor=zstd-trunc options={compressionLevel=5, truncBits=23} chunkSize=16384 iterations=10
  [258] compressor=zstd-trunc options={compressionLevel=5, truncBits=23} chunkSize=32768 iterations=10
  [259] compressor=zstd-trunc options={compressionLevel=5, truncBits=23} chunkSize=65536 iterations=10
  [260] compressor=zstd-trunc options={compressionLevel=5, truncBits=23} chunkSize=131072 iterations=10
  [261] compressor=zstd-trunc options={compressionLevel=5, truncBits=23} chunkSize=262144 iterations=10
  [262] compressor=zstd-trunc options={compressionLevel=5, truncBits=23} chunkSize=524288 iterations=10
  [263] compressor=zstd-trunc options={compressionLevel=5, truncBits=23} chunkSize=1048576 iterations=10
-----------------------------------
Reading data for branch 'AnalysisJetsAuxDyn.pt'...
Warning in <TClass::Init>: no dictionary for class DataHeader_p6 is available
Warning in <TClass::Init>: no dictionary for class DataHeaderForm_p6 is available
Warning in <TClass::Init>: no dictionary for class xAOD::AuxContainerBase is available
Warning in <TClass::Init>: no dictionary for class ElementLinkBase is available
Warning in <TClass::Init>: no dictionary for class xAOD::AuxInfoBase is available
Warning in <TClass::Init>: no dictionary for class xAOD::EventInfo_v1 is available
Warning in <TClass::Init>: no dictionary for class xAOD::TrigConfKeys_v1 is available
Warning in <TClass::Init>: no dictionary for class xAOD::TrigDecisionAuxInfo_v1 is available
Warning in <TClass::Init>: no dictionary for class xAOD::TrigDecision_v1 is available
Warning in <TClass::Init>: no dictionary for class xAOD::EventShape_v1 is available
Warning in <TClass::Init>: no dictionary for class ElementLink<DataVector<xAOD::Vertex_v1> > is available
Warning in <TClass::Init>: no dictionary for class EventStreamInfo_p3 is available
Warning in <TClass::Init>: no dictionary for class IOVMetaDataContainer_p1 is available
Warning in <TClass::Init>: no dictionary for class xAOD::FileMetaDataAuxInfo_v1 is available
Warning in <TClass::Init>: no dictionary for class SG::IAuxStore is available
Warning in <TClass::Init>: no dictionary for class SG::IConstAuxStore is available
Warning in <TClass::Init>: no dictionary for class SG::IAuxStoreIO is available
Warning in <TClass::Init>: no dictionary for class SG::IAuxStoreHolder is available
Warning in <TClass::Init>: no dictionary for class ILockable is available
Warning in <TClass::Init>: no dictionary for class xAOD::TriggerMenuJsonAuxContainer_v1 is available
Warning in <TClass::Init>: no dictionary for class xAOD::CutBookkeeperAuxContainer_v1 is available
Warning in <TClass::Init>: no dictionary for class ElementLink<xAOD::CutBookkeeperContainer_v1> is available
Warning in <TClass::Init>: no dictionary for class xAOD::LumiBlockRangeAuxContainer_v1 is available
Warning in <TClass::Init>: no dictionary for class EventType_p3 is available
Warning in <TClass::Init>: no dictionary for class xAOD::FileMetaData_v1 is available
Warning in <TClass::Init>: no dictionary for class SG::AuxElement is available
Warning in <TClass::Init>: no dictionary for class SG::IAuxElement is available
Warning in <TClass::Init>: no dictionary for class xAOD::EventFormat_v1 is available
Warning in <TClass::Init>: no dictionary for class xAOD::LumiBlockRange_v1 is available
Warning in <TClass::Init>: no dictionary for class xAOD::TriggerMenuJson_v1 is available
Warning in <TClass::Init>: no dictionary for class xAOD::CutBookkeeper_v1 is available
Warning in <TClass::Init>: no dictionary for class IOVPayloadContainer_p1 is available
Warning in <TClass::Init>: no dictionary for class IOVPayloadContainer_p1::CondAttrListCollection_p1 is available
Warning in <TClass::Init>: no dictionary for class IOVPayloadContainer_p1::CondAttrListEntry_p1 is available
Warning in <TClass::Init>: no dictionary for class IOVPayloadContainer_p1::IOVRange_p1 is available
Warning in <TClass::Init>: no dictionary for class AttrListIndexes is available
Warning in <TClass::Init>: no dictionary for class DataHeaderForm_p6::DbRecord is available
Warning in <TClass::Init>: no dictionary for class Guid is available
Warning in <TClass::Init>: no dictionary for class DataHeaderForm_p6::ObjRecord is available
Warning in <TClass::Init>: no dictionary for class DataHeader_p6::FullElement is available
Warning in <TClass::Init>: no dictionary for class xAOD::MissingETAuxAssociationMap_v2 is available
Warning in <TClass::Init>: no dictionary for class xAOD::JetAuxContainer_v1 is available
Warning in <TClass::Init>: no dictionary for class xAOD::TauJet_v3 is available
Warning in <TClass::Init>: no dictionary for class xAOD::IParticle is available
Warning in <TClass::Init>: no dictionary for class xAOD::Vertex_v1 is available
Warning in <TClass::Init>: no dictionary for class xAOD::Jet_v1 is available
Warning in <TClass::Init>: no dictionary for class xAOD::BTagging_v1 is available
Warning in <TClass::Init>: no dictionary for class xAOD::Electron_v1 is available
Warning in <TClass::Init>: no dictionary for class xAOD::Egamma_v1 is available
Warning in <TClass::Init>: no dictionary for class xAOD::TauTrack_v1 is available
Warning in <TClass::Init>: no dictionary for class xAOD::Muon_v1 is available
Warning in <TClass::Init>: no dictionary for class xAOD::CaloCluster_v1 is available
Warning in <TClass::Init>: no dictionary for class xAOD::Photon_v1 is available
Warning in <TClass::Init>: no dictionary for class xAOD::TrigComposite_v1 is available
Warning in <TClass::Init>: no dictionary for class xAOD::TrackParticle_v1 is available
Warning in <TClass::Init>: no dictionary for class ElementLink<DataVector<xAOD::TrackParticle_v1> > is available
Warning in <TClass::Init>: no dictionary for class ElementLink<DataVector<xAOD::CaloCluster_v1> > is available
Warning in <TClass::Init>: no dictionary for class ElementLink<DataVector<xAOD::MuonSegment_v1> > is available
Warning in <TClass::Init>: no dictionary for class ElementLink<DataVector<xAOD::IParticle> > is available
Warning in <TClass::Init>: no dictionary for class ElementLink<DataVector<xAOD::Jet_v1> > is available
Warning in <TClass::Init>: no dictionary for class ElementLink<DataVector<xAOD::Egamma_v1> > is available
Warning in <TClass::Init>: no dictionary for class xAOD::MissingETAssociation_v1 is available
Warning in <TClass::Init>: no dictionary for class xAOD::MissingET_v1 is available
Warning in <TClass::Init>: no dictionary for class ElementLink<DataVector<xAOD::BTagging_v1> > is available
Warning in <TClass::Init>: no dictionary for class ElementLink<DataVector<xAOD::NeutralParticle_v1> > is available
Warning in <TClass::Init>: no dictionary for class ElementLink<DataVector<xAOD::TauTrack_v1> > is available
Warning in <TClass::Init>: no dictionary for class DataVector<xAOD::LumiBlockRange_v1> is available
Warning in <TClass::Init>: no dictionary for class DataVector<xAOD::TriggerMenuJson_v1> is available
Warning in <TClass::Init>: no dictionary for class xAOD::CutBookkeeperContainer_v1 is available
  Running compressor 'zstd-trunc' (compressionLevel=5, truncBits=0)...
  Appended results to /eagle/UIC-HPC/amy/zstdtrunc-sweep.20260218_230809/results.jsonl
  Running compressor 'zstd-trunc' (compressionLevel=5, truncBits=0)...
  Appended results to /eagle/UIC-HPC/amy/zstdtrunc-sweep.20260218_230809/results.jsonl
  Running compressor 'zstd-trunc' (compressionLevel=5, truncBits=0)...
  Appended results to /eagle/UIC-HPC/amy/zstdtrunc-sweep.20260218_230809/results.jsonl
  Running compressor 'zstd-trunc' (compressionLevel=5, truncBits=0)...
  Appended results to /eagle/UIC-HPC/amy/zstdtrunc-sweep.20260218_230809/results.jsonl
  Running compressor 'zstd-trunc' (compressionLevel=5, truncBits=0)...
  Appended results to /eagle/UIC-HPC/amy/zstdtrunc-sweep.20260218_230809/results.jsonl
  Running compressor 'zstd-trunc' (compressionLevel=5, truncBits=0)...
  Appended results to /eagle/UIC-HPC/amy/zstdtrunc-sweep.20260218_230809/results.jsonl
  Running compressor 'zstd-trunc' (compressionLevel=5, truncBits=0)...
  Appended results to /eagle/UIC-HPC/amy/zstdtrunc-sweep.20260218_230809/results.jsonl
  Running compressor 'zstd-trunc' (compressionLevel=5, truncBits=0)...
  Appended results to /eagle/UIC-HPC/amy/zstdtrunc-sweep.20260218_230809/results.jsonl
  Running compressor 'zstd-trunc' (compressionLevel=5, truncBits=0)...
  Appended results to /eagle/UIC-HPC/amy/zstdtrunc-sweep.20260218_230809/results.jsonl
  Running compressor 'zstd-trunc' (compressionLevel=5, truncBits=0)...
  Appended results to /eagle/UIC-HPC/amy/zstdtrunc-sweep.20260218_230809/results.jsonl
  Running compressor 'zstd-trunc' (compressionLevel=5, truncBits=0)...
  Appended results to /eagle/UIC-HPC/amy/zstdtrunc-sweep.20260218_230809/results.jsonl
  Running compressor 'zstd-trunc' (compressionLevel=5, truncBits=1)...
  Appended results to /eagle/UIC-HPC/amy/zstdtrunc-sweep.20260218_230809/results.jsonl
  Running compressor 'zstd-trunc' (compressionLevel=5, truncBits=1)...
  Appended results to /eagle/UIC-HPC/amy/zstdtrunc-sweep.20260218_230809/results.jsonl
  Running compressor 'zstd-trunc' (compressionLevel=5, truncBits=1)...
  Appended results to /eagle/UIC-HPC/amy/zstdtrunc-sweep.20260218_230809/results.jsonl
  Running compressor 'zstd-trunc' (compressionLevel=5, truncBits=1)...
  Appended results to /eagle/UIC-HPC/amy/zstdtrunc-sweep.20260218_230809/results.jsonl
  Running compressor 'zstd-trunc' (compressionLevel=5, truncBits=1)...
  Appended results to /eagle/UIC-HPC/amy/zstdtrunc-sweep.20260218_230809/results.jsonl
  Running compressor 'zstd-trunc' (compressionLevel=5, truncBits=1)...
  Appended results to /eagle/UIC-HPC/amy/zstdtrunc-sweep.20260218_230809/results.jsonl
  Running compressor 'zstd-trunc' (compressionLevel=5, truncBits=1)...
  Appended results to /eagle/UIC-HPC/amy/zstdtrunc-sweep.20260218_230809/results.jsonl
  Running compressor 'zstd-trunc' (compressionLevel=5, truncBits=1)...
  Appended results to /eagle/UIC-HPC/amy/zstdtrunc-sweep.20260218_230809/results.jsonl
  Running compressor 'zstd-trunc' (compressionLevel=5, truncBits=1)...
  Appended results to /eagle/UIC-HPC/amy/zstdtrunc-sweep.20260218_230809/results.jsonl
  Running compressor 'zstd-trunc' (compressionLevel=5, truncBits=1)...
  Appended results to /eagle/UIC-HPC/amy/zstdtrunc-sweep.20260218_230809/results.jsonl
  Running compressor 'zstd-trunc' (compressionLevel=5, truncBits=1)...
  Appended results to /eagle/UIC-HPC/amy/zstdtrunc-sweep.20260218_230809/results.jsonl
  Running compressor 'zstd-trunc' (compressionLevel=5, truncBits=2)...
  Appended results to /eagle/UIC-HPC/amy/zstdtrunc-sweep.20260218_230809/results.jsonl
  Running compressor 'zstd-trunc' (compressionLevel=5, truncBits=2)...
  Appended results to /eagle/UIC-HPC/amy/zstdtrunc-sweep.20260218_230809/results.jsonl
  Running compressor 'zstd-trunc' (compressionLevel=5, truncBits=2)...
  Appended results to /eagle/UIC-HPC/amy/zstdtrunc-sweep.20260218_230809/results.jsonl
  Running compressor 'zstd-trunc' (compressionLevel=5, truncBits=2)...
  Appended results to /eagle/UIC-HPC/amy/zstdtrunc-sweep.20260218_230809/results.jsonl
  Running compressor 'zstd-trunc' (compressionLevel=5, truncBits=2)...
  Appended results to /eagle/UIC-HPC/amy/zstdtrunc-sweep.20260218_230809/results.jsonl
  Running compressor 'zstd-trunc' (compressionLevel=5, truncBits=2)...
  Appended results to /eagle/UIC-HPC/amy/zstdtrunc-sweep.20260218_230809/results.jsonl
  Running compressor 'zstd-trunc' (compressionLevel=5, truncBits=2)...
  Appended results to /eagle/UIC-HPC/amy/zstdtrunc-sweep.20260218_230809/results.jsonl
  Running compressor 'zstd-trunc' (compressionLevel=5, truncBits=2)...
  Appended results to /eagle/UIC-HPC/amy/zstdtrunc-sweep.20260218_230809/results.jsonl
  Running compressor 'zstd-trunc' (compressionLevel=5, truncBits=2)...
  Appended results to /eagle/UIC-HPC/amy/zstdtrunc-sweep.20260218_230809/results.jsonl
  Running compressor 'zstd-trunc' (compressionLevel=5, truncBits=2)...
  Appended results to /eagle/UIC-HPC/amy/zstdtrunc-sweep.20260218_230809/results.jsonl
  Running compressor 'zstd-trunc' (compressionLevel=5, truncBits=2)...
  Appended results to /eagle/UIC-HPC/amy/zstdtrunc-sweep.20260218_230809/results.jsonl
  Running compressor 'zstd-trunc' (compressionLevel=5, truncBits=3)...
  Appended results to /eagle/UIC-HPC/amy/zstdtrunc-sweep.20260218_230809/results.jsonl
  Running compressor 'zstd-trunc' (compressionLevel=5, truncBits=3)...
  Appended results to /eagle/UIC-HPC/amy/zstdtrunc-sweep.20260218_230809/results.jsonl
  Running compressor 'zstd-trunc' (compressionLevel=5, truncBits=3)...
  Appended results to /eagle/UIC-HPC/amy/zstdtrunc-sweep.20260218_230809/results.jsonl
  Running compressor 'zstd-trunc' (compressionLevel=5, truncBits=3)...
  Appended results to /eagle/UIC-HPC/amy/zstdtrunc-sweep.20260218_230809/results.jsonl
  Running compressor 'zstd-trunc' (compressionLevel=5, truncBits=3)...
  Appended results to /eagle/UIC-HPC/amy/zstdtrunc-sweep.20260218_230809/results.jsonl
  Running compressor 'zstd-trunc' (compressionLevel=5, truncBits=3)...
  Appended results to /eagle/UIC-HPC/amy/zstdtrunc-sweep.20260218_230809/results.jsonl
  Running compressor 'zstd-trunc' (compressionLevel=5, truncBits=3)...
  Appended results to /eagle/UIC-HPC/amy/zstdtrunc-sweep.20260218_230809/results.jsonl
  Running compressor 'zstd-trunc' (compressionLevel=5, truncBits=3)...
  Appended results to /eagle/UIC-HPC/amy/zstdtrunc-sweep.20260218_230809/results.jsonl
  Running compressor 'zstd-trunc' (compressionLevel=5, truncBits=3)...
  Appended results to /eagle/UIC-HPC/amy/zstdtrunc-sweep.20260218_230809/results.jsonl
  Running compressor 'zstd-trunc' (compressionLevel=5, truncBits=3)...
  Appended results to /eagle/UIC-HPC/amy/zstdtrunc-sweep.20260218_230809/results.jsonl
  Running compressor 'zstd-trunc' (compressionLevel=5, truncBits=3)...
  Appended results to /eagle/UIC-HPC/amy/zstdtrunc-sweep.20260218_230809/results.jsonl
  Running compressor 'zstd-trunc' (compressionLevel=5, truncBits=4)...
  Appended results to /eagle/UIC-HPC/amy/zstdtrunc-sweep.20260218_230809/results.jsonl
  Running compressor 'zstd-trunc' (compressionLevel=5, truncBits=4)...
  Appended results to /eagle/UIC-HPC/amy/zstdtrunc-sweep.20260218_230809/results.jsonl
  Running compressor 'zstd-trunc' (compressionLevel=5, truncBits=4)...
  Appended results to /eagle/UIC-HPC/amy/zstdtrunc-sweep.20260218_230809/results.jsonl
  Running compressor 'zstd-trunc' (compressionLevel=5, truncBits=4)...
  Appended results to /eagle/UIC-HPC/amy/zstdtrunc-sweep.20260218_230809/results.jsonl
  Running compressor 'zstd-trunc' (compressionLevel=5, truncBits=4)...
  Appended results to /eagle/UIC-HPC/amy/zstdtrunc-sweep.20260218_230809/results.jsonl
  Running compressor 'zstd-trunc' (compressionLevel=5, truncBits=4)...
  Appended results to /eagle/UIC-HPC/amy/zstdtrunc-sweep.20260218_230809/results.jsonl
  Running compressor 'zstd-trunc' (compressionLevel=5, truncBits=4)...
  Appended results to /eagle/UIC-HPC/amy/zstdtrunc-sweep.20260218_230809/results.jsonl
  Running compressor 'zstd-trunc' (compressionLevel=5, truncBits=4)...
  Appended results to /eagle/UIC-HPC/amy/zstdtrunc-sweep.20260218_230809/results.jsonl
  Running compressor 'zstd-trunc' (compressionLevel=5, truncBits=4)...
  Appended results to /eagle/UIC-HPC/amy/zstdtrunc-sweep.20260218_230809/results.jsonl
  Running compressor 'zstd-trunc' (compressionLevel=5, truncBits=4)...
  Appended results to /eagle/UIC-HPC/amy/zstdtrunc-sweep.20260218_230809/results.jsonl
  Running compressor 'zstd-trunc' (compressionLevel=5, truncBits=4)...
  Appended results to /eagle/UIC-HPC/amy/zstdtrunc-sweep.20260218_230809/results.jsonl
  Running compressor 'zstd-trunc' (compressionLevel=5, truncBits=5)...
  Appended results to /eagle/UIC-HPC/amy/zstdtrunc-sweep.20260218_230809/results.jsonl
  Running compressor 'zstd-trunc' (compressionLevel=5, truncBits=5)...
  Appended results to /eagle/UIC-HPC/amy/zstdtrunc-sweep.20260218_230809/results.jsonl
  Running compressor 'zstd-trunc' (compressionLevel=5, truncBits=5)...
  Appended results to /eagle/UIC-HPC/amy/zstdtrunc-sweep.20260218_230809/results.jsonl
  Running compressor 'zstd-trunc' (compressionLevel=5, truncBits=5)...
  Appended results to /eagle/UIC-HPC/amy/zstdtrunc-sweep.20260218_230809/results.jsonl
  Running compressor 'zstd-trunc' (compressionLevel=5, truncBits=5)...
  Appended results to /eagle/UIC-HPC/amy/zstdtrunc-sweep.20260218_230809/results.jsonl
  Running compressor 'zstd-trunc' (compressionLevel=5, truncBits=5)...
  Appended results to /eagle/UIC-HPC/amy/zstdtrunc-sweep.20260218_230809/results.jsonl
  Running compressor 'zstd-trunc' (compressionLevel=5, truncBits=5)...
  Appended results to /eagle/UIC-HPC/amy/zstdtrunc-sweep.20260218_230809/results.jsonl
  Running compressor 'zstd-trunc' (compressionLevel=5, truncBits=5)...
  Appended results to /eagle/UIC-HPC/amy/zstdtrunc-sweep.20260218_230809/results.jsonl
  Running compressor 'zstd-trunc' (compressionLevel=5, truncBits=5)...
  Appended results to /eagle/UIC-HPC/amy/zstdtrunc-sweep.20260218_230809/results.jsonl
  Running compressor 'zstd-trunc' (compressionLevel=5, truncBits=5)...
  Appended results to /eagle/UIC-HPC/amy/zstdtrunc-sweep.20260218_230809/results.jsonl
  Running compressor 'zstd-trunc' (compressionLevel=5, truncBits=5)...
  Appended results to /eagle/UIC-HPC/amy/zstdtrunc-sweep.20260218_230809/results.jsonl
  Running compressor 'zstd-trunc' (compressionLevel=5, truncBits=6)...
  Appended results to /eagle/UIC-HPC/amy/zstdtrunc-sweep.20260218_230809/results.jsonl
  Running compressor 'zstd-trunc' (compressionLevel=5, truncBits=6)...
  Appended results to /eagle/UIC-HPC/amy/zstdtrunc-sweep.20260218_230809/results.jsonl
  Running compressor 'zstd-trunc' (compressionLevel=5, truncBits=6)...
  Appended results to /eagle/UIC-HPC/amy/zstdtrunc-sweep.20260218_230809/results.jsonl
  Running compressor 'zstd-trunc' (compressionLevel=5, truncBits=6)...
  Appended results to /eagle/UIC-HPC/amy/zstdtrunc-sweep.20260218_230809/results.jsonl
  Running compressor 'zstd-trunc' (compressionLevel=5, truncBits=6)...
  Appended results to /eagle/UIC-HPC/amy/zstdtrunc-sweep.20260218_230809/results.jsonl
  Running compressor 'zstd-trunc' (compressionLevel=5, truncBits=6)...
  Appended results to /eagle/UIC-HPC/amy/zstdtrunc-sweep.20260218_230809/results.jsonl
  Running compressor 'zstd-trunc' (compressionLevel=5, truncBits=6)...
  Appended results to /eagle/UIC-HPC/amy/zstdtrunc-sweep.20260218_230809/results.jsonl
  Running compressor 'zstd-trunc' (compressionLevel=5, truncBits=6)...
  Appended results to /eagle/UIC-HPC/amy/zstdtrunc-sweep.20260218_230809/results.jsonl
  Running compressor 'zstd-trunc' (compressionLevel=5, truncBits=6)...
  Appended results to /eagle/UIC-HPC/amy/zstdtrunc-sweep.20260218_230809/results.jsonl
  Running compressor 'zstd-trunc' (compressionLevel=5, truncBits=6)...
  Appended results to /eagle/UIC-HPC/amy/zstdtrunc-sweep.20260218_230809/results.jsonl
  Running compressor 'zstd-trunc' (compressionLevel=5, truncBits=6)...
  Appended results to /eagle/UIC-HPC/amy/zstdtrunc-sweep.20260218_230809/results.jsonl
  Running compressor 'zstd-trunc' (compressionLevel=5, truncBits=7)...
  Appended results to /eagle/UIC-HPC/amy/zstdtrunc-sweep.20260218_230809/results.jsonl
  Running compressor 'zstd-trunc' (compressionLevel=5, truncBits=7)...
  Appended results to /eagle/UIC-HPC/amy/zstdtrunc-sweep.20260218_230809/results.jsonl
  Running compressor 'zstd-trunc' (compressionLevel=5, truncBits=7)...
  Appended results to /eagle/UIC-HPC/amy/zstdtrunc-sweep.20260218_230809/results.jsonl
  Running compressor 'zstd-trunc' (compressionLevel=5, truncBits=7)...
  Appended results to /eagle/UIC-HPC/amy/zstdtrunc-sweep.20260218_230809/results.jsonl
  Running compressor 'zstd-trunc' (compressionLevel=5, truncBits=7)...
  Appended results to /eagle/UIC-HPC/amy/zstdtrunc-sweep.20260218_230809/results.jsonl
  Running compressor 'zstd-trunc' (compressionLevel=5, truncBits=7)...
  Appended results to /eagle/UIC-HPC/amy/zstdtrunc-sweep.20260218_230809/results.jsonl
  Running compressor 'zstd-trunc' (compressionLevel=5, truncBits=7)...
  Appended results to /eagle/UIC-HPC/amy/zstdtrunc-sweep.20260218_230809/results.jsonl
  Running compressor 'zstd-trunc' (compressionLevel=5, truncBits=7)...
  Appended results to /eagle/UIC-HPC/amy/zstdtrunc-sweep.20260218_230809/results.jsonl
  Running compressor 'zstd-trunc' (compressionLevel=5, truncBits=7)...
  Appended results to /eagle/UIC-HPC/amy/zstdtrunc-sweep.20260218_230809/results.jsonl
  Running compressor 'zstd-trunc' (compressionLevel=5, truncBits=7)...
  Appended results to /eagle/UIC-HPC/amy/zstdtrunc-sweep.20260218_230809/results.jsonl
  Running compressor 'zstd-trunc' (compressionLevel=5, truncBits=7)...
  Appended results to /eagle/UIC-HPC/amy/zstdtrunc-sweep.20260218_230809/results.jsonl
  Running compressor 'zstd-trunc' (compressionLevel=5, truncBits=8)...
  Appended results to /eagle/UIC-HPC/amy/zstdtrunc-sweep.20260218_230809/results.jsonl
  Running compressor 'zstd-trunc' (compressionLevel=5, truncBits=8)...
  Appended results to /eagle/UIC-HPC/amy/zstdtrunc-sweep.20260218_230809/results.jsonl
  Running compressor 'zstd-trunc' (compressionLevel=5, truncBits=8)...
  Appended results to /eagle/UIC-HPC/amy/zstdtrunc-sweep.20260218_230809/results.jsonl
  Running compressor 'zstd-trunc' (compressionLevel=5, truncBits=8)...
  Appended results to /eagle/UIC-HPC/amy/zstdtrunc-sweep.20260218_230809/results.jsonl
  Running compressor 'zstd-trunc' (compressionLevel=5, truncBits=8)...
  Appended results to /eagle/UIC-HPC/amy/zstdtrunc-sweep.20260218_230809/results.jsonl
  Running compressor 'zstd-trunc' (compressionLevel=5, truncBits=8)...
  Appended results to /eagle/UIC-HPC/amy/zstdtrunc-sweep.20260218_230809/results.jsonl
  Running compressor 'zstd-trunc' (compressionLevel=5, truncBits=8)...
  Appended results to /eagle/UIC-HPC/amy/zstdtrunc-sweep.20260218_230809/results.jsonl
  Running compressor 'zstd-trunc' (compressionLevel=5, truncBits=8)...
  Appended results to /eagle/UIC-HPC/amy/zstdtrunc-sweep.20260218_230809/results.jsonl
  Running compressor 'zstd-trunc' (compressionLevel=5, truncBits=8)...
  Appended results to /eagle/UIC-HPC/amy/zstdtrunc-sweep.20260218_230809/results.jsonl
  Running compressor 'zstd-trunc' (compressionLevel=5, truncBits=8)...
  Appended results to /eagle/UIC-HPC/amy/zstdtrunc-sweep.20260218_230809/results.jsonl
  Running compressor 'zstd-trunc' (compressionLevel=5, truncBits=8)...
  Appended results to /eagle/UIC-HPC/amy/zstdtrunc-sweep.20260218_230809/results.jsonl
  Running compressor 'zstd-trunc' (compressionLevel=5, truncBits=9)...
  Appended results to /eagle/UIC-HPC/amy/zstdtrunc-sweep.20260218_230809/results.jsonl
  Running compressor 'zstd-trunc' (compressionLevel=5, truncBits=9)...
  Appended results to /eagle/UIC-HPC/amy/zstdtrunc-sweep.20260218_230809/results.jsonl
  Running compressor 'zstd-trunc' (compressionLevel=5, truncBits=9)...
  Appended results to /eagle/UIC-HPC/amy/zstdtrunc-sweep.20260218_230809/results.jsonl
  Running compressor 'zstd-trunc' (compressionLevel=5, truncBits=9)...
  Appended results to /eagle/UIC-HPC/amy/zstdtrunc-sweep.20260218_230809/results.jsonl
  Running compressor 'zstd-trunc' (compressionLevel=5, truncBits=9)...
  Appended results to /eagle/UIC-HPC/amy/zstdtrunc-sweep.20260218_230809/results.jsonl
  Running compressor 'zstd-trunc' (compressionLevel=5, truncBits=9)...
  Appended results to /eagle/UIC-HPC/amy/zstdtrunc-sweep.20260218_230809/results.jsonl
  Running compressor 'zstd-trunc' (compressionLevel=5, truncBits=9)...
  Appended results to /eagle/UIC-HPC/amy/zstdtrunc-sweep.20260218_230809/results.jsonl
  Running compressor 'zstd-trunc' (compressionLevel=5, truncBits=9)...
  Appended results to /eagle/UIC-HPC/amy/zstdtrunc-sweep.20260218_230809/results.jsonl
  Running compressor 'zstd-trunc' (compressionLevel=5, truncBits=9)...
  Appended results to /eagle/UIC-HPC/amy/zstdtrunc-sweep.20260218_230809/results.jsonl
  Running compressor 'zstd-trunc' (compressionLevel=5, truncBits=9)...
  Appended results to /eagle/UIC-HPC/amy/zstdtrunc-sweep.20260218_230809/results.jsonl
  Running compressor 'zstd-trunc' (compressionLevel=5, truncBits=9)...
  Appended results to /eagle/UIC-HPC/amy/zstdtrunc-sweep.20260218_230809/results.jsonl
  Running compressor 'zstd-trunc' (compressionLevel=5, truncBits=10)...
  Appended results to /eagle/UIC-HPC/amy/zstdtrunc-sweep.20260218_230809/results.jsonl
  Running compressor 'zstd-trunc' (compressionLevel=5, truncBits=10)...
  Appended results to /eagle/UIC-HPC/amy/zstdtrunc-sweep.20260218_230809/results.jsonl
  Running compressor 'zstd-trunc' (compressionLevel=5, truncBits=10)...
  Appended results to /eagle/UIC-HPC/amy/zstdtrunc-sweep.20260218_230809/results.jsonl
  Running compressor 'zstd-trunc' (compressionLevel=5, truncBits=10)...
  Appended results to /eagle/UIC-HPC/amy/zstdtrunc-sweep.20260218_230809/results.jsonl
  Running compressor 'zstd-trunc' (compressionLevel=5, truncBits=10)...
  Appended results to /eagle/UIC-HPC/amy/zstdtrunc-sweep.20260218_230809/results.jsonl
  Running compressor 'zstd-trunc' (compressionLevel=5, truncBits=10)...
  Appended results to /eagle/UIC-HPC/amy/zstdtrunc-sweep.20260218_230809/results.jsonl
  Running compressor 'zstd-trunc' (compressionLevel=5, truncBits=10)...
  Appended results to /eagle/UIC-HPC/amy/zstdtrunc-sweep.20260218_230809/results.jsonl
  Running compressor 'zstd-trunc' (compressionLevel=5, truncBits=10)...
  Appended results to /eagle/UIC-HPC/amy/zstdtrunc-sweep.20260218_230809/results.jsonl
  Running compressor 'zstd-trunc' (compressionLevel=5, truncBits=10)...
  Appended results to /eagle/UIC-HPC/amy/zstdtrunc-sweep.20260218_230809/results.jsonl
  Running compressor 'zstd-trunc' (compressionLevel=5, truncBits=10)...
  Appended results to /eagle/UIC-HPC/amy/zstdtrunc-sweep.20260218_230809/results.jsonl
  Running compressor 'zstd-trunc' (compressionLevel=5, truncBits=10)...
  Appended results to /eagle/UIC-HPC/amy/zstdtrunc-sweep.20260218_230809/results.jsonl
  Running compressor 'zstd-trunc' (compressionLevel=5, truncBits=11)...
  Appended results to /eagle/UIC-HPC/amy/zstdtrunc-sweep.20260218_230809/results.jsonl
  Running compressor 'zstd-trunc' (compressionLevel=5, truncBits=11)...
  Appended results to /eagle/UIC-HPC/amy/zstdtrunc-sweep.20260218_230809/results.jsonl
  Running compressor 'zstd-trunc' (compressionLevel=5, truncBits=11)...
  Appended results to /eagle/UIC-HPC/amy/zstdtrunc-sweep.20260218_230809/results.jsonl
  Running compressor 'zstd-trunc' (compressionLevel=5, truncBits=11)...
  Appended results to /eagle/UIC-HPC/amy/zstdtrunc-sweep.20260218_230809/results.jsonl
  Running compressor 'zstd-trunc' (compressionLevel=5, truncBits=11)...
  Appended results to /eagle/UIC-HPC/amy/zstdtrunc-sweep.20260218_230809/results.jsonl
  Running compressor 'zstd-trunc' (compressionLevel=5, truncBits=11)...
  Appended results to /eagle/UIC-HPC/amy/zstdtrunc-sweep.20260218_230809/results.jsonl
  Running compressor 'zstd-trunc' (compressionLevel=5, truncBits=11)...
  Appended results to /eagle/UIC-HPC/amy/zstdtrunc-sweep.20260218_230809/results.jsonl
  Running compressor 'zstd-trunc' (compressionLevel=5, truncBits=11)...
  Appended results to /eagle/UIC-HPC/amy/zstdtrunc-sweep.20260218_230809/results.jsonl
  Running compressor 'zstd-trunc' (compressionLevel=5, truncBits=11)...
  Appended results to /eagle/UIC-HPC/amy/zstdtrunc-sweep.20260218_230809/results.jsonl
  Running compressor 'zstd-trunc' (compressionLevel=5, truncBits=11)...
  Appended results to /eagle/UIC-HPC/amy/zstdtrunc-sweep.20260218_230809/results.jsonl
  Running compressor 'zstd-trunc' (compressionLevel=5, truncBits=11)...
  Appended results to /eagle/UIC-HPC/amy/zstdtrunc-sweep.20260218_230809/results.jsonl
  Running compressor 'zstd-trunc' (compressionLevel=5, truncBits=12)...
  Appended results to /eagle/UIC-HPC/amy/zstdtrunc-sweep.20260218_230809/results.jsonl
  Running compressor 'zstd-trunc' (compressionLevel=5, truncBits=12)...
  Appended results to /eagle/UIC-HPC/amy/zstdtrunc-sweep.20260218_230809/results.jsonl
  Running compressor 'zstd-trunc' (compressionLevel=5, truncBits=12)...
  Appended results to /eagle/UIC-HPC/amy/zstdtrunc-sweep.20260218_230809/results.jsonl
  Running compressor 'zstd-trunc' (compressionLevel=5, truncBits=12)...
  Appended results to /eagle/UIC-HPC/amy/zstdtrunc-sweep.20260218_230809/results.jsonl
  Running compressor 'zstd-trunc' (compressionLevel=5, truncBits=12)...
  Appended results to /eagle/UIC-HPC/amy/zstdtrunc-sweep.20260218_230809/results.jsonl
  Running compressor 'zstd-trunc' (compressionLevel=5, truncBits=12)...
  Appended results to /eagle/UIC-HPC/amy/zstdtrunc-sweep.20260218_230809/results.jsonl
  Running compressor 'zstd-trunc' (compressionLevel=5, truncBits=12)...
  Appended results to /eagle/UIC-HPC/amy/zstdtrunc-sweep.20260218_230809/results.jsonl
  Running compressor 'zstd-trunc' (compressionLevel=5, truncBits=12)...
  Appended results to /eagle/UIC-HPC/amy/zstdtrunc-sweep.20260218_230809/results.jsonl
  Running compressor 'zstd-trunc' (compressionLevel=5, truncBits=12)...
  Appended results to /eagle/UIC-HPC/amy/zstdtrunc-sweep.20260218_230809/results.jsonl
  Running compressor 'zstd-trunc' (compressionLevel=5, truncBits=12)...
  Appended results to /eagle/UIC-HPC/amy/zstdtrunc-sweep.20260218_230809/results.jsonl
  Running compressor 'zstd-trunc' (compressionLevel=5, truncBits=12)...
  Appended results to /eagle/UIC-HPC/amy/zstdtrunc-sweep.20260218_230809/results.jsonl
  Running compressor 'zstd-trunc' (compressionLevel=5, truncBits=13)...
  Appended results to /eagle/UIC-HPC/amy/zstdtrunc-sweep.20260218_230809/results.jsonl
  Running compressor 'zstd-trunc' (compressionLevel=5, truncBits=13)...
  Appended results to /eagle/UIC-HPC/amy/zstdtrunc-sweep.20260218_230809/results.jsonl
  Running compressor 'zstd-trunc' (compressionLevel=5, truncBits=13)...
  Appended results to /eagle/UIC-HPC/amy/zstdtrunc-sweep.20260218_230809/results.jsonl
  Running compressor 'zstd-trunc' (compressionLevel=5, truncBits=13)...
  Appended results to /eagle/UIC-HPC/amy/zstdtrunc-sweep.20260218_230809/results.jsonl
  Running compressor 'zstd-trunc' (compressionLevel=5, truncBits=13)...
  Appended results to /eagle/UIC-HPC/amy/zstdtrunc-sweep.20260218_230809/results.jsonl
  Running compressor 'zstd-trunc' (compressionLevel=5, truncBits=13)...
  Appended results to /eagle/UIC-HPC/amy/zstdtrunc-sweep.20260218_230809/results.jsonl
  Running compressor 'zstd-trunc' (compressionLevel=5, truncBits=13)...
  Appended results to /eagle/UIC-HPC/amy/zstdtrunc-sweep.20260218_230809/results.jsonl
  Running compressor 'zstd-trunc' (compressionLevel=5, truncBits=13)...
  Appended results to /eagle/UIC-HPC/amy/zstdtrunc-sweep.20260218_230809/results.jsonl
  Running compressor 'zstd-trunc' (compressionLevel=5, truncBits=13)...
  Appended results to /eagle/UIC-HPC/amy/zstdtrunc-sweep.20260218_230809/results.jsonl
  Running compressor 'zstd-trunc' (compressionLevel=5, truncBits=13)...
  Appended results to /eagle/UIC-HPC/amy/zstdtrunc-sweep.20260218_230809/results.jsonl
  Running compressor 'zstd-trunc' (compressionLevel=5, truncBits=13)...
  Appended results to /eagle/UIC-HPC/amy/zstdtrunc-sweep.20260218_230809/results.jsonl
  Running compressor 'zstd-trunc' (compressionLevel=5, truncBits=14)...
  Appended results to /eagle/UIC-HPC/amy/zstdtrunc-sweep.20260218_230809/results.jsonl
  Running compressor 'zstd-trunc' (compressionLevel=5, truncBits=14)...
  Appended results to /eagle/UIC-HPC/amy/zstdtrunc-sweep.20260218_230809/results.jsonl
  Running compressor 'zstd-trunc' (compressionLevel=5, truncBits=14)...
  Appended results to /eagle/UIC-HPC/amy/zstdtrunc-sweep.20260218_230809/results.jsonl
  Running compressor 'zstd-trunc' (compressionLevel=5, truncBits=14)...
  Appended results to /eagle/UIC-HPC/amy/zstdtrunc-sweep.20260218_230809/results.jsonl
  Running compressor 'zstd-trunc' (compressionLevel=5, truncBits=14)...
  Appended results to /eagle/UIC-HPC/amy/zstdtrunc-sweep.20260218_230809/results.jsonl
  Running compressor 'zstd-trunc' (compressionLevel=5, truncBits=14)...
  Appended results to /eagle/UIC-HPC/amy/zstdtrunc-sweep.20260218_230809/results.jsonl
  Running compressor 'zstd-trunc' (compressionLevel=5, truncBits=14)...
  Appended results to /eagle/UIC-HPC/amy/zstdtrunc-sweep.20260218_230809/results.jsonl
  Running compressor 'zstd-trunc' (compressionLevel=5, truncBits=14)...
  Appended results to /eagle/UIC-HPC/amy/zstdtrunc-sweep.20260218_230809/results.jsonl
  Running compressor 'zstd-trunc' (compressionLevel=5, truncBits=14)...
  Appended results to /eagle/UIC-HPC/amy/zstdtrunc-sweep.20260218_230809/results.jsonl
  Running compressor 'zstd-trunc' (compressionLevel=5, truncBits=14)...
  Appended results to /eagle/UIC-HPC/amy/zstdtrunc-sweep.20260218_230809/results.jsonl
  Running compressor 'zstd-trunc' (compressionLevel=5, truncBits=14)...
  Appended results to /eagle/UIC-HPC/amy/zstdtrunc-sweep.20260218_230809/results.jsonl
  Running compressor 'zstd-trunc' (compressionLevel=5, truncBits=15)...
  Appended results to /eagle/UIC-HPC/amy/zstdtrunc-sweep.20260218_230809/results.jsonl
  Running compressor 'zstd-trunc' (compressionLevel=5, truncBits=15)...
  Appended results to /eagle/UIC-HPC/amy/zstdtrunc-sweep.20260218_230809/results.jsonl
  Running compressor 'zstd-trunc' (compressionLevel=5, truncBits=15)...
  Appended results to /eagle/UIC-HPC/amy/zstdtrunc-sweep.20260218_230809/results.jsonl
  Running compressor 'zstd-trunc' (compressionLevel=5, truncBits=15)...
  Appended results to /eagle/UIC-HPC/amy/zstdtrunc-sweep.20260218_230809/results.jsonl
  Running compressor 'zstd-trunc' (compressionLevel=5, truncBits=15)...
  Appended results to /eagle/UIC-HPC/amy/zstdtrunc-sweep.20260218_230809/results.jsonl
  Running compressor 'zstd-trunc' (compressionLevel=5, truncBits=15)...
  Appended results to /eagle/UIC-HPC/amy/zstdtrunc-sweep.20260218_230809/results.jsonl
  Running compressor 'zstd-trunc' (compressionLevel=5, truncBits=15)...
  Appended results to /eagle/UIC-HPC/amy/zstdtrunc-sweep.20260218_230809/results.jsonl
  Running compressor 'zstd-trunc' (compressionLevel=5, truncBits=15)...
  Appended results to /eagle/UIC-HPC/amy/zstdtrunc-sweep.20260218_230809/results.jsonl
  Running compressor 'zstd-trunc' (compressionLevel=5, truncBits=15)...
  Appended results to /eagle/UIC-HPC/amy/zstdtrunc-sweep.20260218_230809/results.jsonl
  Running compressor 'zstd-trunc' (compressionLevel=5, truncBits=15)...
  Appended results to /eagle/UIC-HPC/amy/zstdtrunc-sweep.20260218_230809/results.jsonl
  Running compressor 'zstd-trunc' (compressionLevel=5, truncBits=15)...
  Appended results to /eagle/UIC-HPC/amy/zstdtrunc-sweep.20260218_230809/results.jsonl
  Running compressor 'zstd-trunc' (compressionLevel=5, truncBits=16)...
  Appended results to /eagle/UIC-HPC/amy/zstdtrunc-sweep.20260218_230809/results.jsonl
  Running compressor 'zstd-trunc' (compressionLevel=5, truncBits=16)...
  Appended results to /eagle/UIC-HPC/amy/zstdtrunc-sweep.20260218_230809/results.jsonl
  Running compressor 'zstd-trunc' (compressionLevel=5, truncBits=16)...
  Appended results to /eagle/UIC-HPC/amy/zstdtrunc-sweep.20260218_230809/results.jsonl
  Running compressor 'zstd-trunc' (compressionLevel=5, truncBits=16)...
  Appended results to /eagle/UIC-HPC/amy/zstdtrunc-sweep.20260218_230809/results.jsonl
  Running compressor 'zstd-trunc' (compressionLevel=5, truncBits=16)...
  Appended results to /eagle/UIC-HPC/amy/zstdtrunc-sweep.20260218_230809/results.jsonl
  Running compressor 'zstd-trunc' (compressionLevel=5, truncBits=16)...
  Appended results to /eagle/UIC-HPC/amy/zstdtrunc-sweep.20260218_230809/results.jsonl
  Running compressor 'zstd-trunc' (compressionLevel=5, truncBits=16)...
  Appended results to /eagle/UIC-HPC/amy/zstdtrunc-sweep.20260218_230809/results.jsonl
  Running compressor 'zstd-trunc' (compressionLevel=5, truncBits=16)...
  Appended results to /eagle/UIC-HPC/amy/zstdtrunc-sweep.20260218_230809/results.jsonl
  Running compressor 'zstd-trunc' (compressionLevel=5, truncBits=16)...
  Appended results to /eagle/UIC-HPC/amy/zstdtrunc-sweep.20260218_230809/results.jsonl
  Running compressor 'zstd-trunc' (compressionLevel=5, truncBits=16)...
  Appended results to /eagle/UIC-HPC/amy/zstdtrunc-sweep.20260218_230809/results.jsonl
  Running compressor 'zstd-trunc' (compressionLevel=5, truncBits=16)...
  Appended results to /eagle/UIC-HPC/amy/zstdtrunc-sweep.20260218_230809/results.jsonl
  Running compressor 'zstd-trunc' (compressionLevel=5, truncBits=17)...
  Appended results to /eagle/UIC-HPC/amy/zstdtrunc-sweep.20260218_230809/results.jsonl
  Running compressor 'zstd-trunc' (compressionLevel=5, truncBits=17)...
  Appended results to /eagle/UIC-HPC/amy/zstdtrunc-sweep.20260218_230809/results.jsonl
  Running compressor 'zstd-trunc' (compressionLevel=5, truncBits=17)...
  Appended results to /eagle/UIC-HPC/amy/zstdtrunc-sweep.20260218_230809/results.jsonl
  Running compressor 'zstd-trunc' (compressionLevel=5, truncBits=17)...
  Appended results to /eagle/UIC-HPC/amy/zstdtrunc-sweep.20260218_230809/results.jsonl
  Running compressor 'zstd-trunc' (compressionLevel=5, truncBits=17)...
  Appended results to /eagle/UIC-HPC/amy/zstdtrunc-sweep.20260218_230809/results.jsonl
  Running compressor 'zstd-trunc' (compressionLevel=5, truncBits=17)...
  Appended results to /eagle/UIC-HPC/amy/zstdtrunc-sweep.20260218_230809/results.jsonl
  Running compressor 'zstd-trunc' (compressionLevel=5, truncBits=17)...
  Appended results to /eagle/UIC-HPC/amy/zstdtrunc-sweep.20260218_230809/results.jsonl
  Running compressor 'zstd-trunc' (compressionLevel=5, truncBits=17)...
  Appended results to /eagle/UIC-HPC/amy/zstdtrunc-sweep.20260218_230809/results.jsonl
  Running compressor 'zstd-trunc' (compressionLevel=5, truncBits=17)...
  Appended results to /eagle/UIC-HPC/amy/zstdtrunc-sweep.20260218_230809/results.jsonl
  Running compressor 'zstd-trunc' (compressionLevel=5, truncBits=17)...
  Appended results to /eagle/UIC-HPC/amy/zstdtrunc-sweep.20260218_230809/results.jsonl
  Running compressor 'zstd-trunc' (compressionLevel=5, truncBits=17)...
  Appended results to /eagle/UIC-HPC/amy/zstdtrunc-sweep.20260218_230809/results.jsonl
  Running compressor 'zstd-trunc' (compressionLevel=5, truncBits=18)...
  Appended results to /eagle/UIC-HPC/amy/zstdtrunc-sweep.20260218_230809/results.jsonl
  Running compressor 'zstd-trunc' (compressionLevel=5, truncBits=18)...
  Appended results to /eagle/UIC-HPC/amy/zstdtrunc-sweep.20260218_230809/results.jsonl
  Running compressor 'zstd-trunc' (compressionLevel=5, truncBits=18)...
  Appended results to /eagle/UIC-HPC/amy/zstdtrunc-sweep.20260218_230809/results.jsonl
  Running compressor 'zstd-trunc' (compressionLevel=5, truncBits=18)...
  Appended results to /eagle/UIC-HPC/amy/zstdtrunc-sweep.20260218_230809/results.jsonl
  Running compressor 'zstd-trunc' (compressionLevel=5, truncBits=18)...
  Appended results to /eagle/UIC-HPC/amy/zstdtrunc-sweep.20260218_230809/results.jsonl
  Running compressor 'zstd-trunc' (compressionLevel=5, truncBits=18)...
  Appended results to /eagle/UIC-HPC/amy/zstdtrunc-sweep.20260218_230809/results.jsonl
  Running compressor 'zstd-trunc' (compressionLevel=5, truncBits=18)...
  Appended results to /eagle/UIC-HPC/amy/zstdtrunc-sweep.20260218_230809/results.jsonl
  Running compressor 'zstd-trunc' (compressionLevel=5, truncBits=18)...
  Appended results to /eagle/UIC-HPC/amy/zstdtrunc-sweep.20260218_230809/results.jsonl
  Running compressor 'zstd-trunc' (compressionLevel=5, truncBits=18)...
  Appended results to /eagle/UIC-HPC/amy/zstdtrunc-sweep.20260218_230809/results.jsonl
  Running compressor 'zstd-trunc' (compressionLevel=5, truncBits=18)...
  Appended results to /eagle/UIC-HPC/amy/zstdtrunc-sweep.20260218_230809/results.jsonl
  Running compressor 'zstd-trunc' (compressionLevel=5, truncBits=18)...
  Appended results to /eagle/UIC-HPC/amy/zstdtrunc-sweep.20260218_230809/results.jsonl
  Running compressor 'zstd-trunc' (compressionLevel=5, truncBits=19)...
  Appended results to /eagle/UIC-HPC/amy/zstdtrunc-sweep.20260218_230809/results.jsonl
  Running compressor 'zstd-trunc' (compressionLevel=5, truncBits=19)...
  Appended results to /eagle/UIC-HPC/amy/zstdtrunc-sweep.20260218_230809/results.jsonl
  Running compressor 'zstd-trunc' (compressionLevel=5, truncBits=19)...
  Appended results to /eagle/UIC-HPC/amy/zstdtrunc-sweep.20260218_230809/results.jsonl
  Running compressor 'zstd-trunc' (compressionLevel=5, truncBits=19)...
  Appended results to /eagle/UIC-HPC/amy/zstdtrunc-sweep.20260218_230809/results.jsonl
  Running compressor 'zstd-trunc' (compressionLevel=5, truncBits=19)...
  Appended results to /eagle/UIC-HPC/amy/zstdtrunc-sweep.20260218_230809/results.jsonl
  Running compressor 'zstd-trunc' (compressionLevel=5, truncBits=19)...
  Appended results to /eagle/UIC-HPC/amy/zstdtrunc-sweep.20260218_230809/results.jsonl
  Running compressor 'zstd-trunc' (compressionLevel=5, truncBits=19)...
  Appended results to /eagle/UIC-HPC/amy/zstdtrunc-sweep.20260218_230809/results.jsonl
  Running compressor 'zstd-trunc' (compressionLevel=5, truncBits=19)...
  Appended results to /eagle/UIC-HPC/amy/zstdtrunc-sweep.20260218_230809/results.jsonl
  Running compressor 'zstd-trunc' (compressionLevel=5, truncBits=19)...
  Appended results to /eagle/UIC-HPC/amy/zstdtrunc-sweep.20260218_230809/results.jsonl
  Running compressor 'zstd-trunc' (compressionLevel=5, truncBits=19)...
  Appended results to /eagle/UIC-HPC/amy/zstdtrunc-sweep.20260218_230809/results.jsonl
  Running compressor 'zstd-trunc' (compressionLevel=5, truncBits=19)...
  Appended results to /eagle/UIC-HPC/amy/zstdtrunc-sweep.20260218_230809/results.jsonl
  Running compressor 'zstd-trunc' (compressionLevel=5, truncBits=20)...
  Appended results to /eagle/UIC-HPC/amy/zstdtrunc-sweep.20260218_230809/results.jsonl
  Running compressor 'zstd-trunc' (compressionLevel=5, truncBits=20)...
  Appended results to /eagle/UIC-HPC/amy/zstdtrunc-sweep.20260218_230809/results.jsonl
  Running compressor 'zstd-trunc' (compressionLevel=5, truncBits=20)...
  Appended results to /eagle/UIC-HPC/amy/zstdtrunc-sweep.20260218_230809/results.jsonl
  Running compressor 'zstd-trunc' (compressionLevel=5, truncBits=20)...
  Appended results to /eagle/UIC-HPC/amy/zstdtrunc-sweep.20260218_230809/results.jsonl
  Running compressor 'zstd-trunc' (compressionLevel=5, truncBits=20)...
  Appended results to /eagle/UIC-HPC/amy/zstdtrunc-sweep.20260218_230809/results.jsonl
  Running compressor 'zstd-trunc' (compressionLevel=5, truncBits=20)...
  Appended results to /eagle/UIC-HPC/amy/zstdtrunc-sweep.20260218_230809/results.jsonl
  Running compressor 'zstd-trunc' (compressionLevel=5, truncBits=20)...
  Appended results to /eagle/UIC-HPC/amy/zstdtrunc-sweep.20260218_230809/results.jsonl
  Running compressor 'zstd-trunc' (compressionLevel=5, truncBits=20)...
  Appended results to /eagle/UIC-HPC/amy/zstdtrunc-sweep.20260218_230809/results.jsonl
  Running compressor 'zstd-trunc' (compressionLevel=5, truncBits=20)...
  Appended results to /eagle/UIC-HPC/amy/zstdtrunc-sweep.20260218_230809/results.jsonl
  Running compressor 'zstd-trunc' (compressionLevel=5, truncBits=20)...
  Appended results to /eagle/UIC-HPC/amy/zstdtrunc-sweep.20260218_230809/results.jsonl
  Running compressor 'zstd-trunc' (compressionLevel=5, truncBits=20)...
  Appended results to /eagle/UIC-HPC/amy/zstdtrunc-sweep.20260218_230809/results.jsonl
  Running compressor 'zstd-trunc' (compressionLevel=5, truncBits=21)...
  Appended results to /eagle/UIC-HPC/amy/zstdtrunc-sweep.20260218_230809/results.jsonl
  Running compressor 'zstd-trunc' (compressionLevel=5, truncBits=21)...
  Appended results to /eagle/UIC-HPC/amy/zstdtrunc-sweep.20260218_230809/results.jsonl
  Running compressor 'zstd-trunc' (compressionLevel=5, truncBits=21)...
  Appended results to /eagle/UIC-HPC/amy/zstdtrunc-sweep.20260218_230809/results.jsonl
  Running compressor 'zstd-trunc' (compressionLevel=5, truncBits=21)...
  Appended results to /eagle/UIC-HPC/amy/zstdtrunc-sweep.20260218_230809/results.jsonl
  Running compressor 'zstd-trunc' (compressionLevel=5, truncBits=21)...
  Appended results to /eagle/UIC-HPC/amy/zstdtrunc-sweep.20260218_230809/results.jsonl
  Running compressor 'zstd-trunc' (compressionLevel=5, truncBits=21)...
  Appended results to /eagle/UIC-HPC/amy/zstdtrunc-sweep.20260218_230809/results.jsonl
  Running compressor 'zstd-trunc' (compressionLevel=5, truncBits=21)...
  Appended results to /eagle/UIC-HPC/amy/zstdtrunc-sweep.20260218_230809/results.jsonl
  Running compressor 'zstd-trunc' (compressionLevel=5, truncBits=21)...
  Appended results to /eagle/UIC-HPC/amy/zstdtrunc-sweep.20260218_230809/results.jsonl
  Running compressor 'zstd-trunc' (compressionLevel=5, truncBits=21)...
  Appended results to /eagle/UIC-HPC/amy/zstdtrunc-sweep.20260218_230809/results.jsonl
  Running compressor 'zstd-trunc' (compressionLevel=5, truncBits=21)...
  Appended results to /eagle/UIC-HPC/amy/zstdtrunc-sweep.20260218_230809/results.jsonl
  Running compressor 'zstd-trunc' (compressionLevel=5, truncBits=21)...
  Appended results to /eagle/UIC-HPC/amy/zstdtrunc-sweep.20260218_230809/results.jsonl
  Running compressor 'zstd-trunc' (compressionLevel=5, truncBits=22)...
  Appended results to /eagle/UIC-HPC/amy/zstdtrunc-sweep.20260218_230809/results.jsonl
  Running compressor 'zstd-trunc' (compressionLevel=5, truncBits=22)...
  Appended results to /eagle/UIC-HPC/amy/zstdtrunc-sweep.20260218_230809/results.jsonl
  Running compressor 'zstd-trunc' (compressionLevel=5, truncBits=22)...
  Appended results to /eagle/UIC-HPC/amy/zstdtrunc-sweep.20260218_230809/results.jsonl
  Running compressor 'zstd-trunc' (compressionLevel=5, truncBits=22)...
  Appended results to /eagle/UIC-HPC/amy/zstdtrunc-sweep.20260218_230809/results.jsonl
  Running compressor 'zstd-trunc' (compressionLevel=5, truncBits=22)...
  Appended results to /eagle/UIC-HPC/amy/zstdtrunc-sweep.20260218_230809/results.jsonl
  Running compressor 'zstd-trunc' (compressionLevel=5, truncBits=22)...
  Appended results to /eagle/UIC-HPC/amy/zstdtrunc-sweep.20260218_230809/results.jsonl
  Running compressor 'zstd-trunc' (compressionLevel=5, truncBits=22)...
  Appended results to /eagle/UIC-HPC/amy/zstdtrunc-sweep.20260218_230809/results.jsonl
  Running compressor 'zstd-trunc' (compressionLevel=5, truncBits=22)...
  Appended results to /eagle/UIC-HPC/amy/zstdtrunc-sweep.20260218_230809/results.jsonl
  Running compressor 'zstd-trunc' (compressionLevel=5, truncBits=22)...
  Appended results to /eagle/UIC-HPC/amy/zstdtrunc-sweep.20260218_230809/results.jsonl
  Running compressor 'zstd-trunc' (compressionLevel=5, truncBits=22)...
  Appended results to /eagle/UIC-HPC/amy/zstdtrunc-sweep.20260218_230809/results.jsonl
  Running compressor 'zstd-trunc' (compressionLevel=5, truncBits=22)...
  Appended results to /eagle/UIC-HPC/amy/zstdtrunc-sweep.20260218_230809/results.jsonl
  Running compressor 'zstd-trunc' (compressionLevel=5, truncBits=23)...
  Appended results to /eagle/UIC-HPC/amy/zstdtrunc-sweep.20260218_230809/results.jsonl
  Running compressor 'zstd-trunc' (compressionLevel=5, truncBits=23)...
  Appended results to /eagle/UIC-HPC/amy/zstdtrunc-sweep.20260218_230809/results.jsonl
  Running compressor 'zstd-trunc' (compressionLevel=5, truncBits=23)...
  Appended results to /eagle/UIC-HPC/amy/zstdtrunc-sweep.20260218_230809/results.jsonl
  Running compressor 'zstd-trunc' (compressionLevel=5, truncBits=23)...
  Appended results to /eagle/UIC-HPC/amy/zstdtrunc-sweep.20260218_230809/results.jsonl
  Running compressor 'zstd-trunc' (compressionLevel=5, truncBits=23)...
  Appended results to /eagle/UIC-HPC/amy/zstdtrunc-sweep.20260218_230809/results.jsonl
  Running compressor 'zstd-trunc' (compressionLevel=5, truncBits=23)...
  Appended results to /eagle/UIC-HPC/amy/zstdtrunc-sweep.20260218_230809/results.jsonl
  Running compressor 'zstd-trunc' (compressionLevel=5, truncBits=23)...
  Appended results to /eagle/UIC-HPC/amy/zstdtrunc-sweep.20260218_230809/results.jsonl
  Running compressor 'zstd-trunc' (compressionLevel=5, truncBits=23)...
  Appended results to /eagle/UIC-HPC/amy/zstdtrunc-sweep.20260218_230809/results.jsonl
  Running compressor 'zstd-trunc' (compressionLevel=5, truncBits=23)...
  Appended results to /eagle/UIC-HPC/amy/zstdtrunc-sweep.20260218_230809/results.jsonl
  Running compressor 'zstd-trunc' (compressionLevel=5, truncBits=23)...
  Appended results to /eagle/UIC-HPC/amy/zstdtrunc-sweep.20260218_230809/results.jsonl
  Running compressor 'zstd-trunc' (compressionLevel=5, truncBits=23)...
  Appended results to /eagle/UIC-HPC/amy/zstdtrunc-sweep.20260218_230809/results.jsonl
Reading data for branch 'AnalysisJetsAuxDyn.eta'...
  Running compressor 'zstd-trunc' (compressionLevel=5, truncBits=0)...
  Appended results to /eagle/UIC-HPC/amy/zstdtrunc-sweep.20260218_230809/results.jsonl
  Running compressor 'zstd-trunc' (compressionLevel=5, truncBits=0)...
  Appended results to /eagle/UIC-HPC/amy/zstdtrunc-sweep.20260218_230809/results.jsonl
  Running compressor 'zstd-trunc' (compressionLevel=5, truncBits=0)...
  Appended results to /eagle/UIC-HPC/amy/zstdtrunc-sweep.20260218_230809/results.jsonl
  Running compressor 'zstd-trunc' (compressionLevel=5, truncBits=0)...
  Appended results to /eagle/UIC-HPC/amy/zstdtrunc-sweep.20260218_230809/results.jsonl
  Running compressor 'zstd-trunc' (compressionLevel=5, truncBits=0)...
  Appended results to /eagle/UIC-HPC/amy/zstdtrunc-sweep.20260218_230809/results.jsonl
  Running compressor 'zstd-trunc' (compressionLevel=5, truncBits=0)...
  Appended results to /eagle/UIC-HPC/amy/zstdtrunc-sweep.20260218_230809/results.jsonl
  Running compressor 'zstd-trunc' (compressionLevel=5, truncBits=0)...
  Appended results to /eagle/UIC-HPC/amy/zstdtrunc-sweep.20260218_230809/results.jsonl
  Running compressor 'zstd-trunc' (compressionLevel=5, truncBits=0)...
  Appended results to /eagle/UIC-HPC/amy/zstdtrunc-sweep.20260218_230809/results.jsonl
  Running compressor 'zstd-trunc' (compressionLevel=5, truncBits=0)...
  Appended results to /eagle/UIC-HPC/amy/zstdtrunc-sweep.20260218_230809/results.jsonl
  Running compressor 'zstd-trunc' (compressionLevel=5, truncBits=0)...
  Appended results to /eagle/UIC-HPC/amy/zstdtrunc-sweep.20260218_230809/results.jsonl
  Running compressor 'zstd-trunc' (compressionLevel=5, truncBits=0)...
  Appended results to /eagle/UIC-HPC/amy/zstdtrunc-sweep.20260218_230809/results.jsonl
  Running compressor 'zstd-trunc' (compressionLevel=5, truncBits=1)...
  Appended results to /eagle/UIC-HPC/amy/zstdtrunc-sweep.20260218_230809/results.jsonl
  Running compressor 'zstd-trunc' (compressionLevel=5, truncBits=1)...
  Appended results to /eagle/UIC-HPC/amy/zstdtrunc-sweep.20260218_230809/results.jsonl
  Running compressor 'zstd-trunc' (compressionLevel=5, truncBits=1)...
  Appended results to /eagle/UIC-HPC/amy/zstdtrunc-sweep.20260218_230809/results.jsonl
  Running compressor 'zstd-trunc' (compressionLevel=5, truncBits=1)...
  Appended results to /eagle/UIC-HPC/amy/zstdtrunc-sweep.20260218_230809/results.jsonl
  Running compressor 'zstd-trunc' (compressionLevel=5, truncBits=1)...
  Appended results to /eagle/UIC-HPC/amy/zstdtrunc-sweep.20260218_230809/results.jsonl
  Running compressor 'zstd-trunc' (compressionLevel=5, truncBits=1)...
  Appended results to /eagle/UIC-HPC/amy/zstdtrunc-sweep.20260218_230809/results.jsonl
  Running compressor 'zstd-trunc' (compressionLevel=5, truncBits=1)...
  Appended results to /eagle/UIC-HPC/amy/zstdtrunc-sweep.20260218_230809/results.jsonl
  Running compressor 'zstd-trunc' (compressionLevel=5, truncBits=1)...
  Appended results to /eagle/UIC-HPC/amy/zstdtrunc-sweep.20260218_230809/results.jsonl
  Running compressor 'zstd-trunc' (compressionLevel=5, truncBits=1)...
  Appended results to /eagle/UIC-HPC/amy/zstdtrunc-sweep.20260218_230809/results.jsonl
  Running compressor 'zstd-trunc' (compressionLevel=5, truncBits=1)...
  Appended results to /eagle/UIC-HPC/amy/zstdtrunc-sweep.20260218_230809/results.jsonl
  Running compressor 'zstd-trunc' (compressionLevel=5, truncBits=1)...
  Appended results to /eagle/UIC-HPC/amy/zstdtrunc-sweep.20260218_230809/results.jsonl
  Running compressor 'zstd-trunc' (compressionLevel=5, truncBits=2)...
  Appended results to /eagle/UIC-HPC/amy/zstdtrunc-sweep.20260218_230809/results.jsonl
  Running compressor 'zstd-trunc' (compressionLevel=5, truncBits=2)...
  Appended results to /eagle/UIC-HPC/amy/zstdtrunc-sweep.20260218_230809/results.jsonl
  Running compressor 'zstd-trunc' (compressionLevel=5, truncBits=2)...
  Appended results to /eagle/UIC-HPC/amy/zstdtrunc-sweep.20260218_230809/results.jsonl
  Running compressor 'zstd-trunc' (compressionLevel=5, truncBits=2)...
  Appended results to /eagle/UIC-HPC/amy/zstdtrunc-sweep.20260218_230809/results.jsonl
  Running compressor 'zstd-trunc' (compressionLevel=5, truncBits=2)...
  Appended results to /eagle/UIC-HPC/amy/zstdtrunc-sweep.20260218_230809/results.jsonl
  Running compressor 'zstd-trunc' (compressionLevel=5, truncBits=2)...
  Appended results to /eagle/UIC-HPC/amy/zstdtrunc-sweep.20260218_230809/results.jsonl
  Running compressor 'zstd-trunc' (compressionLevel=5, truncBits=2)...
  Appended results to /eagle/UIC-HPC/amy/zstdtrunc-sweep.20260218_230809/results.jsonl
  Running compressor 'zstd-trunc' (compressionLevel=5, truncBits=2)...
  Appended results to /eagle/UIC-HPC/amy/zstdtrunc-sweep.20260218_230809/results.jsonl
  Running compressor 'zstd-trunc' (compressionLevel=5, truncBits=2)...
  Appended results to /eagle/UIC-HPC/amy/zstdtrunc-sweep.20260218_230809/results.jsonl
  Running compressor 'zstd-trunc' (compressionLevel=5, truncBits=2)...
  Appended results to /eagle/UIC-HPC/amy/zstdtrunc-sweep.20260218_230809/results.jsonl
  Running compressor 'zstd-trunc' (compressionLevel=5, truncBits=2)...
  Appended results to /eagle/UIC-HPC/amy/zstdtrunc-sweep.20260218_230809/results.jsonl
  Running compressor 'zstd-trunc' (compressionLevel=5, truncBits=3)...
  Appended results to /eagle/UIC-HPC/amy/zstdtrunc-sweep.20260218_230809/results.jsonl
  Running compressor 'zstd-trunc' (compressionLevel=5, truncBits=3)...
  Appended results to /eagle/UIC-HPC/amy/zstdtrunc-sweep.20260218_230809/results.jsonl
  Running compressor 'zstd-trunc' (compressionLevel=5, truncBits=3)...
  Appended results to /eagle/UIC-HPC/amy/zstdtrunc-sweep.20260218_230809/results.jsonl
  Running compressor 'zstd-trunc' (compressionLevel=5, truncBits=3)...
  Appended results to /eagle/UIC-HPC/amy/zstdtrunc-sweep.20260218_230809/results.jsonl
  Running compressor 'zstd-trunc' (compressionLevel=5, truncBits=3)...
  Appended results to /eagle/UIC-HPC/amy/zstdtrunc-sweep.20260218_230809/results.jsonl
  Running compressor 'zstd-trunc' (compressionLevel=5, truncBits=3)...
  Appended results to /eagle/UIC-HPC/amy/zstdtrunc-sweep.20260218_230809/results.jsonl
  Running compressor 'zstd-trunc' (compressionLevel=5, truncBits=3)...
  Appended results to /eagle/UIC-HPC/amy/zstdtrunc-sweep.20260218_230809/results.jsonl
  Running compressor 'zstd-trunc' (compressionLevel=5, truncBits=3)...
  Appended results to /eagle/UIC-HPC/amy/zstdtrunc-sweep.20260218_230809/results.jsonl
  Running compressor 'zstd-trunc' (compressionLevel=5, truncBits=3)...
  Appended results to /eagle/UIC-HPC/amy/zstdtrunc-sweep.20260218_230809/results.jsonl
  Running compressor 'zstd-trunc' (compressionLevel=5, truncBits=3)...
  Appended results to /eagle/UIC-HPC/amy/zstdtrunc-sweep.20260218_230809/results.jsonl
  Running compressor 'zstd-trunc' (compressionLevel=5, truncBits=3)...
  Appended results to /eagle/UIC-HPC/amy/zstdtrunc-sweep.20260218_230809/results.jsonl
  Running compressor 'zstd-trunc' (compressionLevel=5, truncBits=4)...
  Appended results to /eagle/UIC-HPC/amy/zstdtrunc-sweep.20260218_230809/results.jsonl
  Running compressor 'zstd-trunc' (compressionLevel=5, truncBits=4)...
  Appended results to /eagle/UIC-HPC/amy/zstdtrunc-sweep.20260218_230809/results.jsonl
  Running compressor 'zstd-trunc' (compressionLevel=5, truncBits=4)...
  Appended results to /eagle/UIC-HPC/amy/zstdtrunc-sweep.20260218_230809/results.jsonl
  Running compressor 'zstd-trunc' (compressionLevel=5, truncBits=4)...
  Appended results to /eagle/UIC-HPC/amy/zstdtrunc-sweep.20260218_230809/results.jsonl
  Running compressor 'zstd-trunc' (compressionLevel=5, truncBits=4)...
  Appended results to /eagle/UIC-HPC/amy/zstdtrunc-sweep.20260218_230809/results.jsonl
  Running compressor 'zstd-trunc' (compressionLevel=5, truncBits=4)...
  Appended results to /eagle/UIC-HPC/amy/zstdtrunc-sweep.20260218_230809/results.jsonl
  Running compressor 'zstd-trunc' (compressionLevel=5, truncBits=4)...
  Appended results to /eagle/UIC-HPC/amy/zstdtrunc-sweep.20260218_230809/results.jsonl
  Running compressor 'zstd-trunc' (compressionLevel=5, truncBits=4)...
  Appended results to /eagle/UIC-HPC/amy/zstdtrunc-sweep.20260218_230809/results.jsonl
  Running compressor 'zstd-trunc' (compressionLevel=5, truncBits=4)...
  Appended results to /eagle/UIC-HPC/amy/zstdtrunc-sweep.20260218_230809/results.jsonl
  Running compressor 'zstd-trunc' (compressionLevel=5, truncBits=4)...
  Appended results to /eagle/UIC-HPC/amy/zstdtrunc-sweep.20260218_230809/results.jsonl
  Running compressor 'zstd-trunc' (compressionLevel=5, truncBits=4)...
  Appended results to /eagle/UIC-HPC/amy/zstdtrunc-sweep.20260218_230809/results.jsonl
  Running compressor 'zstd-trunc' (compressionLevel=5, truncBits=5)...
  Appended results to /eagle/UIC-HPC/amy/zstdtrunc-sweep.20260218_230809/results.jsonl
  Running compressor 'zstd-trunc' (compressionLevel=5, truncBits=5)...
  Appended results to /eagle/UIC-HPC/amy/zstdtrunc-sweep.20260218_230809/results.jsonl
  Running compressor 'zstd-trunc' (compressionLevel=5, truncBits=5)...
  Appended results to /eagle/UIC-HPC/amy/zstdtrunc-sweep.20260218_230809/results.jsonl
  Running compressor 'zstd-trunc' (compressionLevel=5, truncBits=5)...
  Appended results to /eagle/UIC-HPC/amy/zstdtrunc-sweep.20260218_230809/results.jsonl
  Running compressor 'zstd-trunc' (compressionLevel=5, truncBits=5)...
  Appended results to /eagle/UIC-HPC/amy/zstdtrunc-sweep.20260218_230809/results.jsonl
  Running compressor 'zstd-trunc' (compressionLevel=5, truncBits=5)...
  Appended results to /eagle/UIC-HPC/amy/zstdtrunc-sweep.20260218_230809/results.jsonl
  Running compressor 'zstd-trunc' (compressionLevel=5, truncBits=5)...
  Appended results to /eagle/UIC-HPC/amy/zstdtrunc-sweep.20260218_230809/results.jsonl
  Running compressor 'zstd-trunc' (compressionLevel=5, truncBits=5)...
  Appended results to /eagle/UIC-HPC/amy/zstdtrunc-sweep.20260218_230809/results.jsonl
  Running compressor 'zstd-trunc' (compressionLevel=5, truncBits=5)...
  Appended results to /eagle/UIC-HPC/amy/zstdtrunc-sweep.20260218_230809/results.jsonl
  Running compressor 'zstd-trunc' (compressionLevel=5, truncBits=5)...
  Appended results to /eagle/UIC-HPC/amy/zstdtrunc-sweep.20260218_230809/results.jsonl
  Running compressor 'zstd-trunc' (compressionLevel=5, truncBits=5)...
  Appended results to /eagle/UIC-HPC/amy/zstdtrunc-sweep.20260218_230809/results.jsonl
  Running compressor 'zstd-trunc' (compressionLevel=5, truncBits=6)...
  Appended results to /eagle/UIC-HPC/amy/zstdtrunc-sweep.20260218_230809/results.jsonl
  Running compressor 'zstd-trunc' (compressionLevel=5, truncBits=6)...
  Appended results to /eagle/UIC-HPC/amy/zstdtrunc-sweep.20260218_230809/results.jsonl
  Running compressor 'zstd-trunc' (compressionLevel=5, truncBits=6)...
  Appended results to /eagle/UIC-HPC/amy/zstdtrunc-sweep.20260218_230809/results.jsonl
  Running compressor 'zstd-trunc' (compressionLevel=5, truncBits=6)...
  Appended results to /eagle/UIC-HPC/amy/zstdtrunc-sweep.20260218_230809/results.jsonl
  Running compressor 'zstd-trunc' (compressionLevel=5, truncBits=6)...
  Appended results to /eagle/UIC-HPC/amy/zstdtrunc-sweep.20260218_230809/results.jsonl
  Running compressor 'zstd-trunc' (compressionLevel=5, truncBits=6)...
  Appended results to /eagle/UIC-HPC/amy/zstdtrunc-sweep.20260218_230809/results.jsonl
  Running compressor 'zstd-trunc' (compressionLevel=5, truncBits=6)...
  Appended results to /eagle/UIC-HPC/amy/zstdtrunc-sweep.20260218_230809/results.jsonl
  Running compressor 'zstd-trunc' (compressionLevel=5, truncBits=6)...
  Appended results to /eagle/UIC-HPC/amy/zstdtrunc-sweep.20260218_230809/results.jsonl
  Running compressor 'zstd-trunc' (compressionLevel=5, truncBits=6)...
  Appended results to /eagle/UIC-HPC/amy/zstdtrunc-sweep.20260218_230809/results.jsonl
  Running compressor 'zstd-trunc' (compressionLevel=5, truncBits=6)...
  Appended results to /eagle/UIC-HPC/amy/zstdtrunc-sweep.20260218_230809/results.jsonl
  Running compressor 'zstd-trunc' (compressionLevel=5, truncBits=6)...
  Appended results to /eagle/UIC-HPC/amy/zstdtrunc-sweep.20260218_230809/results.jsonl
  Running compressor 'zstd-trunc' (compressionLevel=5, truncBits=7)...
  Appended results to /eagle/UIC-HPC/amy/zstdtrunc-sweep.20260218_230809/results.jsonl
  Running compressor 'zstd-trunc' (compressionLevel=5, truncBits=7)...
  Appended results to /eagle/UIC-HPC/amy/zstdtrunc-sweep.20260218_230809/results.jsonl
  Running compressor 'zstd-trunc' (compressionLevel=5, truncBits=7)...
  Appended results to /eagle/UIC-HPC/amy/zstdtrunc-sweep.20260218_230809/results.jsonl
  Running compressor 'zstd-trunc' (compressionLevel=5, truncBits=7)...
  Appended results to /eagle/UIC-HPC/amy/zstdtrunc-sweep.20260218_230809/results.jsonl
  Running compressor 'zstd-trunc' (compressionLevel=5, truncBits=7)...
  Appended results to /eagle/UIC-HPC/amy/zstdtrunc-sweep.20260218_230809/results.jsonl
  Running compressor 'zstd-trunc' (compressionLevel=5, truncBits=7)...
  Appended results to /eagle/UIC-HPC/amy/zstdtrunc-sweep.20260218_230809/results.jsonl
  Running compressor 'zstd-trunc' (compressionLevel=5, truncBits=7)...
  Appended results to /eagle/UIC-HPC/amy/zstdtrunc-sweep.20260218_230809/results.jsonl
  Running compressor 'zstd-trunc' (compressionLevel=5, truncBits=7)...
  Appended results to /eagle/UIC-HPC/amy/zstdtrunc-sweep.20260218_230809/results.jsonl
  Running compressor 'zstd-trunc' (compressionLevel=5, truncBits=7)...
  Appended results to /eagle/UIC-HPC/amy/zstdtrunc-sweep.20260218_230809/results.jsonl
  Running compressor 'zstd-trunc' (compressionLevel=5, truncBits=7)...
  Appended results to /eagle/UIC-HPC/amy/zstdtrunc-sweep.20260218_230809/results.jsonl
  Running compressor 'zstd-trunc' (compressionLevel=5, truncBits=7)...
  Appended results to /eagle/UIC-HPC/amy/zstdtrunc-sweep.20260218_230809/results.jsonl
  Running compressor 'zstd-trunc' (compressionLevel=5, truncBits=8)...
  Appended results to /eagle/UIC-HPC/amy/zstdtrunc-sweep.20260218_230809/results.jsonl
  Running compressor 'zstd-trunc' (compressionLevel=5, truncBits=8)...
  Appended results to /eagle/UIC-HPC/amy/zstdtrunc-sweep.20260218_230809/results.jsonl
  Running compressor 'zstd-trunc' (compressionLevel=5, truncBits=8)...
  Appended results to /eagle/UIC-HPC/amy/zstdtrunc-sweep.20260218_230809/results.jsonl
  Running compressor 'zstd-trunc' (compressionLevel=5, truncBits=8)...
  Appended results to /eagle/UIC-HPC/amy/zstdtrunc-sweep.20260218_230809/results.jsonl
  Running compressor 'zstd-trunc' (compressionLevel=5, truncBits=8)...
  Appended results to /eagle/UIC-HPC/amy/zstdtrunc-sweep.20260218_230809/results.jsonl
  Running compressor 'zstd-trunc' (compressionLevel=5, truncBits=8)...
  Appended results to /eagle/UIC-HPC/amy/zstdtrunc-sweep.20260218_230809/results.jsonl
  Running compressor 'zstd-trunc' (compressionLevel=5, truncBits=8)...
  Appended results to /eagle/UIC-HPC/amy/zstdtrunc-sweep.20260218_230809/results.jsonl
  Running compressor 'zstd-trunc' (compressionLevel=5, truncBits=8)...
  Appended results to /eagle/UIC-HPC/amy/zstdtrunc-sweep.20260218_230809/results.jsonl
  Running compressor 'zstd-trunc' (compressionLevel=5, truncBits=8)...
  Appended results to /eagle/UIC-HPC/amy/zstdtrunc-sweep.20260218_230809/results.jsonl
  Running compressor 'zstd-trunc' (compressionLevel=5, truncBits=8)...
  Appended results to /eagle/UIC-HPC/amy/zstdtrunc-sweep.20260218_230809/results.jsonl
  Running compressor 'zstd-trunc' (compressionLevel=5, truncBits=8)...
  Appended results to /eagle/UIC-HPC/amy/zstdtrunc-sweep.20260218_230809/results.jsonl
  Running compressor 'zstd-trunc' (compressionLevel=5, truncBits=9)...
  Appended results to /eagle/UIC-HPC/amy/zstdtrunc-sweep.20260218_230809/results.jsonl
  Running compressor 'zstd-trunc' (compressionLevel=5, truncBits=9)...
  Appended results to /eagle/UIC-HPC/amy/zstdtrunc-sweep.20260218_230809/results.jsonl
  Running compressor 'zstd-trunc' (compressionLevel=5, truncBits=9)...
  Appended results to /eagle/UIC-HPC/amy/zstdtrunc-sweep.20260218_230809/results.jsonl
  Running compressor 'zstd-trunc' (compressionLevel=5, truncBits=9)...
  Appended results to /eagle/UIC-HPC/amy/zstdtrunc-sweep.20260218_230809/results.jsonl
  Running compressor 'zstd-trunc' (compressionLevel=5, truncBits=9)...
  Appended results to /eagle/UIC-HPC/amy/zstdtrunc-sweep.20260218_230809/results.jsonl
  Running compressor 'zstd-trunc' (compressionLevel=5, truncBits=9)...
  Appended results to /eagle/UIC-HPC/amy/zstdtrunc-sweep.20260218_230809/results.jsonl
  Running compressor 'zstd-trunc' (compressionLevel=5, truncBits=9)...
  Appended results to /eagle/UIC-HPC/amy/zstdtrunc-sweep.20260218_230809/results.jsonl
  Running compressor 'zstd-trunc' (compressionLevel=5, truncBits=9)...
  Appended results to /eagle/UIC-HPC/amy/zstdtrunc-sweep.20260218_230809/results.jsonl
  Running compressor 'zstd-trunc' (compressionLevel=5, truncBits=9)...
  Appended results to /eagle/UIC-HPC/amy/zstdtrunc-sweep.20260218_230809/results.jsonl
  Running compressor 'zstd-trunc' (compressionLevel=5, truncBits=9)...
  Appended results to /eagle/UIC-HPC/amy/zstdtrunc-sweep.20260218_230809/results.jsonl
  Running compressor 'zstd-trunc' (compressionLevel=5, truncBits=9)...
  Appended results to /eagle/UIC-HPC/amy/zstdtrunc-sweep.20260218_230809/results.jsonl
  Running compressor 'zstd-trunc' (compressionLevel=5, truncBits=10)...
  Appended results to /eagle/UIC-HPC/amy/zstdtrunc-sweep.20260218_230809/results.jsonl
  Running compressor 'zstd-trunc' (compressionLevel=5, truncBits=10)...
  Appended results to /eagle/UIC-HPC/amy/zstdtrunc-sweep.20260218_230809/results.jsonl
  Running compressor 'zstd-trunc' (compressionLevel=5, truncBits=10)...
  Appended results to /eagle/UIC-HPC/amy/zstdtrunc-sweep.20260218_230809/results.jsonl
  Running compressor 'zstd-trunc' (compressionLevel=5, truncBits=10)...
  Appended results to /eagle/UIC-HPC/amy/zstdtrunc-sweep.20260218_230809/results.jsonl
  Running compressor 'zstd-trunc' (compressionLevel=5, truncBits=10)...
  Appended results to /eagle/UIC-HPC/amy/zstdtrunc-sweep.20260218_230809/results.jsonl
  Running compressor 'zstd-trunc' (compressionLevel=5, truncBits=10)...
  Appended results to /eagle/UIC-HPC/amy/zstdtrunc-sweep.20260218_230809/results.jsonl
  Running compressor 'zstd-trunc' (compressionLevel=5, truncBits=10)...
  Appended results to /eagle/UIC-HPC/amy/zstdtrunc-sweep.20260218_230809/results.jsonl
  Running compressor 'zstd-trunc' (compressionLevel=5, truncBits=10)...
  Appended results to /eagle/UIC-HPC/amy/zstdtrunc-sweep.20260218_230809/results.jsonl
  Running compressor 'zstd-trunc' (compressionLevel=5, truncBits=10)...
  Appended results to /eagle/UIC-HPC/amy/zstdtrunc-sweep.20260218_230809/results.jsonl
  Running compressor 'zstd-trunc' (compressionLevel=5, truncBits=10)...
  Appended results to /eagle/UIC-HPC/amy/zstdtrunc-sweep.20260218_230809/results.jsonl
  Running compressor 'zstd-trunc' (compressionLevel=5, truncBits=10)...
  Appended results to /eagle/UIC-HPC/amy/zstdtrunc-sweep.20260218_230809/results.jsonl
  Running compressor 'zstd-trunc' (compressionLevel=5, truncBits=11)...
  Appended results to /eagle/UIC-HPC/amy/zstdtrunc-sweep.20260218_230809/results.jsonl
  Running compressor 'zstd-trunc' (compressionLevel=5, truncBits=11)...
  Appended results to /eagle/UIC-HPC/amy/zstdtrunc-sweep.20260218_230809/results.jsonl
  Running compressor 'zstd-trunc' (compressionLevel=5, truncBits=11)...
  Appended results to /eagle/UIC-HPC/amy/zstdtrunc-sweep.20260218_230809/results.jsonl
  Running compressor 'zstd-trunc' (compressionLevel=5, truncBits=11)...
  Appended results to /eagle/UIC-HPC/amy/zstdtrunc-sweep.20260218_230809/results.jsonl
  Running compressor 'zstd-trunc' (compressionLevel=5, truncBits=11)...
  Appended results to /eagle/UIC-HPC/amy/zstdtrunc-sweep.20260218_230809/results.jsonl
  Running compressor 'zstd-trunc' (compressionLevel=5, truncBits=11)...
  Appended results to /eagle/UIC-HPC/amy/zstdtrunc-sweep.20260218_230809/results.jsonl
  Running compressor 'zstd-trunc' (compressionLevel=5, truncBits=11)...
  Appended results to /eagle/UIC-HPC/amy/zstdtrunc-sweep.20260218_230809/results.jsonl
  Running compressor 'zstd-trunc' (compressionLevel=5, truncBits=11)...
  Appended results to /eagle/UIC-HPC/amy/zstdtrunc-sweep.20260218_230809/results.jsonl
  Running compressor 'zstd-trunc' (compressionLevel=5, truncBits=11)...
  Appended results to /eagle/UIC-HPC/amy/zstdtrunc-sweep.20260218_230809/results.jsonl
  Running compressor 'zstd-trunc' (compressionLevel=5, truncBits=11)...
  Appended results to /eagle/UIC-HPC/amy/zstdtrunc-sweep.20260218_230809/results.jsonl
  Running compressor 'zstd-trunc' (compressionLevel=5, truncBits=11)...
  Appended results to /eagle/UIC-HPC/amy/zstdtrunc-sweep.20260218_230809/results.jsonl
  Running compressor 'zstd-trunc' (compressionLevel=5, truncBits=12)...
  Appended results to /eagle/UIC-HPC/amy/zstdtrunc-sweep.20260218_230809/results.jsonl
  Running compressor 'zstd-trunc' (compressionLevel=5, truncBits=12)...
  Appended results to /eagle/UIC-HPC/amy/zstdtrunc-sweep.20260218_230809/results.jsonl
  Running compressor 'zstd-trunc' (compressionLevel=5, truncBits=12)...
  Appended results to /eagle/UIC-HPC/amy/zstdtrunc-sweep.20260218_230809/results.jsonl
  Running compressor 'zstd-trunc' (compressionLevel=5, truncBits=12)...
  Appended results to /eagle/UIC-HPC/amy/zstdtrunc-sweep.20260218_230809/results.jsonl
  Running compressor 'zstd-trunc' (compressionLevel=5, truncBits=12)...
  Appended results to /eagle/UIC-HPC/amy/zstdtrunc-sweep.20260218_230809/results.jsonl
  Running compressor 'zstd-trunc' (compressionLevel=5, truncBits=12)...
  Appended results to /eagle/UIC-HPC/amy/zstdtrunc-sweep.20260218_230809/results.jsonl
  Running compressor 'zstd-trunc' (compressionLevel=5, truncBits=12)...
  Appended results to /eagle/UIC-HPC/amy/zstdtrunc-sweep.20260218_230809/results.jsonl
  Running compressor 'zstd-trunc' (compressionLevel=5, truncBits=12)...
  Appended results to /eagle/UIC-HPC/amy/zstdtrunc-sweep.20260218_230809/results.jsonl
  Running compressor 'zstd-trunc' (compressionLevel=5, truncBits=12)...
  Appended results to /eagle/UIC-HPC/amy/zstdtrunc-sweep.20260218_230809/results.jsonl
  Running compressor 'zstd-trunc' (compressionLevel=5, truncBits=12)...
  Appended results to /eagle/UIC-HPC/amy/zstdtrunc-sweep.20260218_230809/results.jsonl
  Running compressor 'zstd-trunc' (compressionLevel=5, truncBits=12)...
  Appended results to /eagle/UIC-HPC/amy/zstdtrunc-sweep.20260218_230809/results.jsonl
  Running compressor 'zstd-trunc' (compressionLevel=5, truncBits=13)...
  Appended results to /eagle/UIC-HPC/amy/zstdtrunc-sweep.20260218_230809/results.jsonl
  Running compressor 'zstd-trunc' (compressionLevel=5, truncBits=13)...
  Appended results to /eagle/UIC-HPC/amy/zstdtrunc-sweep.20260218_230809/results.jsonl
  Running compressor 'zstd-trunc' (compressionLevel=5, truncBits=13)...
  Appended results to /eagle/UIC-HPC/amy/zstdtrunc-sweep.20260218_230809/results.jsonl
  Running compressor 'zstd-trunc' (compressionLevel=5, truncBits=13)...
  Appended results to /eagle/UIC-HPC/amy/zstdtrunc-sweep.20260218_230809/results.jsonl
  Running compressor 'zstd-trunc' (compressionLevel=5, truncBits=13)...
  Appended results to /eagle/UIC-HPC/amy/zstdtrunc-sweep.20260218_230809/results.jsonl
  Running compressor 'zstd-trunc' (compressionLevel=5, truncBits=13)...
  Appended results to /eagle/UIC-HPC/amy/zstdtrunc-sweep.20260218_230809/results.jsonl
  Running compressor 'zstd-trunc' (compressionLevel=5, truncBits=13)...
  Appended results to /eagle/UIC-HPC/amy/zstdtrunc-sweep.20260218_230809/results.jsonl
  Running compressor 'zstd-trunc' (compressionLevel=5, truncBits=13)...
  Appended results to /eagle/UIC-HPC/amy/zstdtrunc-sweep.20260218_230809/results.jsonl
  Running compressor 'zstd-trunc' (compressionLevel=5, truncBits=13)...
  Appended results to /eagle/UIC-HPC/amy/zstdtrunc-sweep.20260218_230809/results.jsonl
  Running compressor 'zstd-trunc' (compressionLevel=5, truncBits=13)...
  Appended results to /eagle/UIC-HPC/amy/zstdtrunc-sweep.20260218_230809/results.jsonl
  Running compressor 'zstd-trunc' (compressionLevel=5, truncBits=13)...
  Appended results to /eagle/UIC-HPC/amy/zstdtrunc-sweep.20260218_230809/results.jsonl
  Running compressor 'zstd-trunc' (compressionLevel=5, truncBits=14)...
  Appended results to /eagle/UIC-HPC/amy/zstdtrunc-sweep.20260218_230809/results.jsonl
  Running compressor 'zstd-trunc' (compressionLevel=5, truncBits=14)...
  Appended results to /eagle/UIC-HPC/amy/zstdtrunc-sweep.20260218_230809/results.jsonl
  Running compressor 'zstd-trunc' (compressionLevel=5, truncBits=14)...
  Appended results to /eagle/UIC-HPC/amy/zstdtrunc-sweep.20260218_230809/results.jsonl
  Running compressor 'zstd-trunc' (compressionLevel=5, truncBits=14)...
  Appended results to /eagle/UIC-HPC/amy/zstdtrunc-sweep.20260218_230809/results.jsonl
  Running compressor 'zstd-trunc' (compressionLevel=5, truncBits=14)...
  Appended results to /eagle/UIC-HPC/amy/zstdtrunc-sweep.20260218_230809/results.jsonl
  Running compressor 'zstd-trunc' (compressionLevel=5, truncBits=14)...
  Appended results to /eagle/UIC-HPC/amy/zstdtrunc-sweep.20260218_230809/results.jsonl
  Running compressor 'zstd-trunc' (compressionLevel=5, truncBits=14)...
  Appended results to /eagle/UIC-HPC/amy/zstdtrunc-sweep.20260218_230809/results.jsonl
  Running compressor 'zstd-trunc' (compressionLevel=5, truncBits=14)...
  Appended results to /eagle/UIC-HPC/amy/zstdtrunc-sweep.20260218_230809/results.jsonl
  Running compressor 'zstd-trunc' (compressionLevel=5, truncBits=14)...
  Appended results to /eagle/UIC-HPC/amy/zstdtrunc-sweep.20260218_230809/results.jsonl
  Running compressor 'zstd-trunc' (compressionLevel=5, truncBits=14)...
  Appended results to /eagle/UIC-HPC/amy/zstdtrunc-sweep.20260218_230809/results.jsonl
  Running compressor 'zstd-trunc' (compressionLevel=5, truncBits=14)...
  Appended results to /eagle/UIC-HPC/amy/zstdtrunc-sweep.20260218_230809/results.jsonl
  Running compressor 'zstd-trunc' (compressionLevel=5, truncBits=15)...
  Appended results to /eagle/UIC-HPC/amy/zstdtrunc-sweep.20260218_230809/results.jsonl
  Running compressor 'zstd-trunc' (compressionLevel=5, truncBits=15)...
  Appended results to /eagle/UIC-HPC/amy/zstdtrunc-sweep.20260218_230809/results.jsonl
  Running compressor 'zstd-trunc' (compressionLevel=5, truncBits=15)...
  Appended results to /eagle/UIC-HPC/amy/zstdtrunc-sweep.20260218_230809/results.jsonl
  Running compressor 'zstd-trunc' (compressionLevel=5, truncBits=15)...
  Appended results to /eagle/UIC-HPC/amy/zstdtrunc-sweep.20260218_230809/results.jsonl
  Running compressor 'zstd-trunc' (compressionLevel=5, truncBits=15)...
  Appended results to /eagle/UIC-HPC/amy/zstdtrunc-sweep.20260218_230809/results.jsonl
  Running compressor 'zstd-trunc' (compressionLevel=5, truncBits=15)...
  Appended results to /eagle/UIC-HPC/amy/zstdtrunc-sweep.20260218_230809/results.jsonl
  Running compressor 'zstd-trunc' (compressionLevel=5, truncBits=15)...
  Appended results to /eagle/UIC-HPC/amy/zstdtrunc-sweep.20260218_230809/results.jsonl
  Running compressor 'zstd-trunc' (compressionLevel=5, truncBits=15)...
  Appended results to /eagle/UIC-HPC/amy/zstdtrunc-sweep.20260218_230809/results.jsonl
  Running compressor 'zstd-trunc' (compressionLevel=5, truncBits=15)...
  Appended results to /eagle/UIC-HPC/amy/zstdtrunc-sweep.20260218_230809/results.jsonl
  Running compressor 'zstd-trunc' (compressionLevel=5, truncBits=15)...
  Appended results to /eagle/UIC-HPC/amy/zstdtrunc-sweep.20260218_230809/results.jsonl
  Running compressor 'zstd-trunc' (compressionLevel=5, truncBits=15)...
  Appended results to /eagle/UIC-HPC/amy/zstdtrunc-sweep.20260218_230809/results.jsonl
  Running compressor 'zstd-trunc' (compressionLevel=5, truncBits=16)...
  Appended results to /eagle/UIC-HPC/amy/zstdtrunc-sweep.20260218_230809/results.jsonl
  Running compressor 'zstd-trunc' (compressionLevel=5, truncBits=16)...
  Appended results to /eagle/UIC-HPC/amy/zstdtrunc-sweep.20260218_230809/results.jsonl
  Running compressor 'zstd-trunc' (compressionLevel=5, truncBits=16)...
  Appended results to /eagle/UIC-HPC/amy/zstdtrunc-sweep.20260218_230809/results.jsonl
  Running compressor 'zstd-trunc' (compressionLevel=5, truncBits=16)...
  Appended results to /eagle/UIC-HPC/amy/zstdtrunc-sweep.20260218_230809/results.jsonl
  Running compressor 'zstd-trunc' (compressionLevel=5, truncBits=16)...
  Appended results to /eagle/UIC-HPC/amy/zstdtrunc-sweep.20260218_230809/results.jsonl
  Running compressor 'zstd-trunc' (compressionLevel=5, truncBits=16)...
  Appended results to /eagle/UIC-HPC/amy/zstdtrunc-sweep.20260218_230809/results.jsonl
  Running compressor 'zstd-trunc' (compressionLevel=5, truncBits=16)...
  Appended results to /eagle/UIC-HPC/amy/zstdtrunc-sweep.20260218_230809/results.jsonl
  Running compressor 'zstd-trunc' (compressionLevel=5, truncBits=16)...
  Appended results to /eagle/UIC-HPC/amy/zstdtrunc-sweep.20260218_230809/results.jsonl
  Running compressor 'zstd-trunc' (compressionLevel=5, truncBits=16)...
  Appended results to /eagle/UIC-HPC/amy/zstdtrunc-sweep.20260218_230809/results.jsonl
  Running compressor 'zstd-trunc' (compressionLevel=5, truncBits=16)...
  Appended results to /eagle/UIC-HPC/amy/zstdtrunc-sweep.20260218_230809/results.jsonl
  Running compressor 'zstd-trunc' (compressionLevel=5, truncBits=16)...
  Appended results to /eagle/UIC-HPC/amy/zstdtrunc-sweep.20260218_230809/results.jsonl
  Running compressor 'zstd-trunc' (compressionLevel=5, truncBits=17)...
  Appended results to /eagle/UIC-HPC/amy/zstdtrunc-sweep.20260218_230809/results.jsonl
  Running compressor 'zstd-trunc' (compressionLevel=5, truncBits=17)...
  Appended results to /eagle/UIC-HPC/amy/zstdtrunc-sweep.20260218_230809/results.jsonl
  Running compressor 'zstd-trunc' (compressionLevel=5, truncBits=17)...
  Appended results to /eagle/UIC-HPC/amy/zstdtrunc-sweep.20260218_230809/results.jsonl
  Running compressor 'zstd-trunc' (compressionLevel=5, truncBits=17)...
  Appended results to /eagle/UIC-HPC/amy/zstdtrunc-sweep.20260218_230809/results.jsonl
  Running compressor 'zstd-trunc' (compressionLevel=5, truncBits=17)...
  Appended results to /eagle/UIC-HPC/amy/zstdtrunc-sweep.20260218_230809/results.jsonl
  Running compressor 'zstd-trunc' (compressionLevel=5, truncBits=17)...
  Appended results to /eagle/UIC-HPC/amy/zstdtrunc-sweep.20260218_230809/results.jsonl
  Running compressor 'zstd-trunc' (compressionLevel=5, truncBits=17)...
  Appended results to /eagle/UIC-HPC/amy/zstdtrunc-sweep.20260218_230809/results.jsonl
  Running compressor 'zstd-trunc' (compressionLevel=5, truncBits=17)...
  Appended results to /eagle/UIC-HPC/amy/zstdtrunc-sweep.20260218_230809/results.jsonl
  Running compressor 'zstd-trunc' (compressionLevel=5, truncBits=17)...
  Appended results to /eagle/UIC-HPC/amy/zstdtrunc-sweep.20260218_230809/results.jsonl
  Running compressor 'zstd-trunc' (compressionLevel=5, truncBits=17)...
  Appended results to /eagle/UIC-HPC/amy/zstdtrunc-sweep.20260218_230809/results.jsonl
  Running compressor 'zstd-trunc' (compressionLevel=5, truncBits=17)...
  Appended results to /eagle/UIC-HPC/amy/zstdtrunc-sweep.20260218_230809/results.jsonl
  Running compressor 'zstd-trunc' (compressionLevel=5, truncBits=18)...
  Appended results to /eagle/UIC-HPC/amy/zstdtrunc-sweep.20260218_230809/results.jsonl
  Running compressor 'zstd-trunc' (compressionLevel=5, truncBits=18)...
  Appended results to /eagle/UIC-HPC/amy/zstdtrunc-sweep.20260218_230809/results.jsonl
  Running compressor 'zstd-trunc' (compressionLevel=5, truncBits=18)...
  Appended results to /eagle/UIC-HPC/amy/zstdtrunc-sweep.20260218_230809/results.jsonl
  Running compressor 'zstd-trunc' (compressionLevel=5, truncBits=18)...
  Appended results to /eagle/UIC-HPC/amy/zstdtrunc-sweep.20260218_230809/results.jsonl
  Running compressor 'zstd-trunc' (compressionLevel=5, truncBits=18)...
  Appended results to /eagle/UIC-HPC/amy/zstdtrunc-sweep.20260218_230809/results.jsonl
  Running compressor 'zstd-trunc' (compressionLevel=5, truncBits=18)...
  Appended results to /eagle/UIC-HPC/amy/zstdtrunc-sweep.20260218_230809/results.jsonl
  Running compressor 'zstd-trunc' (compressionLevel=5, truncBits=18)...
  Appended results to /eagle/UIC-HPC/amy/zstdtrunc-sweep.20260218_230809/results.jsonl
  Running compressor 'zstd-trunc' (compressionLevel=5, truncBits=18)...
  Appended results to /eagle/UIC-HPC/amy/zstdtrunc-sweep.20260218_230809/results.jsonl
  Running compressor 'zstd-trunc' (compressionLevel=5, truncBits=18)...
  Appended results to /eagle/UIC-HPC/amy/zstdtrunc-sweep.20260218_230809/results.jsonl
  Running compressor 'zstd-trunc' (compressionLevel=5, truncBits=18)...
  Appended results to /eagle/UIC-HPC/amy/zstdtrunc-sweep.20260218_230809/results.jsonl
  Running compressor 'zstd-trunc' (compressionLevel=5, truncBits=18)...
  Appended results to /eagle/UIC-HPC/amy/zstdtrunc-sweep.20260218_230809/results.jsonl
  Running compressor 'zstd-trunc' (compressionLevel=5, truncBits=19)...
  Appended results to /eagle/UIC-HPC/amy/zstdtrunc-sweep.20260218_230809/results.jsonl
  Running compressor 'zstd-trunc' (compressionLevel=5, truncBits=19)...
  Appended results to /eagle/UIC-HPC/amy/zstdtrunc-sweep.20260218_230809/results.jsonl
  Running compressor 'zstd-trunc' (compressionLevel=5, truncBits=19)...
  Appended results to /eagle/UIC-HPC/amy/zstdtrunc-sweep.20260218_230809/results.jsonl
  Running compressor 'zstd-trunc' (compressionLevel=5, truncBits=19)...
  Appended results to /eagle/UIC-HPC/amy/zstdtrunc-sweep.20260218_230809/results.jsonl
  Running compressor 'zstd-trunc' (compressionLevel=5, truncBits=19)...
  Appended results to /eagle/UIC-HPC/amy/zstdtrunc-sweep.20260218_230809/results.jsonl
  Running compressor 'zstd-trunc' (compressionLevel=5, truncBits=19)...
  Appended results to /eagle/UIC-HPC/amy/zstdtrunc-sweep.20260218_230809/results.jsonl
  Running compressor 'zstd-trunc' (compressionLevel=5, truncBits=19)...
  Appended results to /eagle/UIC-HPC/amy/zstdtrunc-sweep.20260218_230809/results.jsonl
  Running compressor 'zstd-trunc' (compressionLevel=5, truncBits=19)...
  Appended results to /eagle/UIC-HPC/amy/zstdtrunc-sweep.20260218_230809/results.jsonl
  Running compressor 'zstd-trunc' (compressionLevel=5, truncBits=19)...
  Appended results to /eagle/UIC-HPC/amy/zstdtrunc-sweep.20260218_230809/results.jsonl
  Running compressor 'zstd-trunc' (compressionLevel=5, truncBits=19)...
  Appended results to /eagle/UIC-HPC/amy/zstdtrunc-sweep.20260218_230809/results.jsonl
  Running compressor 'zstd-trunc' (compressionLevel=5, truncBits=19)...
  Appended results to /eagle/UIC-HPC/amy/zstdtrunc-sweep.20260218_230809/results.jsonl
  Running compressor 'zstd-trunc' (compressionLevel=5, truncBits=20)...
  Appended results to /eagle/UIC-HPC/amy/zstdtrunc-sweep.20260218_230809/results.jsonl
  Running compressor 'zstd-trunc' (compressionLevel=5, truncBits=20)...
  Appended results to /eagle/UIC-HPC/amy/zstdtrunc-sweep.20260218_230809/results.jsonl
  Running compressor 'zstd-trunc' (compressionLevel=5, truncBits=20)...
  Appended results to /eagle/UIC-HPC/amy/zstdtrunc-sweep.20260218_230809/results.jsonl
  Running compressor 'zstd-trunc' (compressionLevel=5, truncBits=20)...
  Appended results to /eagle/UIC-HPC/amy/zstdtrunc-sweep.20260218_230809/results.jsonl
  Running compressor 'zstd-trunc' (compressionLevel=5, truncBits=20)...
  Appended results to /eagle/UIC-HPC/amy/zstdtrunc-sweep.20260218_230809/results.jsonl
  Running compressor 'zstd-trunc' (compressionLevel=5, truncBits=20)...
  Appended results to /eagle/UIC-HPC/amy/zstdtrunc-sweep.20260218_230809/results.jsonl
  Running compressor 'zstd-trunc' (compressionLevel=5, truncBits=20)...
  Appended results to /eagle/UIC-HPC/amy/zstdtrunc-sweep.20260218_230809/results.jsonl
  Running compressor 'zstd-trunc' (compressionLevel=5, truncBits=20)...
  Appended results to /eagle/UIC-HPC/amy/zstdtrunc-sweep.20260218_230809/results.jsonl
  Running compressor 'zstd-trunc' (compressionLevel=5, truncBits=20)...
  Appended results to /eagle/UIC-HPC/amy/zstdtrunc-sweep.20260218_230809/results.jsonl
  Running compressor 'zstd-trunc' (compressionLevel=5, truncBits=20)...
  Appended results to /eagle/UIC-HPC/amy/zstdtrunc-sweep.20260218_230809/results.jsonl
  Running compressor 'zstd-trunc' (compressionLevel=5, truncBits=20)...
  Appended results to /eagle/UIC-HPC/amy/zstdtrunc-sweep.20260218_230809/results.jsonl
  Running compressor 'zstd-trunc' (compressionLevel=5, truncBits=21)...
  Appended results to /eagle/UIC-HPC/amy/zstdtrunc-sweep.20260218_230809/results.jsonl
  Running compressor 'zstd-trunc' (compressionLevel=5, truncBits=21)...
  Appended results to /eagle/UIC-HPC/amy/zstdtrunc-sweep.20260218_230809/results.jsonl
  Running compressor 'zstd-trunc' (compressionLevel=5, truncBits=21)...
  Appended results to /eagle/UIC-HPC/amy/zstdtrunc-sweep.20260218_230809/results.jsonl
  Running compressor 'zstd-trunc' (compressionLevel=5, truncBits=21)...
  Appended results to /eagle/UIC-HPC/amy/zstdtrunc-sweep.20260218_230809/results.jsonl
  Running compressor 'zstd-trunc' (compressionLevel=5, truncBits=21)...
  Appended results to /eagle/UIC-HPC/amy/zstdtrunc-sweep.20260218_230809/results.jsonl
  Running compressor 'zstd-trunc' (compressionLevel=5, truncBits=21)...
  Appended results to /eagle/UIC-HPC/amy/zstdtrunc-sweep.20260218_230809/results.jsonl
  Running compressor 'zstd-trunc' (compressionLevel=5, truncBits=21)...
  Appended results to /eagle/UIC-HPC/amy/zstdtrunc-sweep.20260218_230809/results.jsonl
  Running compressor 'zstd-trunc' (compressionLevel=5, truncBits=21)...
  Appended results to /eagle/UIC-HPC/amy/zstdtrunc-sweep.20260218_230809/results.jsonl
  Running compressor 'zstd-trunc' (compressionLevel=5, truncBits=21)...
  Appended results to /eagle/UIC-HPC/amy/zstdtrunc-sweep.20260218_230809/results.jsonl
  Running compressor 'zstd-trunc' (compressionLevel=5, truncBits=21)...
  Appended results to /eagle/UIC-HPC/amy/zstdtrunc-sweep.20260218_230809/results.jsonl
  Running compressor 'zstd-trunc' (compressionLevel=5, truncBits=21)...
  Appended results to /eagle/UIC-HPC/amy/zstdtrunc-sweep.20260218_230809/results.jsonl
  Running compressor 'zstd-trunc' (compressionLevel=5, truncBits=22)...
  Appended results to /eagle/UIC-HPC/amy/zstdtrunc-sweep.20260218_230809/results.jsonl
  Running compressor 'zstd-trunc' (compressionLevel=5, truncBits=22)...
  Appended results to /eagle/UIC-HPC/amy/zstdtrunc-sweep.20260218_230809/results.jsonl
  Running compressor 'zstd-trunc' (compressionLevel=5, truncBits=22)...
  Appended results to /eagle/UIC-HPC/amy/zstdtrunc-sweep.20260218_230809/results.jsonl
  Running compressor 'zstd-trunc' (compressionLevel=5, truncBits=22)...
  Appended results to /eagle/UIC-HPC/amy/zstdtrunc-sweep.20260218_230809/results.jsonl
  Running compressor 'zstd-trunc' (compressionLevel=5, truncBits=22)...
  Appended results to /eagle/UIC-HPC/amy/zstdtrunc-sweep.20260218_230809/results.jsonl
  Running compressor 'zstd-trunc' (compressionLevel=5, truncBits=22)...
  Appended results to /eagle/UIC-HPC/amy/zstdtrunc-sweep.20260218_230809/results.jsonl
  Running compressor 'zstd-trunc' (compressionLevel=5, truncBits=22)...
  Appended results to /eagle/UIC-HPC/amy/zstdtrunc-sweep.20260218_230809/results.jsonl
  Running compressor 'zstd-trunc' (compressionLevel=5, truncBits=22)...
  Appended results to /eagle/UIC-HPC/amy/zstdtrunc-sweep.20260218_230809/results.jsonl
  Running compressor 'zstd-trunc' (compressionLevel=5, truncBits=22)...
  Appended results to /eagle/UIC-HPC/amy/zstdtrunc-sweep.20260218_230809/results.jsonl
  Running compressor 'zstd-trunc' (compressionLevel=5, truncBits=22)...
  Appended results to /eagle/UIC-HPC/amy/zstdtrunc-sweep.20260218_230809/results.jsonl
  Running compressor 'zstd-trunc' (compressionLevel=5, truncBits=22)...
  Appended results to /eagle/UIC-HPC/amy/zstdtrunc-sweep.20260218_230809/results.jsonl
  Running compressor 'zstd-trunc' (compressionLevel=5, truncBits=23)...
  Appended results to /eagle/UIC-HPC/amy/zstdtrunc-sweep.20260218_230809/results.jsonl
  Running compressor 'zstd-trunc' (compressionLevel=5, truncBits=23)...
  Appended results to /eagle/UIC-HPC/amy/zstdtrunc-sweep.20260218_230809/results.jsonl
  Running compressor 'zstd-trunc' (compressionLevel=5, truncBits=23)...
  Appended results to /eagle/UIC-HPC/amy/zstdtrunc-sweep.20260218_230809/results.jsonl
  Running compressor 'zstd-trunc' (compressionLevel=5, truncBits=23)...
  Appended results to /eagle/UIC-HPC/amy/zstdtrunc-sweep.20260218_230809/results.jsonl
  Running compressor 'zstd-trunc' (compressionLevel=5, truncBits=23)...
  Appended results to /eagle/UIC-HPC/amy/zstdtrunc-sweep.20260218_230809/results.jsonl
  Running compressor 'zstd-trunc' (compressionLevel=5, truncBits=23)...
  Appended results to /eagle/UIC-HPC/amy/zstdtrunc-sweep.20260218_230809/results.jsonl
  Running compressor 'zstd-trunc' (compressionLevel=5, truncBits=23)...
  Appended results to /eagle/UIC-HPC/amy/zstdtrunc-sweep.20260218_230809/results.jsonl
  Running compressor 'zstd-trunc' (compressionLevel=5, truncBits=23)...
  Appended results to /eagle/UIC-HPC/amy/zstdtrunc-sweep.20260218_230809/results.jsonl
  Running compressor 'zstd-trunc' (compressionLevel=5, truncBits=23)...
  Appended results to /eagle/UIC-HPC/amy/zstdtrunc-sweep.20260218_230809/results.jsonl
  Running compressor 'zstd-trunc' (compressionLevel=5, truncBits=23)...
  Appended results to /eagle/UIC-HPC/amy/zstdtrunc-sweep.20260218_230809/results.jsonl
  Running compressor 'zstd-trunc' (compressionLevel=5, truncBits=23)...
  Appended results to /eagle/UIC-HPC/amy/zstdtrunc-sweep.20260218_230809/results.jsonl
Reading data for branch 'AnalysisJetsAuxDyn.phi'...
  Running compressor 'zstd-trunc' (compressionLevel=5, truncBits=0)...
  Appended results to /eagle/UIC-HPC/amy/zstdtrunc-sweep.20260218_230809/results.jsonl
  Running compressor 'zstd-trunc' (compressionLevel=5, truncBits=0)...
  Appended results to /eagle/UIC-HPC/amy/zstdtrunc-sweep.20260218_230809/results.jsonl
  Running compressor 'zstd-trunc' (compressionLevel=5, truncBits=0)...
  Appended results to /eagle/UIC-HPC/amy/zstdtrunc-sweep.20260218_230809/results.jsonl
  Running compressor 'zstd-trunc' (compressionLevel=5, truncBits=0)...
  Appended results to /eagle/UIC-HPC/amy/zstdtrunc-sweep.20260218_230809/results.jsonl
  Running compressor 'zstd-trunc' (compressionLevel=5, truncBits=0)...
  Appended results to /eagle/UIC-HPC/amy/zstdtrunc-sweep.20260218_230809/results.jsonl
  Running compressor 'zstd-trunc' (compressionLevel=5, truncBits=0)...
  Appended results to /eagle/UIC-HPC/amy/zstdtrunc-sweep.20260218_230809/results.jsonl
  Running compressor 'zstd-trunc' (compressionLevel=5, truncBits=0)...
  Appended results to /eagle/UIC-HPC/amy/zstdtrunc-sweep.20260218_230809/results.jsonl
  Running compressor 'zstd-trunc' (compressionLevel=5, truncBits=0)...
  Appended results to /eagle/UIC-HPC/amy/zstdtrunc-sweep.20260218_230809/results.jsonl
  Running compressor 'zstd-trunc' (compressionLevel=5, truncBits=0)...
  Appended results to /eagle/UIC-HPC/amy/zstdtrunc-sweep.20260218_230809/results.jsonl
  Running compressor 'zstd-trunc' (compressionLevel=5, truncBits=0)...
  Appended results to /eagle/UIC-HPC/amy/zstdtrunc-sweep.20260218_230809/results.jsonl
  Running compressor 'zstd-trunc' (compressionLevel=5, truncBits=0)...
  Appended results to /eagle/UIC-HPC/amy/zstdtrunc-sweep.20260218_230809/results.jsonl
  Running compressor 'zstd-trunc' (compressionLevel=5, truncBits=1)...
  Appended results to /eagle/UIC-HPC/amy/zstdtrunc-sweep.20260218_230809/results.jsonl
  Running compressor 'zstd-trunc' (compressionLevel=5, truncBits=1)...
  Appended results to /eagle/UIC-HPC/amy/zstdtrunc-sweep.20260218_230809/results.jsonl
  Running compressor 'zstd-trunc' (compressionLevel=5, truncBits=1)...
  Appended results to /eagle/UIC-HPC/amy/zstdtrunc-sweep.20260218_230809/results.jsonl
  Running compressor 'zstd-trunc' (compressionLevel=5, truncBits=1)...
  Appended results to /eagle/UIC-HPC/amy/zstdtrunc-sweep.20260218_230809/results.jsonl
  Running compressor 'zstd-trunc' (compressionLevel=5, truncBits=1)...
  Appended results to /eagle/UIC-HPC/amy/zstdtrunc-sweep.20260218_230809/results.jsonl
  Running compressor 'zstd-trunc' (compressionLevel=5, truncBits=1)...
  Appended results to /eagle/UIC-HPC/amy/zstdtrunc-sweep.20260218_230809/results.jsonl
  Running compressor 'zstd-trunc' (compressionLevel=5, truncBits=1)...
  Appended results to /eagle/UIC-HPC/amy/zstdtrunc-sweep.20260218_230809/results.jsonl
  Running compressor 'zstd-trunc' (compressionLevel=5, truncBits=1)...
  Appended results to /eagle/UIC-HPC/amy/zstdtrunc-sweep.20260218_230809/results.jsonl
  Running compressor 'zstd-trunc' (compressionLevel=5, truncBits=1)...
  Appended results to /eagle/UIC-HPC/amy/zstdtrunc-sweep.20260218_230809/results.jsonl
  Running compressor 'zstd-trunc' (compressionLevel=5, truncBits=1)...
  Appended results to /eagle/UIC-HPC/amy/zstdtrunc-sweep.20260218_230809/results.jsonl
  Running compressor 'zstd-trunc' (compressionLevel=5, truncBits=1)...
  Appended results to /eagle/UIC-HPC/amy/zstdtrunc-sweep.20260218_230809/results.jsonl
  Running compressor 'zstd-trunc' (compressionLevel=5, truncBits=2)...
  Appended results to /eagle/UIC-HPC/amy/zstdtrunc-sweep.20260218_230809/results.jsonl
  Running compressor 'zstd-trunc' (compressionLevel=5, truncBits=2)...
  Appended results to /eagle/UIC-HPC/amy/zstdtrunc-sweep.20260218_230809/results.jsonl
  Running compressor 'zstd-trunc' (compressionLevel=5, truncBits=2)...
  Appended results to /eagle/UIC-HPC/amy/zstdtrunc-sweep.20260218_230809/results.jsonl
  Running compressor 'zstd-trunc' (compressionLevel=5, truncBits=2)...
  Appended results to /eagle/UIC-HPC/amy/zstdtrunc-sweep.20260218_230809/results.jsonl
  Running compressor 'zstd-trunc' (compressionLevel=5, truncBits=2)...
  Appended results to /eagle/UIC-HPC/amy/zstdtrunc-sweep.20260218_230809/results.jsonl
  Running compressor 'zstd-trunc' (compressionLevel=5, truncBits=2)...
  Appended results to /eagle/UIC-HPC/amy/zstdtrunc-sweep.20260218_230809/results.jsonl
  Running compressor 'zstd-trunc' (compressionLevel=5, truncBits=2)...
  Appended results to /eagle/UIC-HPC/amy/zstdtrunc-sweep.20260218_230809/results.jsonl
  Running compressor 'zstd-trunc' (compressionLevel=5, truncBits=2)...
  Appended results to /eagle/UIC-HPC/amy/zstdtrunc-sweep.20260218_230809/results.jsonl
  Running compressor 'zstd-trunc' (compressionLevel=5, truncBits=2)...
  Appended results to /eagle/UIC-HPC/amy/zstdtrunc-sweep.20260218_230809/results.jsonl
  Running compressor 'zstd-trunc' (compressionLevel=5, truncBits=2)...
  Appended results to /eagle/UIC-HPC/amy/zstdtrunc-sweep.20260218_230809/results.jsonl
  Running compressor 'zstd-trunc' (compressionLevel=5, truncBits=2)...
  Appended results to /eagle/UIC-HPC/amy/zstdtrunc-sweep.20260218_230809/results.jsonl
  Running compressor 'zstd-trunc' (compressionLevel=5, truncBits=3)...
  Appended results to /eagle/UIC-HPC/amy/zstdtrunc-sweep.20260218_230809/results.jsonl
  Running compressor 'zstd-trunc' (compressionLevel=5, truncBits=3)...
  Appended results to /eagle/UIC-HPC/amy/zstdtrunc-sweep.20260218_230809/results.jsonl
  Running compressor 'zstd-trunc' (compressionLevel=5, truncBits=3)...
  Appended results to /eagle/UIC-HPC/amy/zstdtrunc-sweep.20260218_230809/results.jsonl
  Running compressor 'zstd-trunc' (compressionLevel=5, truncBits=3)...
  Appended results to /eagle/UIC-HPC/amy/zstdtrunc-sweep.20260218_230809/results.jsonl
  Running compressor 'zstd-trunc' (compressionLevel=5, truncBits=3)...
  Appended results to /eagle/UIC-HPC/amy/zstdtrunc-sweep.20260218_230809/results.jsonl
  Running compressor 'zstd-trunc' (compressionLevel=5, truncBits=3)...
  Appended results to /eagle/UIC-HPC/amy/zstdtrunc-sweep.20260218_230809/results.jsonl
  Running compressor 'zstd-trunc' (compressionLevel=5, truncBits=3)...
  Appended results to /eagle/UIC-HPC/amy/zstdtrunc-sweep.20260218_230809/results.jsonl
  Running compressor 'zstd-trunc' (compressionLevel=5, truncBits=3)...
  Appended results to /eagle/UIC-HPC/amy/zstdtrunc-sweep.20260218_230809/results.jsonl
  Running compressor 'zstd-trunc' (compressionLevel=5, truncBits=3)...
  Appended results to /eagle/UIC-HPC/amy/zstdtrunc-sweep.20260218_230809/results.jsonl
  Running compressor 'zstd-trunc' (compressionLevel=5, truncBits=3)...
  Appended results to /eagle/UIC-HPC/amy/zstdtrunc-sweep.20260218_230809/results.jsonl
  Running compressor 'zstd-trunc' (compressionLevel=5, truncBits=3)...
  Appended results to /eagle/UIC-HPC/amy/zstdtrunc-sweep.20260218_230809/results.jsonl
  Running compressor 'zstd-trunc' (compressionLevel=5, truncBits=4)...
  Appended results to /eagle/UIC-HPC/amy/zstdtrunc-sweep.20260218_230809/results.jsonl
  Running compressor 'zstd-trunc' (compressionLevel=5, truncBits=4)...
  Appended results to /eagle/UIC-HPC/amy/zstdtrunc-sweep.20260218_230809/results.jsonl
  Running compressor 'zstd-trunc' (compressionLevel=5, truncBits=4)...
  Appended results to /eagle/UIC-HPC/amy/zstdtrunc-sweep.20260218_230809/results.jsonl
  Running compressor 'zstd-trunc' (compressionLevel=5, truncBits=4)...
  Appended results to /eagle/UIC-HPC/amy/zstdtrunc-sweep.20260218_230809/results.jsonl
  Running compressor 'zstd-trunc' (compressionLevel=5, truncBits=4)...
  Appended results to /eagle/UIC-HPC/amy/zstdtrunc-sweep.20260218_230809/results.jsonl
  Running compressor 'zstd-trunc' (compressionLevel=5, truncBits=4)...
  Appended results to /eagle/UIC-HPC/amy/zstdtrunc-sweep.20260218_230809/results.jsonl
  Running compressor 'zstd-trunc' (compressionLevel=5, truncBits=4)...
  Appended results to /eagle/UIC-HPC/amy/zstdtrunc-sweep.20260218_230809/results.jsonl
  Running compressor 'zstd-trunc' (compressionLevel=5, truncBits=4)...
  Appended results to /eagle/UIC-HPC/amy/zstdtrunc-sweep.20260218_230809/results.jsonl
  Running compressor 'zstd-trunc' (compressionLevel=5, truncBits=4)...
  Appended results to /eagle/UIC-HPC/amy/zstdtrunc-sweep.20260218_230809/results.jsonl
  Running compressor 'zstd-trunc' (compressionLevel=5, truncBits=4)...
  Appended results to /eagle/UIC-HPC/amy/zstdtrunc-sweep.20260218_230809/results.jsonl
  Running compressor 'zstd-trunc' (compressionLevel=5, truncBits=4)...
  Appended results to /eagle/UIC-HPC/amy/zstdtrunc-sweep.20260218_230809/results.jsonl
  Running compressor 'zstd-trunc' (compressionLevel=5, truncBits=5)...
  Appended results to /eagle/UIC-HPC/amy/zstdtrunc-sweep.20260218_230809/results.jsonl
  Running compressor 'zstd-trunc' (compressionLevel=5, truncBits=5)...
  Appended results to /eagle/UIC-HPC/amy/zstdtrunc-sweep.20260218_230809/results.jsonl
  Running compressor 'zstd-trunc' (compressionLevel=5, truncBits=5)...
  Appended results to /eagle/UIC-HPC/amy/zstdtrunc-sweep.20260218_230809/results.jsonl
  Running compressor 'zstd-trunc' (compressionLevel=5, truncBits=5)...
  Appended results to /eagle/UIC-HPC/amy/zstdtrunc-sweep.20260218_230809/results.jsonl
  Running compressor 'zstd-trunc' (compressionLevel=5, truncBits=5)...
  Appended results to /eagle/UIC-HPC/amy/zstdtrunc-sweep.20260218_230809/results.jsonl
  Running compressor 'zstd-trunc' (compressionLevel=5, truncBits=5)...
  Appended results to /eagle/UIC-HPC/amy/zstdtrunc-sweep.20260218_230809/results.jsonl
  Running compressor 'zstd-trunc' (compressionLevel=5, truncBits=5)...
  Appended results to /eagle/UIC-HPC/amy/zstdtrunc-sweep.20260218_230809/results.jsonl
  Running compressor 'zstd-trunc' (compressionLevel=5, truncBits=5)...
  Appended results to /eagle/UIC-HPC/amy/zstdtrunc-sweep.20260218_230809/results.jsonl
  Running compressor 'zstd-trunc' (compressionLevel=5, truncBits=5)...
  Appended results to /eagle/UIC-HPC/amy/zstdtrunc-sweep.20260218_230809/results.jsonl
  Running compressor 'zstd-trunc' (compressionLevel=5, truncBits=5)...
  Appended results to /eagle/UIC-HPC/amy/zstdtrunc-sweep.20260218_230809/results.jsonl
  Running compressor 'zstd-trunc' (compressionLevel=5, truncBits=5)...
  Appended results to /eagle/UIC-HPC/amy/zstdtrunc-sweep.20260218_230809/results.jsonl
  Running compressor 'zstd-trunc' (compressionLevel=5, truncBits=6)...
  Appended results to /eagle/UIC-HPC/amy/zstdtrunc-sweep.20260218_230809/results.jsonl
  Running compressor 'zstd-trunc' (compressionLevel=5, truncBits=6)...
  Appended results to /eagle/UIC-HPC/amy/zstdtrunc-sweep.20260218_230809/results.jsonl
  Running compressor 'zstd-trunc' (compressionLevel=5, truncBits=6)...
  Appended results to /eagle/UIC-HPC/amy/zstdtrunc-sweep.20260218_230809/results.jsonl
  Running compressor 'zstd-trunc' (compressionLevel=5, truncBits=6)...
  Appended results to /eagle/UIC-HPC/amy/zstdtrunc-sweep.20260218_230809/results.jsonl
  Running compressor 'zstd-trunc' (compressionLevel=5, truncBits=6)...
  Appended results to /eagle/UIC-HPC/amy/zstdtrunc-sweep.20260218_230809/results.jsonl
  Running compressor 'zstd-trunc' (compressionLevel=5, truncBits=6)...
  Appended results to /eagle/UIC-HPC/amy/zstdtrunc-sweep.20260218_230809/results.jsonl
  Running compressor 'zstd-trunc' (compressionLevel=5, truncBits=6)...
  Appended results to /eagle/UIC-HPC/amy/zstdtrunc-sweep.20260218_230809/results.jsonl
  Running compressor 'zstd-trunc' (compressionLevel=5, truncBits=6)...
  Appended results to /eagle/UIC-HPC/amy/zstdtrunc-sweep.20260218_230809/results.jsonl
  Running compressor 'zstd-trunc' (compressionLevel=5, truncBits=6)...
  Appended results to /eagle/UIC-HPC/amy/zstdtrunc-sweep.20260218_230809/results.jsonl
  Running compressor 'zstd-trunc' (compressionLevel=5, truncBits=6)...
  Appended results to /eagle/UIC-HPC/amy/zstdtrunc-sweep.20260218_230809/results.jsonl
  Running compressor 'zstd-trunc' (compressionLevel=5, truncBits=6)...
  Appended results to /eagle/UIC-HPC/amy/zstdtrunc-sweep.20260218_230809/results.jsonl
  Running compressor 'zstd-trunc' (compressionLevel=5, truncBits=7)...
  Appended results to /eagle/UIC-HPC/amy/zstdtrunc-sweep.20260218_230809/results.jsonl
  Running compressor 'zstd-trunc' (compressionLevel=5, truncBits=7)...
  Appended results to /eagle/UIC-HPC/amy/zstdtrunc-sweep.20260218_230809/results.jsonl
  Running compressor 'zstd-trunc' (compressionLevel=5, truncBits=7)...
  Appended results to /eagle/UIC-HPC/amy/zstdtrunc-sweep.20260218_230809/results.jsonl
  Running compressor 'zstd-trunc' (compressionLevel=5, truncBits=7)...
  Appended results to /eagle/UIC-HPC/amy/zstdtrunc-sweep.20260218_230809/results.jsonl
  Running compressor 'zstd-trunc' (compressionLevel=5, truncBits=7)...
  Appended results to /eagle/UIC-HPC/amy/zstdtrunc-sweep.20260218_230809/results.jsonl
  Running compressor 'zstd-trunc' (compressionLevel=5, truncBits=7)...
  Appended results to /eagle/UIC-HPC/amy/zstdtrunc-sweep.20260218_230809/results.jsonl
  Running compressor 'zstd-trunc' (compressionLevel=5, truncBits=7)...
  Appended results to /eagle/UIC-HPC/amy/zstdtrunc-sweep.20260218_230809/results.jsonl
  Running compressor 'zstd-trunc' (compressionLevel=5, truncBits=7)...
  Appended results to /eagle/UIC-HPC/amy/zstdtrunc-sweep.20260218_230809/results.jsonl
  Running compressor 'zstd-trunc' (compressionLevel=5, truncBits=7)...
  Appended results to /eagle/UIC-HPC/amy/zstdtrunc-sweep.20260218_230809/results.jsonl
  Running compressor 'zstd-trunc' (compressionLevel=5, truncBits=7)...
  Appended results to /eagle/UIC-HPC/amy/zstdtrunc-sweep.20260218_230809/results.jsonl
  Running compressor 'zstd-trunc' (compressionLevel=5, truncBits=7)...
  Appended results to /eagle/UIC-HPC/amy/zstdtrunc-sweep.20260218_230809/results.jsonl
  Running compressor 'zstd-trunc' (compressionLevel=5, truncBits=8)...
  Appended results to /eagle/UIC-HPC/amy/zstdtrunc-sweep.20260218_230809/results.jsonl
  Running compressor 'zstd-trunc' (compressionLevel=5, truncBits=8)...
  Appended results to /eagle/UIC-HPC/amy/zstdtrunc-sweep.20260218_230809/results.jsonl
  Running compressor 'zstd-trunc' (compressionLevel=5, truncBits=8)...
  Appended results to /eagle/UIC-HPC/amy/zstdtrunc-sweep.20260218_230809/results.jsonl
  Running compressor 'zstd-trunc' (compressionLevel=5, truncBits=8)...
  Appended results to /eagle/UIC-HPC/amy/zstdtrunc-sweep.20260218_230809/results.jsonl
  Running compressor 'zstd-trunc' (compressionLevel=5, truncBits=8)...
  Appended results to /eagle/UIC-HPC/amy/zstdtrunc-sweep.20260218_230809/results.jsonl
  Running compressor 'zstd-trunc' (compressionLevel=5, truncBits=8)...
  Appended results to /eagle/UIC-HPC/amy/zstdtrunc-sweep.20260218_230809/results.jsonl
  Running compressor 'zstd-trunc' (compressionLevel=5, truncBits=8)...
  Appended results to /eagle/UIC-HPC/amy/zstdtrunc-sweep.20260218_230809/results.jsonl
  Running compressor 'zstd-trunc' (compressionLevel=5, truncBits=8)...
  Appended results to /eagle/UIC-HPC/amy/zstdtrunc-sweep.20260218_230809/results.jsonl
  Running compressor 'zstd-trunc' (compressionLevel=5, truncBits=8)...
  Appended results to /eagle/UIC-HPC/amy/zstdtrunc-sweep.20260218_230809/results.jsonl
  Running compressor 'zstd-trunc' (compressionLevel=5, truncBits=8)...
  Appended results to /eagle/UIC-HPC/amy/zstdtrunc-sweep.20260218_230809/results.jsonl
  Running compressor 'zstd-trunc' (compressionLevel=5, truncBits=8)...
  Appended results to /eagle/UIC-HPC/amy/zstdtrunc-sweep.20260218_230809/results.jsonl
  Running compressor 'zstd-trunc' (compressionLevel=5, truncBits=9)...
  Appended results to /eagle/UIC-HPC/amy/zstdtrunc-sweep.20260218_230809/results.jsonl
  Running compressor 'zstd-trunc' (compressionLevel=5, truncBits=9)...
  Appended results to /eagle/UIC-HPC/amy/zstdtrunc-sweep.20260218_230809/results.jsonl
  Running compressor 'zstd-trunc' (compressionLevel=5, truncBits=9)...
  Appended results to /eagle/UIC-HPC/amy/zstdtrunc-sweep.20260218_230809/results.jsonl
  Running compressor 'zstd-trunc' (compressionLevel=5, truncBits=9)...
  Appended results to /eagle/UIC-HPC/amy/zstdtrunc-sweep.20260218_230809/results.jsonl
  Running compressor 'zstd-trunc' (compressionLevel=5, truncBits=9)...
  Appended results to /eagle/UIC-HPC/amy/zstdtrunc-sweep.20260218_230809/results.jsonl
  Running compressor 'zstd-trunc' (compressionLevel=5, truncBits=9)...
  Appended results to /eagle/UIC-HPC/amy/zstdtrunc-sweep.20260218_230809/results.jsonl
  Running compressor 'zstd-trunc' (compressionLevel=5, truncBits=9)...
  Appended results to /eagle/UIC-HPC/amy/zstdtrunc-sweep.20260218_230809/results.jsonl
  Running compressor 'zstd-trunc' (compressionLevel=5, truncBits=9)...
  Appended results to /eagle/UIC-HPC/amy/zstdtrunc-sweep.20260218_230809/results.jsonl
  Running compressor 'zstd-trunc' (compressionLevel=5, truncBits=9)...
  Appended results to /eagle/UIC-HPC/amy/zstdtrunc-sweep.20260218_230809/results.jsonl
  Running compressor 'zstd-trunc' (compressionLevel=5, truncBits=9)...
  Appended results to /eagle/UIC-HPC/amy/zstdtrunc-sweep.20260218_230809/results.jsonl
  Running compressor 'zstd-trunc' (compressionLevel=5, truncBits=9)...
  Appended results to /eagle/UIC-HPC/amy/zstdtrunc-sweep.20260218_230809/results.jsonl
  Running compressor 'zstd-trunc' (compressionLevel=5, truncBits=10)...
  Appended results to /eagle/UIC-HPC/amy/zstdtrunc-sweep.20260218_230809/results.jsonl
  Running compressor 'zstd-trunc' (compressionLevel=5, truncBits=10)...
  Appended results to /eagle/UIC-HPC/amy/zstdtrunc-sweep.20260218_230809/results.jsonl
  Running compressor 'zstd-trunc' (compressionLevel=5, truncBits=10)...
  Appended results to /eagle/UIC-HPC/amy/zstdtrunc-sweep.20260218_230809/results.jsonl
  Running compressor 'zstd-trunc' (compressionLevel=5, truncBits=10)...
  Appended results to /eagle/UIC-HPC/amy/zstdtrunc-sweep.20260218_230809/results.jsonl
  Running compressor 'zstd-trunc' (compressionLevel=5, truncBits=10)...
  Appended results to /eagle/UIC-HPC/amy/zstdtrunc-sweep.20260218_230809/results.jsonl
  Running compressor 'zstd-trunc' (compressionLevel=5, truncBits=10)...
  Appended results to /eagle/UIC-HPC/amy/zstdtrunc-sweep.20260218_230809/results.jsonl
  Running compressor 'zstd-trunc' (compressionLevel=5, truncBits=10)...
  Appended results to /eagle/UIC-HPC/amy/zstdtrunc-sweep.20260218_230809/results.jsonl
  Running compressor 'zstd-trunc' (compressionLevel=5, truncBits=10)...
  Appended results to /eagle/UIC-HPC/amy/zstdtrunc-sweep.20260218_230809/results.jsonl
  Running compressor 'zstd-trunc' (compressionLevel=5, truncBits=10)...
  Appended results to /eagle/UIC-HPC/amy/zstdtrunc-sweep.20260218_230809/results.jsonl
  Running compressor 'zstd-trunc' (compressionLevel=5, truncBits=10)...
  Appended results to /eagle/UIC-HPC/amy/zstdtrunc-sweep.20260218_230809/results.jsonl
  Running compressor 'zstd-trunc' (compressionLevel=5, truncBits=10)...
  Appended results to /eagle/UIC-HPC/amy/zstdtrunc-sweep.20260218_230809/results.jsonl
  Running compressor 'zstd-trunc' (compressionLevel=5, truncBits=11)...
  Appended results to /eagle/UIC-HPC/amy/zstdtrunc-sweep.20260218_230809/results.jsonl
  Running compressor 'zstd-trunc' (compressionLevel=5, truncBits=11)...
  Appended results to /eagle/UIC-HPC/amy/zstdtrunc-sweep.20260218_230809/results.jsonl
  Running compressor 'zstd-trunc' (compressionLevel=5, truncBits=11)...
  Appended results to /eagle/UIC-HPC/amy/zstdtrunc-sweep.20260218_230809/results.jsonl
  Running compressor 'zstd-trunc' (compressionLevel=5, truncBits=11)...
  Appended results to /eagle/UIC-HPC/amy/zstdtrunc-sweep.20260218_230809/results.jsonl
  Running compressor 'zstd-trunc' (compressionLevel=5, truncBits=11)...
  Appended results to /eagle/UIC-HPC/amy/zstdtrunc-sweep.20260218_230809/results.jsonl
  Running compressor 'zstd-trunc' (compressionLevel=5, truncBits=11)...
  Appended results to /eagle/UIC-HPC/amy/zstdtrunc-sweep.20260218_230809/results.jsonl
  Running compressor 'zstd-trunc' (compressionLevel=5, truncBits=11)...
  Appended results to /eagle/UIC-HPC/amy/zstdtrunc-sweep.20260218_230809/results.jsonl
  Running compressor 'zstd-trunc' (compressionLevel=5, truncBits=11)...
  Appended results to /eagle/UIC-HPC/amy/zstdtrunc-sweep.20260218_230809/results.jsonl
  Running compressor 'zstd-trunc' (compressionLevel=5, truncBits=11)...
  Appended results to /eagle/UIC-HPC/amy/zstdtrunc-sweep.20260218_230809/results.jsonl
  Running compressor 'zstd-trunc' (compressionLevel=5, truncBits=11)...
  Appended results to /eagle/UIC-HPC/amy/zstdtrunc-sweep.20260218_230809/results.jsonl
  Running compressor 'zstd-trunc' (compressionLevel=5, truncBits=11)...
  Appended results to /eagle/UIC-HPC/amy/zstdtrunc-sweep.20260218_230809/results.jsonl
  Running compressor 'zstd-trunc' (compressionLevel=5, truncBits=12)...
  Appended results to /eagle/UIC-HPC/amy/zstdtrunc-sweep.20260218_230809/results.jsonl
  Running compressor 'zstd-trunc' (compressionLevel=5, truncBits=12)...
  Appended results to /eagle/UIC-HPC/amy/zstdtrunc-sweep.20260218_230809/results.jsonl
  Running compressor 'zstd-trunc' (compressionLevel=5, truncBits=12)...
  Appended results to /eagle/UIC-HPC/amy/zstdtrunc-sweep.20260218_230809/results.jsonl
  Running compressor 'zstd-trunc' (compressionLevel=5, truncBits=12)...
  Appended results to /eagle/UIC-HPC/amy/zstdtrunc-sweep.20260218_230809/results.jsonl
  Running compressor 'zstd-trunc' (compressionLevel=5, truncBits=12)...
  Appended results to /eagle/UIC-HPC/amy/zstdtrunc-sweep.20260218_230809/results.jsonl
  Running compressor 'zstd-trunc' (compressionLevel=5, truncBits=12)...
  Appended results to /eagle/UIC-HPC/amy/zstdtrunc-sweep.20260218_230809/results.jsonl
  Running compressor 'zstd-trunc' (compressionLevel=5, truncBits=12)...
  Appended results to /eagle/UIC-HPC/amy/zstdtrunc-sweep.20260218_230809/results.jsonl
  Running compressor 'zstd-trunc' (compressionLevel=5, truncBits=12)...
  Appended results to /eagle/UIC-HPC/amy/zstdtrunc-sweep.20260218_230809/results.jsonl
  Running compressor 'zstd-trunc' (compressionLevel=5, truncBits=12)...
  Appended results to /eagle/UIC-HPC/amy/zstdtrunc-sweep.20260218_230809/results.jsonl
  Running compressor 'zstd-trunc' (compressionLevel=5, truncBits=12)...
  Appended results to /eagle/UIC-HPC/amy/zstdtrunc-sweep.20260218_230809/results.jsonl
  Running compressor 'zstd-trunc' (compressionLevel=5, truncBits=12)...
  Appended results to /eagle/UIC-HPC/amy/zstdtrunc-sweep.20260218_230809/results.jsonl
  Running compressor 'zstd-trunc' (compressionLevel=5, truncBits=13)...
  Appended results to /eagle/UIC-HPC/amy/zstdtrunc-sweep.20260218_230809/results.jsonl
  Running compressor 'zstd-trunc' (compressionLevel=5, truncBits=13)...
  Appended results to /eagle/UIC-HPC/amy/zstdtrunc-sweep.20260218_230809/results.jsonl
  Running compressor 'zstd-trunc' (compressionLevel=5, truncBits=13)...
  Appended results to /eagle/UIC-HPC/amy/zstdtrunc-sweep.20260218_230809/results.jsonl
  Running compressor 'zstd-trunc' (compressionLevel=5, truncBits=13)...
  Appended results to /eagle/UIC-HPC/amy/zstdtrunc-sweep.20260218_230809/results.jsonl
  Running compressor 'zstd-trunc' (compressionLevel=5, truncBits=13)...
  Appended results to /eagle/UIC-HPC/amy/zstdtrunc-sweep.20260218_230809/results.jsonl
  Running compressor 'zstd-trunc' (compressionLevel=5, truncBits=13)...
  Appended results to /eagle/UIC-HPC/amy/zstdtrunc-sweep.20260218_230809/results.jsonl
  Running compressor 'zstd-trunc' (compressionLevel=5, truncBits=13)...
  Appended results to /eagle/UIC-HPC/amy/zstdtrunc-sweep.20260218_230809/results.jsonl
  Running compressor 'zstd-trunc' (compressionLevel=5, truncBits=13)...
  Appended results to /eagle/UIC-HPC/amy/zstdtrunc-sweep.20260218_230809/results.jsonl
  Running compressor 'zstd-trunc' (compressionLevel=5, truncBits=13)...
  Appended results to /eagle/UIC-HPC/amy/zstdtrunc-sweep.20260218_230809/results.jsonl
  Running compressor 'zstd-trunc' (compressionLevel=5, truncBits=13)...
  Appended results to /eagle/UIC-HPC/amy/zstdtrunc-sweep.20260218_230809/results.jsonl
  Running compressor 'zstd-trunc' (compressionLevel=5, truncBits=13)...
  Appended results to /eagle/UIC-HPC/amy/zstdtrunc-sweep.20260218_230809/results.jsonl
  Running compressor 'zstd-trunc' (compressionLevel=5, truncBits=14)...
  Appended results to /eagle/UIC-HPC/amy/zstdtrunc-sweep.20260218_230809/results.jsonl
  Running compressor 'zstd-trunc' (compressionLevel=5, truncBits=14)...
  Appended results to /eagle/UIC-HPC/amy/zstdtrunc-sweep.20260218_230809/results.jsonl
  Running compressor 'zstd-trunc' (compressionLevel=5, truncBits=14)...
  Appended results to /eagle/UIC-HPC/amy/zstdtrunc-sweep.20260218_230809/results.jsonl
  Running compressor 'zstd-trunc' (compressionLevel=5, truncBits=14)...
  Appended results to /eagle/UIC-HPC/amy/zstdtrunc-sweep.20260218_230809/results.jsonl
  Running compressor 'zstd-trunc' (compressionLevel=5, truncBits=14)...
  Appended results to /eagle/UIC-HPC/amy/zstdtrunc-sweep.20260218_230809/results.jsonl
  Running compressor 'zstd-trunc' (compressionLevel=5, truncBits=14)...
  Appended results to /eagle/UIC-HPC/amy/zstdtrunc-sweep.20260218_230809/results.jsonl
  Running compressor 'zstd-trunc' (compressionLevel=5, truncBits=14)...
  Appended results to /eagle/UIC-HPC/amy/zstdtrunc-sweep.20260218_230809/results.jsonl
  Running compressor 'zstd-trunc' (compressionLevel=5, truncBits=14)...
  Appended results to /eagle/UIC-HPC/amy/zstdtrunc-sweep.20260218_230809/results.jsonl
  Running compressor 'zstd-trunc' (compressionLevel=5, truncBits=14)...
  Appended results to /eagle/UIC-HPC/amy/zstdtrunc-sweep.20260218_230809/results.jsonl
  Running compressor 'zstd-trunc' (compressionLevel=5, truncBits=14)...
  Appended results to /eagle/UIC-HPC/amy/zstdtrunc-sweep.20260218_230809/results.jsonl
  Running compressor 'zstd-trunc' (compressionLevel=5, truncBits=14)...
  Appended results to /eagle/UIC-HPC/amy/zstdtrunc-sweep.20260218_230809/results.jsonl
  Running compressor 'zstd-trunc' (compressionLevel=5, truncBits=15)...
  Appended results to /eagle/UIC-HPC/amy/zstdtrunc-sweep.20260218_230809/results.jsonl
  Running compressor 'zstd-trunc' (compressionLevel=5, truncBits=15)...
  Appended results to /eagle/UIC-HPC/amy/zstdtrunc-sweep.20260218_230809/results.jsonl
  Running compressor 'zstd-trunc' (compressionLevel=5, truncBits=15)...
  Appended results to /eagle/UIC-HPC/amy/zstdtrunc-sweep.20260218_230809/results.jsonl
  Running compressor 'zstd-trunc' (compressionLevel=5, truncBits=15)...
  Appended results to /eagle/UIC-HPC/amy/zstdtrunc-sweep.20260218_230809/results.jsonl
  Running compressor 'zstd-trunc' (compressionLevel=5, truncBits=15)...
  Appended results to /eagle/UIC-HPC/amy/zstdtrunc-sweep.20260218_230809/results.jsonl
  Running compressor 'zstd-trunc' (compressionLevel=5, truncBits=15)...
  Appended results to /eagle/UIC-HPC/amy/zstdtrunc-sweep.20260218_230809/results.jsonl
  Running compressor 'zstd-trunc' (compressionLevel=5, truncBits=15)...
  Appended results to /eagle/UIC-HPC/amy/zstdtrunc-sweep.20260218_230809/results.jsonl
  Running compressor 'zstd-trunc' (compressionLevel=5, truncBits=15)...
  Appended results to /eagle/UIC-HPC/amy/zstdtrunc-sweep.20260218_230809/results.jsonl
  Running compressor 'zstd-trunc' (compressionLevel=5, truncBits=15)...
  Appended results to /eagle/UIC-HPC/amy/zstdtrunc-sweep.20260218_230809/results.jsonl
  Running compressor 'zstd-trunc' (compressionLevel=5, truncBits=15)...
  Appended results to /eagle/UIC-HPC/amy/zstdtrunc-sweep.20260218_230809/results.jsonl
  Running compressor 'zstd-trunc' (compressionLevel=5, truncBits=15)...
  Appended results to /eagle/UIC-HPC/amy/zstdtrunc-sweep.20260218_230809/results.jsonl
  Running compressor 'zstd-trunc' (compressionLevel=5, truncBits=16)...
  Appended results to /eagle/UIC-HPC/amy/zstdtrunc-sweep.20260218_230809/results.jsonl
  Running compressor 'zstd-trunc' (compressionLevel=5, truncBits=16)...
  Appended results to /eagle/UIC-HPC/amy/zstdtrunc-sweep.20260218_230809/results.jsonl
  Running compressor 'zstd-trunc' (compressionLevel=5, truncBits=16)...
  Appended results to /eagle/UIC-HPC/amy/zstdtrunc-sweep.20260218_230809/results.jsonl
  Running compressor 'zstd-trunc' (compressionLevel=5, truncBits=16)...
  Appended results to /eagle/UIC-HPC/amy/zstdtrunc-sweep.20260218_230809/results.jsonl
  Running compressor 'zstd-trunc' (compressionLevel=5, truncBits=16)...
  Appended results to /eagle/UIC-HPC/amy/zstdtrunc-sweep.20260218_230809/results.jsonl
  Running compressor 'zstd-trunc' (compressionLevel=5, truncBits=16)...
  Appended results to /eagle/UIC-HPC/amy/zstdtrunc-sweep.20260218_230809/results.jsonl
  Running compressor 'zstd-trunc' (compressionLevel=5, truncBits=16)...
  Appended results to /eagle/UIC-HPC/amy/zstdtrunc-sweep.20260218_230809/results.jsonl
  Running compressor 'zstd-trunc' (compressionLevel=5, truncBits=16)...
  Appended results to /eagle/UIC-HPC/amy/zstdtrunc-sweep.20260218_230809/results.jsonl
  Running compressor 'zstd-trunc' (compressionLevel=5, truncBits=16)...
  Appended results to /eagle/UIC-HPC/amy/zstdtrunc-sweep.20260218_230809/results.jsonl
  Running compressor 'zstd-trunc' (compressionLevel=5, truncBits=16)...
  Appended results to /eagle/UIC-HPC/amy/zstdtrunc-sweep.20260218_230809/results.jsonl
  Running compressor 'zstd-trunc' (compressionLevel=5, truncBits=16)...
  Appended results to /eagle/UIC-HPC/amy/zstdtrunc-sweep.20260218_230809/results.jsonl
  Running compressor 'zstd-trunc' (compressionLevel=5, truncBits=17)...
  Appended results to /eagle/UIC-HPC/amy/zstdtrunc-sweep.20260218_230809/results.jsonl
  Running compressor 'zstd-trunc' (compressionLevel=5, truncBits=17)...
  Appended results to /eagle/UIC-HPC/amy/zstdtrunc-sweep.20260218_230809/results.jsonl
  Running compressor 'zstd-trunc' (compressionLevel=5, truncBits=17)...
  Appended results to /eagle/UIC-HPC/amy/zstdtrunc-sweep.20260218_230809/results.jsonl
  Running compressor 'zstd-trunc' (compressionLevel=5, truncBits=17)...
  Appended results to /eagle/UIC-HPC/amy/zstdtrunc-sweep.20260218_230809/results.jsonl
  Running compressor 'zstd-trunc' (compressionLevel=5, truncBits=17)...
  Appended results to /eagle/UIC-HPC/amy/zstdtrunc-sweep.20260218_230809/results.jsonl
  Running compressor 'zstd-trunc' (compressionLevel=5, truncBits=17)...
  Appended results to /eagle/UIC-HPC/amy/zstdtrunc-sweep.20260218_230809/results.jsonl
  Running compressor 'zstd-trunc' (compressionLevel=5, truncBits=17)...
  Appended results to /eagle/UIC-HPC/amy/zstdtrunc-sweep.20260218_230809/results.jsonl
  Running compressor 'zstd-trunc' (compressionLevel=5, truncBits=17)...
  Appended results to /eagle/UIC-HPC/amy/zstdtrunc-sweep.20260218_230809/results.jsonl
  Running compressor 'zstd-trunc' (compressionLevel=5, truncBits=17)...
  Appended results to /eagle/UIC-HPC/amy/zstdtrunc-sweep.20260218_230809/results.jsonl
  Running compressor 'zstd-trunc' (compressionLevel=5, truncBits=17)...
  Appended results to /eagle/UIC-HPC/amy/zstdtrunc-sweep.20260218_230809/results.jsonl
  Running compressor 'zstd-trunc' (compressionLevel=5, truncBits=17)...
  Appended results to /eagle/UIC-HPC/amy/zstdtrunc-sweep.20260218_230809/results.jsonl
  Running compressor 'zstd-trunc' (compressionLevel=5, truncBits=18)...
  Appended results to /eagle/UIC-HPC/amy/zstdtrunc-sweep.20260218_230809/results.jsonl
  Running compressor 'zstd-trunc' (compressionLevel=5, truncBits=18)...
  Appended results to /eagle/UIC-HPC/amy/zstdtrunc-sweep.20260218_230809/results.jsonl
  Running compressor 'zstd-trunc' (compressionLevel=5, truncBits=18)...
  Appended results to /eagle/UIC-HPC/amy/zstdtrunc-sweep.20260218_230809/results.jsonl
  Running compressor 'zstd-trunc' (compressionLevel=5, truncBits=18)...
  Appended results to /eagle/UIC-HPC/amy/zstdtrunc-sweep.20260218_230809/results.jsonl
  Running compressor 'zstd-trunc' (compressionLevel=5, truncBits=18)...
  Appended results to /eagle/UIC-HPC/amy/zstdtrunc-sweep.20260218_230809/results.jsonl
  Running compressor 'zstd-trunc' (compressionLevel=5, truncBits=18)...
  Appended results to /eagle/UIC-HPC/amy/zstdtrunc-sweep.20260218_230809/results.jsonl
  Running compressor 'zstd-trunc' (compressionLevel=5, truncBits=18)...
  Appended results to /eagle/UIC-HPC/amy/zstdtrunc-sweep.20260218_230809/results.jsonl
  Running compressor 'zstd-trunc' (compressionLevel=5, truncBits=18)...
  Appended results to /eagle/UIC-HPC/amy/zstdtrunc-sweep.20260218_230809/results.jsonl
  Running compressor 'zstd-trunc' (compressionLevel=5, truncBits=18)...
  Appended results to /eagle/UIC-HPC/amy/zstdtrunc-sweep.20260218_230809/results.jsonl
  Running compressor 'zstd-trunc' (compressionLevel=5, truncBits=18)...
  Appended results to /eagle/UIC-HPC/amy/zstdtrunc-sweep.20260218_230809/results.jsonl
  Running compressor 'zstd-trunc' (compressionLevel=5, truncBits=18)...
  Appended results to /eagle/UIC-HPC/amy/zstdtrunc-sweep.20260218_230809/results.jsonl
  Running compressor 'zstd-trunc' (compressionLevel=5, truncBits=19)...
  Appended results to /eagle/UIC-HPC/amy/zstdtrunc-sweep.20260218_230809/results.jsonl
  Running compressor 'zstd-trunc' (compressionLevel=5, truncBits=19)...
  Appended results to /eagle/UIC-HPC/amy/zstdtrunc-sweep.20260218_230809/results.jsonl
  Running compressor 'zstd-trunc' (compressionLevel=5, truncBits=19)...
  Appended results to /eagle/UIC-HPC/amy/zstdtrunc-sweep.20260218_230809/results.jsonl
  Running compressor 'zstd-trunc' (compressionLevel=5, truncBits=19)...
  Appended results to /eagle/UIC-HPC/amy/zstdtrunc-sweep.20260218_230809/results.jsonl
  Running compressor 'zstd-trunc' (compressionLevel=5, truncBits=19)...
  Appended results to /eagle/UIC-HPC/amy/zstdtrunc-sweep.20260218_230809/results.jsonl
  Running compressor 'zstd-trunc' (compressionLevel=5, truncBits=19)...
  Appended results to /eagle/UIC-HPC/amy/zstdtrunc-sweep.20260218_230809/results.jsonl
  Running compressor 'zstd-trunc' (compressionLevel=5, truncBits=19)...
  Appended results to /eagle/UIC-HPC/amy/zstdtrunc-sweep.20260218_230809/results.jsonl
  Running compressor 'zstd-trunc' (compressionLevel=5, truncBits=19)...
  Appended results to /eagle/UIC-HPC/amy/zstdtrunc-sweep.20260218_230809/results.jsonl
  Running compressor 'zstd-trunc' (compressionLevel=5, truncBits=19)...
  Appended results to /eagle/UIC-HPC/amy/zstdtrunc-sweep.20260218_230809/results.jsonl
  Running compressor 'zstd-trunc' (compressionLevel=5, truncBits=19)...
  Appended results to /eagle/UIC-HPC/amy/zstdtrunc-sweep.20260218_230809/results.jsonl
  Running compressor 'zstd-trunc' (compressionLevel=5, truncBits=19)...
  Appended results to /eagle/UIC-HPC/amy/zstdtrunc-sweep.20260218_230809/results.jsonl
  Running compressor 'zstd-trunc' (compressionLevel=5, truncBits=20)...
  Appended results to /eagle/UIC-HPC/amy/zstdtrunc-sweep.20260218_230809/results.jsonl
  Running compressor 'zstd-trunc' (compressionLevel=5, truncBits=20)...
  Appended results to /eagle/UIC-HPC/amy/zstdtrunc-sweep.20260218_230809/results.jsonl
  Running compressor 'zstd-trunc' (compressionLevel=5, truncBits=20)...
  Appended results to /eagle/UIC-HPC/amy/zstdtrunc-sweep.20260218_230809/results.jsonl
  Running compressor 'zstd-trunc' (compressionLevel=5, truncBits=20)...
  Appended results to /eagle/UIC-HPC/amy/zstdtrunc-sweep.20260218_230809/results.jsonl
  Running compressor 'zstd-trunc' (compressionLevel=5, truncBits=20)...
  Appended results to /eagle/UIC-HPC/amy/zstdtrunc-sweep.20260218_230809/results.jsonl
  Running compressor 'zstd-trunc' (compressionLevel=5, truncBits=20)...
  Appended results to /eagle/UIC-HPC/amy/zstdtrunc-sweep.20260218_230809/results.jsonl
  Running compressor 'zstd-trunc' (compressionLevel=5, truncBits=20)...
  Appended results to /eagle/UIC-HPC/amy/zstdtrunc-sweep.20260218_230809/results.jsonl
  Running compressor 'zstd-trunc' (compressionLevel=5, truncBits=20)...
  Appended results to /eagle/UIC-HPC/amy/zstdtrunc-sweep.20260218_230809/results.jsonl
  Running compressor 'zstd-trunc' (compressionLevel=5, truncBits=20)...
  Appended results to /eagle/UIC-HPC/amy/zstdtrunc-sweep.20260218_230809/results.jsonl
  Running compressor 'zstd-trunc' (compressionLevel=5, truncBits=20)...
  Appended results to /eagle/UIC-HPC/amy/zstdtrunc-sweep.20260218_230809/results.jsonl
  Running compressor 'zstd-trunc' (compressionLevel=5, truncBits=20)...
  Appended results to /eagle/UIC-HPC/amy/zstdtrunc-sweep.20260218_230809/results.jsonl
  Running compressor 'zstd-trunc' (compressionLevel=5, truncBits=21)...
  Appended results to /eagle/UIC-HPC/amy/zstdtrunc-sweep.20260218_230809/results.jsonl
  Running compressor 'zstd-trunc' (compressionLevel=5, truncBits=21)...
  Appended results to /eagle/UIC-HPC/amy/zstdtrunc-sweep.20260218_230809/results.jsonl
  Running compressor 'zstd-trunc' (compressionLevel=5, truncBits=21)...
  Appended results to /eagle/UIC-HPC/amy/zstdtrunc-sweep.20260218_230809/results.jsonl
  Running compressor 'zstd-trunc' (compressionLevel=5, truncBits=21)...
  Appended results to /eagle/UIC-HPC/amy/zstdtrunc-sweep.20260218_230809/results.jsonl
  Running compressor 'zstd-trunc' (compressionLevel=5, truncBits=21)...
  Appended results to /eagle/UIC-HPC/amy/zstdtrunc-sweep.20260218_230809/results.jsonl
  Running compressor 'zstd-trunc' (compressionLevel=5, truncBits=21)...
  Appended results to /eagle/UIC-HPC/amy/zstdtrunc-sweep.20260218_230809/results.jsonl
  Running compressor 'zstd-trunc' (compressionLevel=5, truncBits=21)...
  Appended results to /eagle/UIC-HPC/amy/zstdtrunc-sweep.20260218_230809/results.jsonl
  Running compressor 'zstd-trunc' (compressionLevel=5, truncBits=21)...
  Appended results to /eagle/UIC-HPC/amy/zstdtrunc-sweep.20260218_230809/results.jsonl
  Running compressor 'zstd-trunc' (compressionLevel=5, truncBits=21)...
  Appended results to /eagle/UIC-HPC/amy/zstdtrunc-sweep.20260218_230809/results.jsonl
  Running compressor 'zstd-trunc' (compressionLevel=5, truncBits=21)...
  Appended results to /eagle/UIC-HPC/amy/zstdtrunc-sweep.20260218_230809/results.jsonl
  Running compressor 'zstd-trunc' (compressionLevel=5, truncBits=21)...
  Appended results to /eagle/UIC-HPC/amy/zstdtrunc-sweep.20260218_230809/results.jsonl
  Running compressor 'zstd-trunc' (compressionLevel=5, truncBits=22)...
  Appended results to /eagle/UIC-HPC/amy/zstdtrunc-sweep.20260218_230809/results.jsonl
  Running compressor 'zstd-trunc' (compressionLevel=5, truncBits=22)...
  Appended results to /eagle/UIC-HPC/amy/zstdtrunc-sweep.20260218_230809/results.jsonl
  Running compressor 'zstd-trunc' (compressionLevel=5, truncBits=22)...
  Appended results to /eagle/UIC-HPC/amy/zstdtrunc-sweep.20260218_230809/results.jsonl
  Running compressor 'zstd-trunc' (compressionLevel=5, truncBits=22)...
  Appended results to /eagle/UIC-HPC/amy/zstdtrunc-sweep.20260218_230809/results.jsonl
  Running compressor 'zstd-trunc' (compressionLevel=5, truncBits=22)...
  Appended results to /eagle/UIC-HPC/amy/zstdtrunc-sweep.20260218_230809/results.jsonl
  Running compressor 'zstd-trunc' (compressionLevel=5, truncBits=22)...
  Appended results to /eagle/UIC-HPC/amy/zstdtrunc-sweep.20260218_230809/results.jsonl
  Running compressor 'zstd-trunc' (compressionLevel=5, truncBits=22)...
  Appended results to /eagle/UIC-HPC/amy/zstdtrunc-sweep.20260218_230809/results.jsonl
  Running compressor 'zstd-trunc' (compressionLevel=5, truncBits=22)...
  Appended results to /eagle/UIC-HPC/amy/zstdtrunc-sweep.20260218_230809/results.jsonl
  Running compressor 'zstd-trunc' (compressionLevel=5, truncBits=22)...
  Appended results to /eagle/UIC-HPC/amy/zstdtrunc-sweep.20260218_230809/results.jsonl
  Running compressor 'zstd-trunc' (compressionLevel=5, truncBits=22)...
  Appended results to /eagle/UIC-HPC/amy/zstdtrunc-sweep.20260218_230809/results.jsonl
  Running compressor 'zstd-trunc' (compressionLevel=5, truncBits=22)...
  Appended results to /eagle/UIC-HPC/amy/zstdtrunc-sweep.20260218_230809/results.jsonl
  Running compressor 'zstd-trunc' (compressionLevel=5, truncBits=23)...
  Appended results to /eagle/UIC-HPC/amy/zstdtrunc-sweep.20260218_230809/results.jsonl
  Running compressor 'zstd-trunc' (compressionLevel=5, truncBits=23)...
  Appended results to /eagle/UIC-HPC/amy/zstdtrunc-sweep.20260218_230809/results.jsonl
  Running compressor 'zstd-trunc' (compressionLevel=5, truncBits=23)...
  Appended results to /eagle/UIC-HPC/amy/zstdtrunc-sweep.20260218_230809/results.jsonl
  Running compressor 'zstd-trunc' (compressionLevel=5, truncBits=23)...
  Appended results to /eagle/UIC-HPC/amy/zstdtrunc-sweep.20260218_230809/results.jsonl
  Running compressor 'zstd-trunc' (compressionLevel=5, truncBits=23)...
  Appended results to /eagle/UIC-HPC/amy/zstdtrunc-sweep.20260218_230809/results.jsonl
  Running compressor 'zstd-trunc' (compressionLevel=5, truncBits=23)...
  Appended results to /eagle/UIC-HPC/amy/zstdtrunc-sweep.20260218_230809/results.jsonl
  Running compressor 'zstd-trunc' (compressionLevel=5, truncBits=23)...
  Appended results to /eagle/UIC-HPC/amy/zstdtrunc-sweep.20260218_230809/results.jsonl
  Running compressor 'zstd-trunc' (compressionLevel=5, truncBits=23)...
  Appended results to /eagle/UIC-HPC/amy/zstdtrunc-sweep.20260218_230809/results.jsonl
  Running compressor 'zstd-trunc' (compressionLevel=5, truncBits=23)...
  Appended results to /eagle/UIC-HPC/amy/zstdtrunc-sweep.20260218_230809/results.jsonl
  Running compressor 'zstd-trunc' (compressionLevel=5, truncBits=23)...
  Appended results to /eagle/UIC-HPC/amy/zstdtrunc-sweep.20260218_230809/results.jsonl
  Running compressor 'zstd-trunc' (compressionLevel=5, truncBits=23)...
  Appended results to /eagle/UIC-HPC/amy/zstdtrunc-sweep.20260218_230809/results.jsonl
