Reading data for branch 'lep_pt'...
  Compressing branch 'lep_pt' with compressor 'sz3' (absErrorBound=100, cmprAlgo=0, errorBoundMode=0)...
  Appended results to data/muon-sz3-sweep/results.jsonl
  Compressing branch 'lep_pt' with compressor 'sz3' (absErrorBound=100, cmprAlgo=0, errorBoundMode=0)...
  Appended results to data/muon-sz3-sweep/results.jsonl
  Compressing branch 'lep_pt' with compressor 'sz3' (absErrorBound=100, cmprAlgo=0, errorBoundMode=0)...
  Appended results to data/muon-sz3-sweep/results.jsonl
  Compressing branch 'lep_pt' with compressor 'sz3' (absErrorBound=100, cmprAlgo=0, errorBoundMode=0)...
  Appended results to data/muon-sz3-sweep/results.jsonl
  Compressing branch 'lep_pt' with compressor 'sz3' (absErrorBound=100, cmprAlgo=0, errorBoundMode=0)...
  Appended results to data/muon-sz3-sweep/results.jsonl
  Compressing branch 'lep_pt' with compressor 'sz3' (absErrorBound=100, cmprAlgo=0, errorBoundMode=0)...
  Appended results to data/muon-sz3-sweep/results.jsonl
  Compressing branch 'lep_pt' with compressor 'sz3' (absErrorBound=100, cmprAlgo=0, errorBoundMode=0)...
  Appended results to data/muon-sz3-sweep/results.jsonl
  Compressing branch 'lep_pt' with compressor 'sz3' (absErrorBound=100, cmprAlgo=0, errorBoundMode=0)...
  Appended results to data/muon-sz3-sweep/results.jsonl
  Compressing branch 'lep_pt' with compressor 'sz3' (absErrorBound=100, cmprAlgo=0, errorBoundMode=0)...
  Appended results to data/muon-sz3-sweep/results.jsonl
  Compressing branch 'lep_pt' with compressor 'sz3' (absErrorBound=100, cmprAlgo=0, errorBoundMode=0)...
  Appended results to data/muon-sz3-sweep/results.jsonl
  Compressing branch 'lep_pt' with compressor 'sz3' (absErrorBound=100, cmprAlgo=0, errorBoundMode=0)...
  Appended results to data/muon-sz3-sweep/results.jsonl
  Compressing branch 'lep_pt' with compressor 'sz3' (absErrorBound=10, cmprAlgo=0, errorBoundMode=0)...
  Appended results to data/muon-sz3-sweep/results.jsonl
  Compressing branch 'lep_pt' with compressor 'sz3' (absErrorBound=10, cmprAlgo=0, errorBoundMode=0)...
  Appended results to data/muon-sz3-sweep/results.jsonl
  Compressing branch 'lep_pt' with compressor 'sz3' (absErrorBound=10, cmprAlgo=0, errorBoundMode=0)...
  Appended results to data/muon-sz3-sweep/results.jsonl
  Compressing branch 'lep_pt' with compressor 'sz3' (absErrorBound=10, cmprAlgo=0, errorBoundMode=0)...
  Appended results to data/muon-sz3-sweep/results.jsonl
  Compressing branch 'lep_pt' with compressor 'sz3' (absErrorBound=10, cmprAlgo=0, errorBoundMode=0)...
  Appended results to data/muon-sz3-sweep/results.jsonl
  Compressing branch 'lep_pt' with compressor 'sz3' (absErrorBound=10, cmprAlgo=0, errorBoundMode=0)...
  Appended results to data/muon-sz3-sweep/results.jsonl
  Compressing branch 'lep_pt' with compressor 'sz3' (absErrorBound=10, cmprAlgo=0, errorBoundMode=0)...
  Appended results to data/muon-sz3-sweep/results.jsonl
  Compressing branch 'lep_pt' with compressor 'sz3' (absErrorBound=10, cmprAlgo=0, errorBoundMode=0)...
  Appended results to data/muon-sz3-sweep/results.jsonl
  Compressing branch 'lep_pt' with compressor 'sz3' (absErrorBound=10, cmprAlgo=0, errorBoundMode=0)...
  Appended results to data/muon-sz3-sweep/results.jsonl
  Compressing branch 'lep_pt' with compressor 'sz3' (absErrorBound=10, cmprAlgo=0, errorBoundMode=0)...
  Appended results to data/muon-sz3-sweep/results.jsonl
  Compressing branch 'lep_pt' with compressor 'sz3' (absErrorBound=10, cmprAlgo=0, errorBoundMode=0)...
  Appended results to data/muon-sz3-sweep/results.jsonl
  Compressing branch 'lep_pt' with compressor 'sz3' (absErrorBound=1, cmprAlgo=0, errorBoundMode=0)...
  Appended results to data/muon-sz3-sweep/results.jsonl
  Compressing branch 'lep_pt' with compressor 'sz3' (absErrorBound=1, cmprAlgo=0, errorBoundMode=0)...
  Appended results to data/muon-sz3-sweep/results.jsonl
  Compressing branch 'lep_pt' with compressor 'sz3' (absErrorBound=1, cmprAlgo=0, errorBoundMode=0)...
  Appended results to data/muon-sz3-sweep/results.jsonl
  Compressing branch 'lep_pt' with compressor 'sz3' (absErrorBound=1, cmprAlgo=0, errorBoundMode=0)...
  Appended results to data/muon-sz3-sweep/results.jsonl
  Compressing branch 'lep_pt' with compressor 'sz3' (absErrorBound=1, cmprAlgo=0, errorBoundMode=0)...
  Appended results to data/muon-sz3-sweep/results.jsonl
  Compressing branch 'lep_pt' with compressor 'sz3' (absErrorBound=1, cmprAlgo=0, errorBoundMode=0)...
  Appended results to data/muon-sz3-sweep/results.jsonl
  Compressing branch 'lep_pt' with compressor 'sz3' (absErrorBound=1, cmprAlgo=0, errorBoundMode=0)...
  Appended results to data/muon-sz3-sweep/results.jsonl
  Compressing branch 'lep_pt' with compressor 'sz3' (absErrorBound=1, cmprAlgo=0, errorBoundMode=0)...
  Appended results to data/muon-sz3-sweep/results.jsonl
  Compressing branch 'lep_pt' with compressor 'sz3' (absErrorBound=1, cmprAlgo=0, errorBoundMode=0)...
  Appended results to data/muon-sz3-sweep/results.jsonl
  Compressing branch 'lep_pt' with compressor 'sz3' (absErrorBound=1, cmprAlgo=0, errorBoundMode=0)...
  Appended results to data/muon-sz3-sweep/results.jsonl
  Compressing branch 'lep_pt' with compressor 'sz3' (absErrorBound=1, cmprAlgo=0, errorBoundMode=0)...
  Appended results to data/muon-sz3-sweep/results.jsonl
  Compressing branch 'lep_pt' with compressor 'sz3' (absErrorBound=0.1, cmprAlgo=0, errorBoundMode=0)...
  Appended results to data/muon-sz3-sweep/results.jsonl
  Compressing branch 'lep_pt' with compressor 'sz3' (absErrorBound=0.1, cmprAlgo=0, errorBoundMode=0)...
  Appended results to data/muon-sz3-sweep/results.jsonl
  Compressing branch 'lep_pt' with compressor 'sz3' (absErrorBound=0.1, cmprAlgo=0, errorBoundMode=0)...
  Appended results to data/muon-sz3-sweep/results.jsonl
  Compressing branch 'lep_pt' with compressor 'sz3' (absErrorBound=0.1, cmprAlgo=0, errorBoundMode=0)...
  Appended results to data/muon-sz3-sweep/results.jsonl
  Compressing branch 'lep_pt' with compressor 'sz3' (absErrorBound=0.1, cmprAlgo=0, errorBoundMode=0)...
  Appended results to data/muon-sz3-sweep/results.jsonl
  Compressing branch 'lep_pt' with compressor 'sz3' (absErrorBound=0.1, cmprAlgo=0, errorBoundMode=0)...
  Appended results to data/muon-sz3-sweep/results.jsonl
  Compressing branch 'lep_pt' with compressor 'sz3' (absErrorBound=0.1, cmprAlgo=0, errorBoundMode=0)...
  Appended results to data/muon-sz3-sweep/results.jsonl
  Compressing branch 'lep_pt' with compressor 'sz3' (absErrorBound=0.1, cmprAlgo=0, errorBoundMode=0)...
  Appended results to data/muon-sz3-sweep/results.jsonl
  Compressing branch 'lep_pt' with compressor 'sz3' (absErrorBound=0.1, cmprAlgo=0, errorBoundMode=0)...
  Appended results to data/muon-sz3-sweep/results.jsonl
  Compressing branch 'lep_pt' with compressor 'sz3' (absErrorBound=0.1, cmprAlgo=0, errorBoundMode=0)...
  Appended results to data/muon-sz3-sweep/results.jsonl
  Compressing branch 'lep_pt' with compressor 'sz3' (absErrorBound=0.1, cmprAlgo=0, errorBoundMode=0)...
  Appended results to data/muon-sz3-sweep/results.jsonl
  Compressing branch 'lep_pt' with compressor 'sz3' (absErrorBound=0.01, cmprAlgo=0, errorBoundMode=0)...
  Appended results to data/muon-sz3-sweep/results.jsonl
  Compressing branch 'lep_pt' with compressor 'sz3' (absErrorBound=0.01, cmprAlgo=0, errorBoundMode=0)...
  Appended results to data/muon-sz3-sweep/results.jsonl
  Compressing branch 'lep_pt' with compressor 'sz3' (absErrorBound=0.01, cmprAlgo=0, errorBoundMode=0)...
  Appended results to data/muon-sz3-sweep/results.jsonl
  Compressing branch 'lep_pt' with compressor 'sz3' (absErrorBound=0.01, cmprAlgo=0, errorBoundMode=0)...
  Appended results to data/muon-sz3-sweep/results.jsonl
  Compressing branch 'lep_pt' with compressor 'sz3' (absErrorBound=0.01, cmprAlgo=0, errorBoundMode=0)...
  Appended results to data/muon-sz3-sweep/results.jsonl
  Compressing branch 'lep_pt' with compressor 'sz3' (absErrorBound=0.01, cmprAlgo=0, errorBoundMode=0)...
  Appended results to data/muon-sz3-sweep/results.jsonl
  Compressing branch 'lep_pt' with compressor 'sz3' (absErrorBound=0.01, cmprAlgo=0, errorBoundMode=0)...
  Appended results to data/muon-sz3-sweep/results.jsonl
  Compressing branch 'lep_pt' with compressor 'sz3' (absErrorBound=0.01, cmprAlgo=0, errorBoundMode=0)...
  Appended results to data/muon-sz3-sweep/results.jsonl
  Compressing branch 'lep_pt' with compressor 'sz3' (absErrorBound=0.01, cmprAlgo=0, errorBoundMode=0)...
  Appended results to data/muon-sz3-sweep/results.jsonl
  Compressing branch 'lep_pt' with compressor 'sz3' (absErrorBound=0.01, cmprAlgo=0, errorBoundMode=0)...
  Appended results to data/muon-sz3-sweep/results.jsonl
  Compressing branch 'lep_pt' with compressor 'sz3' (absErrorBound=0.01, cmprAlgo=0, errorBoundMode=0)...
  Appended results to data/muon-sz3-sweep/results.jsonl
  Compressing branch 'lep_pt' with compressor 'sz3' (absErrorBound=0.001, cmprAlgo=0, errorBoundMode=0)...
  Appended results to data/muon-sz3-sweep/results.jsonl
  Compressing branch 'lep_pt' with compressor 'sz3' (absErrorBound=0.001, cmprAlgo=0, errorBoundMode=0)...
  Appended results to data/muon-sz3-sweep/results.jsonl
  Compressing branch 'lep_pt' with compressor 'sz3' (absErrorBound=0.001, cmprAlgo=0, errorBoundMode=0)...
  Appended results to data/muon-sz3-sweep/results.jsonl
  Compressing branch 'lep_pt' with compressor 'sz3' (absErrorBound=0.001, cmprAlgo=0, errorBoundMode=0)...
  Appended results to data/muon-sz3-sweep/results.jsonl
  Compressing branch 'lep_pt' with compressor 'sz3' (absErrorBound=0.001, cmprAlgo=0, errorBoundMode=0)...
  Appended results to data/muon-sz3-sweep/results.jsonl
  Compressing branch 'lep_pt' with compressor 'sz3' (absErrorBound=0.001, cmprAlgo=0, errorBoundMode=0)...
  Appended results to data/muon-sz3-sweep/results.jsonl
  Compressing branch 'lep_pt' with compressor 'sz3' (absErrorBound=0.001, cmprAlgo=0, errorBoundMode=0)...
  Appended results to data/muon-sz3-sweep/results.jsonl
  Compressing branch 'lep_pt' with compressor 'sz3' (absErrorBound=0.001, cmprAlgo=0, errorBoundMode=0)...
  Appended results to data/muon-sz3-sweep/results.jsonl
  Compressing branch 'lep_pt' with compressor 'sz3' (absErrorBound=0.001, cmprAlgo=0, errorBoundMode=0)...
  Appended results to data/muon-sz3-sweep/results.jsonl
  Compressing branch 'lep_pt' with compressor 'sz3' (absErrorBound=0.001, cmprAlgo=0, errorBoundMode=0)...
  Appended results to data/muon-sz3-sweep/results.jsonl
  Compressing branch 'lep_pt' with compressor 'sz3' (absErrorBound=0.001, cmprAlgo=0, errorBoundMode=0)...
  Appended results to data/muon-sz3-sweep/results.jsonl
  Compressing branch 'lep_pt' with compressor 'sz3' (absErrorBound=0.0001, cmprAlgo=0, errorBoundMode=0)...
  Appended results to data/muon-sz3-sweep/results.jsonl
  Compressing branch 'lep_pt' with compressor 'sz3' (absErrorBound=0.0001, cmprAlgo=0, errorBoundMode=0)...
  Appended results to data/muon-sz3-sweep/results.jsonl
  Compressing branch 'lep_pt' with compressor 'sz3' (absErrorBound=0.0001, cmprAlgo=0, errorBoundMode=0)...
  Appended results to data/muon-sz3-sweep/results.jsonl
  Compressing branch 'lep_pt' with compressor 'sz3' (absErrorBound=0.0001, cmprAlgo=0, errorBoundMode=0)...
  Appended results to data/muon-sz3-sweep/results.jsonl
  Compressing branch 'lep_pt' with compressor 'sz3' (absErrorBound=0.0001, cmprAlgo=0, errorBoundMode=0)...
  Appended results to data/muon-sz3-sweep/results.jsonl
  Compressing branch 'lep_pt' with compressor 'sz3' (absErrorBound=0.0001, cmprAlgo=0, errorBoundMode=0)...
  Appended results to data/muon-sz3-sweep/results.jsonl
  Compressing branch 'lep_pt' with compressor 'sz3' (absErrorBound=0.0001, cmprAlgo=0, errorBoundMode=0)...
  Appended results to data/muon-sz3-sweep/results.jsonl
  Compressing branch 'lep_pt' with compressor 'sz3' (absErrorBound=0.0001, cmprAlgo=0, errorBoundMode=0)...
  Appended results to data/muon-sz3-sweep/results.jsonl
  Compressing branch 'lep_pt' with compressor 'sz3' (absErrorBound=0.0001, cmprAlgo=0, errorBoundMode=0)...
  Appended results to data/muon-sz3-sweep/results.jsonl
  Compressing branch 'lep_pt' with compressor 'sz3' (absErrorBound=0.0001, cmprAlgo=0, errorBoundMode=0)...
  Appended results to data/muon-sz3-sweep/results.jsonl
  Compressing branch 'lep_pt' with compressor 'sz3' (absErrorBound=0.0001, cmprAlgo=0, errorBoundMode=0)...
  Appended results to data/muon-sz3-sweep/results.jsonl
  Compressing branch 'lep_pt' with compressor 'sz3' (absErrorBound=1e-05, cmprAlgo=0, errorBoundMode=0)...
  Appended results to data/muon-sz3-sweep/results.jsonl
  Compressing branch 'lep_pt' with compressor 'sz3' (absErrorBound=1e-05, cmprAlgo=0, errorBoundMode=0)...
  Appended results to data/muon-sz3-sweep/results.jsonl
  Compressing branch 'lep_pt' with compressor 'sz3' (absErrorBound=1e-05, cmprAlgo=0, errorBoundMode=0)...
  Appended results to data/muon-sz3-sweep/results.jsonl
  Compressing branch 'lep_pt' with compressor 'sz3' (absErrorBound=1e-05, cmprAlgo=0, errorBoundMode=0)...
  Appended results to data/muon-sz3-sweep/results.jsonl
  Compressing branch 'lep_pt' with compressor 'sz3' (absErrorBound=1e-05, cmprAlgo=0, errorBoundMode=0)...
  Appended results to data/muon-sz3-sweep/results.jsonl
  Compressing branch 'lep_pt' with compressor 'sz3' (absErrorBound=1e-05, cmprAlgo=0, errorBoundMode=0)...
  Appended results to data/muon-sz3-sweep/results.jsonl
  Compressing branch 'lep_pt' with compressor 'sz3' (absErrorBound=1e-05, cmprAlgo=0, errorBoundMode=0)...
  Appended results to data/muon-sz3-sweep/results.jsonl
  Compressing branch 'lep_pt' with compressor 'sz3' (absErrorBound=1e-05, cmprAlgo=0, errorBoundMode=0)...
  Appended results to data/muon-sz3-sweep/results.jsonl
  Compressing branch 'lep_pt' with compressor 'sz3' (absErrorBound=1e-05, cmprAlgo=0, errorBoundMode=0)...
  Appended results to data/muon-sz3-sweep/results.jsonl
  Compressing branch 'lep_pt' with compressor 'sz3' (absErrorBound=1e-05, cmprAlgo=0, errorBoundMode=0)...
  Appended results to data/muon-sz3-sweep/results.jsonl
  Compressing branch 'lep_pt' with compressor 'sz3' (absErrorBound=1e-05, cmprAlgo=0, errorBoundMode=0)...
  Appended results to data/muon-sz3-sweep/results.jsonl
  Compressing branch 'lep_pt' with compressor 'sz3' (absErrorBound=1e-06, cmprAlgo=0, errorBoundMode=0)...
  Appended results to data/muon-sz3-sweep/results.jsonl
  Compressing branch 'lep_pt' with compressor 'sz3' (absErrorBound=1e-06, cmprAlgo=0, errorBoundMode=0)...
  Appended results to data/muon-sz3-sweep/results.jsonl
  Compressing branch 'lep_pt' with compressor 'sz3' (absErrorBound=1e-06, cmprAlgo=0, errorBoundMode=0)...
  Appended results to data/muon-sz3-sweep/results.jsonl
  Compressing branch 'lep_pt' with compressor 'sz3' (absErrorBound=1e-06, cmprAlgo=0, errorBoundMode=0)...
  Appended results to data/muon-sz3-sweep/results.jsonl
  Compressing branch 'lep_pt' with compressor 'sz3' (absErrorBound=1e-06, cmprAlgo=0, errorBoundMode=0)...
  Appended results to data/muon-sz3-sweep/results.jsonl
  Compressing branch 'lep_pt' with compressor 'sz3' (absErrorBound=1e-06, cmprAlgo=0, errorBoundMode=0)...
  Appended results to data/muon-sz3-sweep/results.jsonl
  Compressing branch 'lep_pt' with compressor 'sz3' (absErrorBound=1e-06, cmprAlgo=0, errorBoundMode=0)...
  Appended results to data/muon-sz3-sweep/results.jsonl
  Compressing branch 'lep_pt' with compressor 'sz3' (absErrorBound=1e-06, cmprAlgo=0, errorBoundMode=0)...
  Appended results to data/muon-sz3-sweep/results.jsonl
  Compressing branch 'lep_pt' with compressor 'sz3' (absErrorBound=1e-06, cmprAlgo=0, errorBoundMode=0)...
  Appended results to data/muon-sz3-sweep/results.jsonl
  Compressing branch 'lep_pt' with compressor 'sz3' (absErrorBound=1e-06, cmprAlgo=0, errorBoundMode=0)...
  Appended results to data/muon-sz3-sweep/results.jsonl
  Compressing branch 'lep_pt' with compressor 'sz3' (absErrorBound=1e-06, cmprAlgo=0, errorBoundMode=0)...
  Appended results to data/muon-sz3-sweep/results.jsonl
  Compressing branch 'lep_pt' with compressor 'sz3' (absErrorBound=100, cmprAlgo=1, errorBoundMode=0)...
  Appended results to data/muon-sz3-sweep/results.jsonl
  Compressing branch 'lep_pt' with compressor 'sz3' (absErrorBound=100, cmprAlgo=1, errorBoundMode=0)...
  Appended results to data/muon-sz3-sweep/results.jsonl
  Compressing branch 'lep_pt' with compressor 'sz3' (absErrorBound=100, cmprAlgo=1, errorBoundMode=0)...
  Appended results to data/muon-sz3-sweep/results.jsonl
  Compressing branch 'lep_pt' with compressor 'sz3' (absErrorBound=100, cmprAlgo=1, errorBoundMode=0)...
  Appended results to data/muon-sz3-sweep/results.jsonl
  Compressing branch 'lep_pt' with compressor 'sz3' (absErrorBound=100, cmprAlgo=1, errorBoundMode=0)...
  Appended results to data/muon-sz3-sweep/results.jsonl
  Compressing branch 'lep_pt' with compressor 'sz3' (absErrorBound=100, cmprAlgo=1, errorBoundMode=0)...
  Appended results to data/muon-sz3-sweep/results.jsonl
  Compressing branch 'lep_pt' with compressor 'sz3' (absErrorBound=100, cmprAlgo=1, errorBoundMode=0)...
  Appended results to data/muon-sz3-sweep/results.jsonl
  Compressing branch 'lep_pt' with compressor 'sz3' (absErrorBound=100, cmprAlgo=1, errorBoundMode=0)...
  Appended results to data/muon-sz3-sweep/results.jsonl
  Compressing branch 'lep_pt' with compressor 'sz3' (absErrorBound=100, cmprAlgo=1, errorBoundMode=0)...
  Appended results to data/muon-sz3-sweep/results.jsonl
  Compressing branch 'lep_pt' with compressor 'sz3' (absErrorBound=100, cmprAlgo=1, errorBoundMode=0)...
  Appended results to data/muon-sz3-sweep/results.jsonl
  Compressing branch 'lep_pt' with compressor 'sz3' (absErrorBound=100, cmprAlgo=1, errorBoundMode=0)...
  Appended results to data/muon-sz3-sweep/results.jsonl
  Compressing branch 'lep_pt' with compressor 'sz3' (absErrorBound=10, cmprAlgo=1, errorBoundMode=0)...
  Appended results to data/muon-sz3-sweep/results.jsonl
  Compressing branch 'lep_pt' with compressor 'sz3' (absErrorBound=10, cmprAlgo=1, errorBoundMode=0)...
  Appended results to data/muon-sz3-sweep/results.jsonl
  Compressing branch 'lep_pt' with compressor 'sz3' (absErrorBound=10, cmprAlgo=1, errorBoundMode=0)...
  Appended results to data/muon-sz3-sweep/results.jsonl
  Compressing branch 'lep_pt' with compressor 'sz3' (absErrorBound=10, cmprAlgo=1, errorBoundMode=0)...
  Appended results to data/muon-sz3-sweep/results.jsonl
  Compressing branch 'lep_pt' with compressor 'sz3' (absErrorBound=10, cmprAlgo=1, errorBoundMode=0)...
  Appended results to data/muon-sz3-sweep/results.jsonl
  Compressing branch 'lep_pt' with compressor 'sz3' (absErrorBound=10, cmprAlgo=1, errorBoundMode=0)...
  Appended results to data/muon-sz3-sweep/results.jsonl
  Compressing branch 'lep_pt' with compressor 'sz3' (absErrorBound=10, cmprAlgo=1, errorBoundMode=0)...
  Appended results to data/muon-sz3-sweep/results.jsonl
  Compressing branch 'lep_pt' with compressor 'sz3' (absErrorBound=10, cmprAlgo=1, errorBoundMode=0)...
  Appended results to data/muon-sz3-sweep/results.jsonl
  Compressing branch 'lep_pt' with compressor 'sz3' (absErrorBound=10, cmprAlgo=1, errorBoundMode=0)...
  Appended results to data/muon-sz3-sweep/results.jsonl
  Compressing branch 'lep_pt' with compressor 'sz3' (absErrorBound=10, cmprAlgo=1, errorBoundMode=0)...
  Appended results to data/muon-sz3-sweep/results.jsonl
  Compressing branch 'lep_pt' with compressor 'sz3' (absErrorBound=10, cmprAlgo=1, errorBoundMode=0)...
  Appended results to data/muon-sz3-sweep/results.jsonl
  Compressing branch 'lep_pt' with compressor 'sz3' (absErrorBound=1, cmprAlgo=1, errorBoundMode=0)...
  Appended results to data/muon-sz3-sweep/results.jsonl
  Compressing branch 'lep_pt' with compressor 'sz3' (absErrorBound=1, cmprAlgo=1, errorBoundMode=0)...
  Appended results to data/muon-sz3-sweep/results.jsonl
  Compressing branch 'lep_pt' with compressor 'sz3' (absErrorBound=1, cmprAlgo=1, errorBoundMode=0)...
  Appended results to data/muon-sz3-sweep/results.jsonl
  Compressing branch 'lep_pt' with compressor 'sz3' (absErrorBound=1, cmprAlgo=1, errorBoundMode=0)...
  Appended results to data/muon-sz3-sweep/results.jsonl
  Compressing branch 'lep_pt' with compressor 'sz3' (absErrorBound=1, cmprAlgo=1, errorBoundMode=0)...
  Appended results to data/muon-sz3-sweep/results.jsonl
  Compressing branch 'lep_pt' with compressor 'sz3' (absErrorBound=1, cmprAlgo=1, errorBoundMode=0)...
  Appended results to data/muon-sz3-sweep/results.jsonl
  Compressing branch 'lep_pt' with compressor 'sz3' (absErrorBound=1, cmprAlgo=1, errorBoundMode=0)...
  Appended results to data/muon-sz3-sweep/results.jsonl
  Compressing branch 'lep_pt' with compressor 'sz3' (absErrorBound=1, cmprAlgo=1, errorBoundMode=0)...
  Appended results to data/muon-sz3-sweep/results.jsonl
  Compressing branch 'lep_pt' with compressor 'sz3' (absErrorBound=1, cmprAlgo=1, errorBoundMode=0)...
  Appended results to data/muon-sz3-sweep/results.jsonl
  Compressing branch 'lep_pt' with compressor 'sz3' (absErrorBound=1, cmprAlgo=1, errorBoundMode=0)...
  Appended results to data/muon-sz3-sweep/results.jsonl
  Compressing branch 'lep_pt' with compressor 'sz3' (absErrorBound=1, cmprAlgo=1, errorBoundMode=0)...
  Appended results to data/muon-sz3-sweep/results.jsonl
  Compressing branch 'lep_pt' with compressor 'sz3' (absErrorBound=0.1, cmprAlgo=1, errorBoundMode=0)...
  Appended results to data/muon-sz3-sweep/results.jsonl
  Compressing branch 'lep_pt' with compressor 'sz3' (absErrorBound=0.1, cmprAlgo=1, errorBoundMode=0)...
  Appended results to data/muon-sz3-sweep/results.jsonl
  Compressing branch 'lep_pt' with compressor 'sz3' (absErrorBound=0.1, cmprAlgo=1, errorBoundMode=0)...
  Appended results to data/muon-sz3-sweep/results.jsonl
  Compressing branch 'lep_pt' with compressor 'sz3' (absErrorBound=0.1, cmprAlgo=1, errorBoundMode=0)...
  Appended results to data/muon-sz3-sweep/results.jsonl
  Compressing branch 'lep_pt' with compressor 'sz3' (absErrorBound=0.1, cmprAlgo=1, errorBoundMode=0)...
  Appended results to data/muon-sz3-sweep/results.jsonl
  Compressing branch 'lep_pt' with compressor 'sz3' (absErrorBound=0.1, cmprAlgo=1, errorBoundMode=0)...
  Appended results to data/muon-sz3-sweep/results.jsonl
  Compressing branch 'lep_pt' with compressor 'sz3' (absErrorBound=0.1, cmprAlgo=1, errorBoundMode=0)...
  Appended results to data/muon-sz3-sweep/results.jsonl
  Compressing branch 'lep_pt' with compressor 'sz3' (absErrorBound=0.1, cmprAlgo=1, errorBoundMode=0)...
  Appended results to data/muon-sz3-sweep/results.jsonl
  Compressing branch 'lep_pt' with compressor 'sz3' (absErrorBound=0.1, cmprAlgo=1, errorBoundMode=0)...
  Appended results to data/muon-sz3-sweep/results.jsonl
  Compressing branch 'lep_pt' with compressor 'sz3' (absErrorBound=0.1, cmprAlgo=1, errorBoundMode=0)...
  Appended results to data/muon-sz3-sweep/results.jsonl
  Compressing branch 'lep_pt' with compressor 'sz3' (absErrorBound=0.1, cmprAlgo=1, errorBoundMode=0)...
  Appended results to data/muon-sz3-sweep/results.jsonl
  Compressing branch 'lep_pt' with compressor 'sz3' (absErrorBound=0.01, cmprAlgo=1, errorBoundMode=0)...
  Appended results to data/muon-sz3-sweep/results.jsonl
  Compressing branch 'lep_pt' with compressor 'sz3' (absErrorBound=0.01, cmprAlgo=1, errorBoundMode=0)...
  Appended results to data/muon-sz3-sweep/results.jsonl
  Compressing branch 'lep_pt' with compressor 'sz3' (absErrorBound=0.01, cmprAlgo=1, errorBoundMode=0)...
  Appended results to data/muon-sz3-sweep/results.jsonl
  Compressing branch 'lep_pt' with compressor 'sz3' (absErrorBound=0.01, cmprAlgo=1, errorBoundMode=0)...
  Appended results to data/muon-sz3-sweep/results.jsonl
  Compressing branch 'lep_pt' with compressor 'sz3' (absErrorBound=0.01, cmprAlgo=1, errorBoundMode=0)...
  Appended results to data/muon-sz3-sweep/results.jsonl
  Compressing branch 'lep_pt' with compressor 'sz3' (absErrorBound=0.01, cmprAlgo=1, errorBoundMode=0)...
  Appended results to data/muon-sz3-sweep/results.jsonl
  Compressing branch 'lep_pt' with compressor 'sz3' (absErrorBound=0.01, cmprAlgo=1, errorBoundMode=0)...
  Appended results to data/muon-sz3-sweep/results.jsonl
  Compressing branch 'lep_pt' with compressor 'sz3' (absErrorBound=0.01, cmprAlgo=1, errorBoundMode=0)...
  Appended results to data/muon-sz3-sweep/results.jsonl
  Compressing branch 'lep_pt' with compressor 'sz3' (absErrorBound=0.01, cmprAlgo=1, errorBoundMode=0)...
  Appended results to data/muon-sz3-sweep/results.jsonl
  Compressing branch 'lep_pt' with compressor 'sz3' (absErrorBound=0.01, cmprAlgo=1, errorBoundMode=0)...
  Appended results to data/muon-sz3-sweep/results.jsonl
  Compressing branch 'lep_pt' with compressor 'sz3' (absErrorBound=0.01, cmprAlgo=1, errorBoundMode=0)...
  Appended results to data/muon-sz3-sweep/results.jsonl
  Compressing branch 'lep_pt' with compressor 'sz3' (absErrorBound=0.001, cmprAlgo=1, errorBoundMode=0)...
  Appended results to data/muon-sz3-sweep/results.jsonl
  Compressing branch 'lep_pt' with compressor 'sz3' (absErrorBound=0.001, cmprAlgo=1, errorBoundMode=0)...
  Appended results to data/muon-sz3-sweep/results.jsonl
  Compressing branch 'lep_pt' with compressor 'sz3' (absErrorBound=0.001, cmprAlgo=1, errorBoundMode=0)...
  Appended results to data/muon-sz3-sweep/results.jsonl
  Compressing branch 'lep_pt' with compressor 'sz3' (absErrorBound=0.001, cmprAlgo=1, errorBoundMode=0)...
  Appended results to data/muon-sz3-sweep/results.jsonl
  Compressing branch 'lep_pt' with compressor 'sz3' (absErrorBound=0.001, cmprAlgo=1, errorBoundMode=0)...
  Appended results to data/muon-sz3-sweep/results.jsonl
  Compressing branch 'lep_pt' with compressor 'sz3' (absErrorBound=0.001, cmprAlgo=1, errorBoundMode=0)...
  Appended results to data/muon-sz3-sweep/results.jsonl
  Compressing branch 'lep_pt' with compressor 'sz3' (absErrorBound=0.001, cmprAlgo=1, errorBoundMode=0)...
  Appended results to data/muon-sz3-sweep/results.jsonl
  Compressing branch 'lep_pt' with compressor 'sz3' (absErrorBound=0.001, cmprAlgo=1, errorBoundMode=0)...
  Appended results to data/muon-sz3-sweep/results.jsonl
  Compressing branch 'lep_pt' with compressor 'sz3' (absErrorBound=0.001, cmprAlgo=1, errorBoundMode=0)...
  Appended results to data/muon-sz3-sweep/results.jsonl
  Compressing branch 'lep_pt' with compressor 'sz3' (absErrorBound=0.001, cmprAlgo=1, errorBoundMode=0)...
  Appended results to data/muon-sz3-sweep/results.jsonl
  Compressing branch 'lep_pt' with compressor 'sz3' (absErrorBound=0.001, cmprAlgo=1, errorBoundMode=0)...
  Appended results to data/muon-sz3-sweep/results.jsonl
  Compressing branch 'lep_pt' with compressor 'sz3' (absErrorBound=0.0001, cmprAlgo=1, errorBoundMode=0)...
  Appended results to data/muon-sz3-sweep/results.jsonl
  Compressing branch 'lep_pt' with compressor 'sz3' (absErrorBound=0.0001, cmprAlgo=1, errorBoundMode=0)...
  Appended results to data/muon-sz3-sweep/results.jsonl
  Compressing branch 'lep_pt' with compressor 'sz3' (absErrorBound=0.0001, cmprAlgo=1, errorBoundMode=0)...
  Appended results to data/muon-sz3-sweep/results.jsonl
  Compressing branch 'lep_pt' with compressor 'sz3' (absErrorBound=0.0001, cmprAlgo=1, errorBoundMode=0)...
  Appended results to data/muon-sz3-sweep/results.jsonl
  Compressing branch 'lep_pt' with compressor 'sz3' (absErrorBound=0.0001, cmprAlgo=1, errorBoundMode=0)...
  Appended results to data/muon-sz3-sweep/results.jsonl
  Compressing branch 'lep_pt' with compressor 'sz3' (absErrorBound=0.0001, cmprAlgo=1, errorBoundMode=0)...
  Appended results to data/muon-sz3-sweep/results.jsonl
  Compressing branch 'lep_pt' with compressor 'sz3' (absErrorBound=0.0001, cmprAlgo=1, errorBoundMode=0)...
  Appended results to data/muon-sz3-sweep/results.jsonl
  Compressing branch 'lep_pt' with compressor 'sz3' (absErrorBound=0.0001, cmprAlgo=1, errorBoundMode=0)...
  Appended results to data/muon-sz3-sweep/results.jsonl
  Compressing branch 'lep_pt' with compressor 'sz3' (absErrorBound=0.0001, cmprAlgo=1, errorBoundMode=0)...
  Appended results to data/muon-sz3-sweep/results.jsonl
  Compressing branch 'lep_pt' with compressor 'sz3' (absErrorBound=0.0001, cmprAlgo=1, errorBoundMode=0)...
  Appended results to data/muon-sz3-sweep/results.jsonl
  Compressing branch 'lep_pt' with compressor 'sz3' (absErrorBound=0.0001, cmprAlgo=1, errorBoundMode=0)...
  Appended results to data/muon-sz3-sweep/results.jsonl
  Compressing branch 'lep_pt' with compressor 'sz3' (absErrorBound=1e-05, cmprAlgo=1, errorBoundMode=0)...
  Appended results to data/muon-sz3-sweep/results.jsonl
  Compressing branch 'lep_pt' with compressor 'sz3' (absErrorBound=1e-05, cmprAlgo=1, errorBoundMode=0)...
  Appended results to data/muon-sz3-sweep/results.jsonl
  Compressing branch 'lep_pt' with compressor 'sz3' (absErrorBound=1e-05, cmprAlgo=1, errorBoundMode=0)...
  Appended results to data/muon-sz3-sweep/results.jsonl
  Compressing branch 'lep_pt' with compressor 'sz3' (absErrorBound=1e-05, cmprAlgo=1, errorBoundMode=0)...
  Appended results to data/muon-sz3-sweep/results.jsonl
  Compressing branch 'lep_pt' with compressor 'sz3' (absErrorBound=1e-05, cmprAlgo=1, errorBoundMode=0)...
  Appended results to data/muon-sz3-sweep/results.jsonl
  Compressing branch 'lep_pt' with compressor 'sz3' (absErrorBound=1e-05, cmprAlgo=1, errorBoundMode=0)...
  Appended results to data/muon-sz3-sweep/results.jsonl
  Compressing branch 'lep_pt' with compressor 'sz3' (absErrorBound=1e-05, cmprAlgo=1, errorBoundMode=0)...
  Appended results to data/muon-sz3-sweep/results.jsonl
  Compressing branch 'lep_pt' with compressor 'sz3' (absErrorBound=1e-05, cmprAlgo=1, errorBoundMode=0)...
  Appended results to data/muon-sz3-sweep/results.jsonl
  Compressing branch 'lep_pt' with compressor 'sz3' (absErrorBound=1e-05, cmprAlgo=1, errorBoundMode=0)...
  Appended results to data/muon-sz3-sweep/results.jsonl
  Compressing branch 'lep_pt' with compressor 'sz3' (absErrorBound=1e-05, cmprAlgo=1, errorBoundMode=0)...
  Appended results to data/muon-sz3-sweep/results.jsonl
  Compressing branch 'lep_pt' with compressor 'sz3' (absErrorBound=1e-05, cmprAlgo=1, errorBoundMode=0)...
  Appended results to data/muon-sz3-sweep/results.jsonl
  Compressing branch 'lep_pt' with compressor 'sz3' (absErrorBound=1e-06, cmprAlgo=1, errorBoundMode=0)...
  Appended results to data/muon-sz3-sweep/results.jsonl
  Compressing branch 'lep_pt' with compressor 'sz3' (absErrorBound=1e-06, cmprAlgo=1, errorBoundMode=0)...
  Appended results to data/muon-sz3-sweep/results.jsonl
  Compressing branch 'lep_pt' with compressor 'sz3' (absErrorBound=1e-06, cmprAlgo=1, errorBoundMode=0)...
  Appended results to data/muon-sz3-sweep/results.jsonl
  Compressing branch 'lep_pt' with compressor 'sz3' (absErrorBound=1e-06, cmprAlgo=1, errorBoundMode=0)...
  Appended results to data/muon-sz3-sweep/results.jsonl
  Compressing branch 'lep_pt' with compressor 'sz3' (absErrorBound=1e-06, cmprAlgo=1, errorBoundMode=0)...
  Appended results to data/muon-sz3-sweep/results.jsonl
  Compressing branch 'lep_pt' with compressor 'sz3' (absErrorBound=1e-06, cmprAlgo=1, errorBoundMode=0)...
  Appended results to data/muon-sz3-sweep/results.jsonl
  Compressing branch 'lep_pt' with compressor 'sz3' (absErrorBound=1e-06, cmprAlgo=1, errorBoundMode=0)...
  Appended results to data/muon-sz3-sweep/results.jsonl
  Compressing branch 'lep_pt' with compressor 'sz3' (absErrorBound=1e-06, cmprAlgo=1, errorBoundMode=0)...
  Appended results to data/muon-sz3-sweep/results.jsonl
  Compressing branch 'lep_pt' with compressor 'sz3' (absErrorBound=1e-06, cmprAlgo=1, errorBoundMode=0)...
  Appended results to data/muon-sz3-sweep/results.jsonl
  Compressing branch 'lep_pt' with compressor 'sz3' (absErrorBound=1e-06, cmprAlgo=1, errorBoundMode=0)...
  Appended results to data/muon-sz3-sweep/results.jsonl
  Compressing branch 'lep_pt' with compressor 'sz3' (absErrorBound=1e-06, cmprAlgo=1, errorBoundMode=0)...
  Appended results to data/muon-sz3-sweep/results.jsonl
  Compressing branch 'lep_pt' with compressor 'sz3' (absErrorBound=100, cmprAlgo=2, errorBoundMode=0)...
  Appended results to data/muon-sz3-sweep/results.jsonl
  Compressing branch 'lep_pt' with compressor 'sz3' (absErrorBound=100, cmprAlgo=2, errorBoundMode=0)...
  Appended results to data/muon-sz3-sweep/results.jsonl
  Compressing branch 'lep_pt' with compressor 'sz3' (absErrorBound=100, cmprAlgo=2, errorBoundMode=0)...
  Appended results to data/muon-sz3-sweep/results.jsonl
  Compressing branch 'lep_pt' with compressor 'sz3' (absErrorBound=100, cmprAlgo=2, errorBoundMode=0)...
  Appended results to data/muon-sz3-sweep/results.jsonl
  Compressing branch 'lep_pt' with compressor 'sz3' (absErrorBound=100, cmprAlgo=2, errorBoundMode=0)...
  Appended results to data/muon-sz3-sweep/results.jsonl
  Compressing branch 'lep_pt' with compressor 'sz3' (absErrorBound=100, cmprAlgo=2, errorBoundMode=0)...
  Appended results to data/muon-sz3-sweep/results.jsonl
  Compressing branch 'lep_pt' with compressor 'sz3' (absErrorBound=100, cmprAlgo=2, errorBoundMode=0)...
  Appended results to data/muon-sz3-sweep/results.jsonl
  Compressing branch 'lep_pt' with compressor 'sz3' (absErrorBound=100, cmprAlgo=2, errorBoundMode=0)...
  Appended results to data/muon-sz3-sweep/results.jsonl
  Compressing branch 'lep_pt' with compressor 'sz3' (absErrorBound=100, cmprAlgo=2, errorBoundMode=0)...
  Appended results to data/muon-sz3-sweep/results.jsonl
  Compressing branch 'lep_pt' with compressor 'sz3' (absErrorBound=100, cmprAlgo=2, errorBoundMode=0)...
  Appended results to data/muon-sz3-sweep/results.jsonl
  Compressing branch 'lep_pt' with compressor 'sz3' (absErrorBound=100, cmprAlgo=2, errorBoundMode=0)...
  Appended results to data/muon-sz3-sweep/results.jsonl
  Compressing branch 'lep_pt' with compressor 'sz3' (absErrorBound=10, cmprAlgo=2, errorBoundMode=0)...
  Appended results to data/muon-sz3-sweep/results.jsonl
  Compressing branch 'lep_pt' with compressor 'sz3' (absErrorBound=10, cmprAlgo=2, errorBoundMode=0)...
  Appended results to data/muon-sz3-sweep/results.jsonl
  Compressing branch 'lep_pt' with compressor 'sz3' (absErrorBound=10, cmprAlgo=2, errorBoundMode=0)...
  Appended results to data/muon-sz3-sweep/results.jsonl
  Compressing branch 'lep_pt' with compressor 'sz3' (absErrorBound=10, cmprAlgo=2, errorBoundMode=0)...
  Appended results to data/muon-sz3-sweep/results.jsonl
  Compressing branch 'lep_pt' with compressor 'sz3' (absErrorBound=10, cmprAlgo=2, errorBoundMode=0)...
  Appended results to data/muon-sz3-sweep/results.jsonl
  Compressing branch 'lep_pt' with compressor 'sz3' (absErrorBound=10, cmprAlgo=2, errorBoundMode=0)...
  Appended results to data/muon-sz3-sweep/results.jsonl
  Compressing branch 'lep_pt' with compressor 'sz3' (absErrorBound=10, cmprAlgo=2, errorBoundMode=0)...
  Appended results to data/muon-sz3-sweep/results.jsonl
  Compressing branch 'lep_pt' with compressor 'sz3' (absErrorBound=10, cmprAlgo=2, errorBoundMode=0)...
  Appended results to data/muon-sz3-sweep/results.jsonl
  Compressing branch 'lep_pt' with compressor 'sz3' (absErrorBound=10, cmprAlgo=2, errorBoundMode=0)...
  Appended results to data/muon-sz3-sweep/results.jsonl
  Compressing branch 'lep_pt' with compressor 'sz3' (absErrorBound=10, cmprAlgo=2, errorBoundMode=0)...
  Appended results to data/muon-sz3-sweep/results.jsonl
  Compressing branch 'lep_pt' with compressor 'sz3' (absErrorBound=10, cmprAlgo=2, errorBoundMode=0)...
  Appended results to data/muon-sz3-sweep/results.jsonl
  Compressing branch 'lep_pt' with compressor 'sz3' (absErrorBound=1, cmprAlgo=2, errorBoundMode=0)...
  Appended results to data/muon-sz3-sweep/results.jsonl
  Compressing branch 'lep_pt' with compressor 'sz3' (absErrorBound=1, cmprAlgo=2, errorBoundMode=0)...
  Appended results to data/muon-sz3-sweep/results.jsonl
  Compressing branch 'lep_pt' with compressor 'sz3' (absErrorBound=1, cmprAlgo=2, errorBoundMode=0)...
  Appended results to data/muon-sz3-sweep/results.jsonl
  Compressing branch 'lep_pt' with compressor 'sz3' (absErrorBound=1, cmprAlgo=2, errorBoundMode=0)...
  Appended results to data/muon-sz3-sweep/results.jsonl
  Compressing branch 'lep_pt' with compressor 'sz3' (absErrorBound=1, cmprAlgo=2, errorBoundMode=0)...
  Appended results to data/muon-sz3-sweep/results.jsonl
  Compressing branch 'lep_pt' with compressor 'sz3' (absErrorBound=1, cmprAlgo=2, errorBoundMode=0)...
  Appended results to data/muon-sz3-sweep/results.jsonl
  Compressing branch 'lep_pt' with compressor 'sz3' (absErrorBound=1, cmprAlgo=2, errorBoundMode=0)...
  Appended results to data/muon-sz3-sweep/results.jsonl
  Compressing branch 'lep_pt' with compressor 'sz3' (absErrorBound=1, cmprAlgo=2, errorBoundMode=0)...
  Appended results to data/muon-sz3-sweep/results.jsonl
  Compressing branch 'lep_pt' with compressor 'sz3' (absErrorBound=1, cmprAlgo=2, errorBoundMode=0)...
  Appended results to data/muon-sz3-sweep/results.jsonl
  Compressing branch 'lep_pt' with compressor 'sz3' (absErrorBound=1, cmprAlgo=2, errorBoundMode=0)...
  Appended results to data/muon-sz3-sweep/results.jsonl
  Compressing branch 'lep_pt' with compressor 'sz3' (absErrorBound=1, cmprAlgo=2, errorBoundMode=0)...
  Appended results to data/muon-sz3-sweep/results.jsonl
  Compressing branch 'lep_pt' with compressor 'sz3' (absErrorBound=0.1, cmprAlgo=2, errorBoundMode=0)...
  Appended results to data/muon-sz3-sweep/results.jsonl
  Compressing branch 'lep_pt' with compressor 'sz3' (absErrorBound=0.1, cmprAlgo=2, errorBoundMode=0)...
  Appended results to data/muon-sz3-sweep/results.jsonl
  Compressing branch 'lep_pt' with compressor 'sz3' (absErrorBound=0.1, cmprAlgo=2, errorBoundMode=0)...
  Appended results to data/muon-sz3-sweep/results.jsonl
  Compressing branch 'lep_pt' with compressor 'sz3' (absErrorBound=0.1, cmprAlgo=2, errorBoundMode=0)...
  Appended results to data/muon-sz3-sweep/results.jsonl
  Compressing branch 'lep_pt' with compressor 'sz3' (absErrorBound=0.1, cmprAlgo=2, errorBoundMode=0)...
  Appended results to data/muon-sz3-sweep/results.jsonl
  Compressing branch 'lep_pt' with compressor 'sz3' (absErrorBound=0.1, cmprAlgo=2, errorBoundMode=0)...
  Appended results to data/muon-sz3-sweep/results.jsonl
  Compressing branch 'lep_pt' with compressor 'sz3' (absErrorBound=0.1, cmprAlgo=2, errorBoundMode=0)...
  Appended results to data/muon-sz3-sweep/results.jsonl
  Compressing branch 'lep_pt' with compressor 'sz3' (absErrorBound=0.1, cmprAlgo=2, errorBoundMode=0)...
  Appended results to data/muon-sz3-sweep/results.jsonl
  Compressing branch 'lep_pt' with compressor 'sz3' (absErrorBound=0.1, cmprAlgo=2, errorBoundMode=0)...
  Appended results to data/muon-sz3-sweep/results.jsonl
  Compressing branch 'lep_pt' with compressor 'sz3' (absErrorBound=0.1, cmprAlgo=2, errorBoundMode=0)...
  Appended results to data/muon-sz3-sweep/results.jsonl
  Compressing branch 'lep_pt' with compressor 'sz3' (absErrorBound=0.1, cmprAlgo=2, errorBoundMode=0)...
  Appended results to data/muon-sz3-sweep/results.jsonl
  Compressing branch 'lep_pt' with compressor 'sz3' (absErrorBound=0.01, cmprAlgo=2, errorBoundMode=0)...
  Appended results to data/muon-sz3-sweep/results.jsonl
  Compressing branch 'lep_pt' with compressor 'sz3' (absErrorBound=0.01, cmprAlgo=2, errorBoundMode=0)...
  Appended results to data/muon-sz3-sweep/results.jsonl
  Compressing branch 'lep_pt' with compressor 'sz3' (absErrorBound=0.01, cmprAlgo=2, errorBoundMode=0)...
  Appended results to data/muon-sz3-sweep/results.jsonl
  Compressing branch 'lep_pt' with compressor 'sz3' (absErrorBound=0.01, cmprAlgo=2, errorBoundMode=0)...
  Appended results to data/muon-sz3-sweep/results.jsonl
  Compressing branch 'lep_pt' with compressor 'sz3' (absErrorBound=0.01, cmprAlgo=2, errorBoundMode=0)...
  Appended results to data/muon-sz3-sweep/results.jsonl
  Compressing branch 'lep_pt' with compressor 'sz3' (absErrorBound=0.01, cmprAlgo=2, errorBoundMode=0)...
  Appended results to data/muon-sz3-sweep/results.jsonl
  Compressing branch 'lep_pt' with compressor 'sz3' (absErrorBound=0.01, cmprAlgo=2, errorBoundMode=0)...
  Appended results to data/muon-sz3-sweep/results.jsonl
  Compressing branch 'lep_pt' with compressor 'sz3' (absErrorBound=0.01, cmprAlgo=2, errorBoundMode=0)...
  Appended results to data/muon-sz3-sweep/results.jsonl
  Compressing branch 'lep_pt' with compressor 'sz3' (absErrorBound=0.01, cmprAlgo=2, errorBoundMode=0)...
  Appended results to data/muon-sz3-sweep/results.jsonl
  Compressing branch 'lep_pt' with compressor 'sz3' (absErrorBound=0.01, cmprAlgo=2, errorBoundMode=0)...
  Appended results to data/muon-sz3-sweep/results.jsonl
  Compressing branch 'lep_pt' with compressor 'sz3' (absErrorBound=0.01, cmprAlgo=2, errorBoundMode=0)...
  Appended results to data/muon-sz3-sweep/results.jsonl
  Compressing branch 'lep_pt' with compressor 'sz3' (absErrorBound=0.001, cmprAlgo=2, errorBoundMode=0)...
  Appended results to data/muon-sz3-sweep/results.jsonl
  Compressing branch 'lep_pt' with compressor 'sz3' (absErrorBound=0.001, cmprAlgo=2, errorBoundMode=0)...
  Appended results to data/muon-sz3-sweep/results.jsonl
  Compressing branch 'lep_pt' with compressor 'sz3' (absErrorBound=0.001, cmprAlgo=2, errorBoundMode=0)...
  Appended results to data/muon-sz3-sweep/results.jsonl
  Compressing branch 'lep_pt' with compressor 'sz3' (absErrorBound=0.001, cmprAlgo=2, errorBoundMode=0)...
  Appended results to data/muon-sz3-sweep/results.jsonl
  Compressing branch 'lep_pt' with compressor 'sz3' (absErrorBound=0.001, cmprAlgo=2, errorBoundMode=0)...
  Appended results to data/muon-sz3-sweep/results.jsonl
  Compressing branch 'lep_pt' with compressor 'sz3' (absErrorBound=0.001, cmprAlgo=2, errorBoundMode=0)...
  Appended results to data/muon-sz3-sweep/results.jsonl
  Compressing branch 'lep_pt' with compressor 'sz3' (absErrorBound=0.001, cmprAlgo=2, errorBoundMode=0)...
  Appended results to data/muon-sz3-sweep/results.jsonl
  Compressing branch 'lep_pt' with compressor 'sz3' (absErrorBound=0.001, cmprAlgo=2, errorBoundMode=0)...
  Appended results to data/muon-sz3-sweep/results.jsonl
  Compressing branch 'lep_pt' with compressor 'sz3' (absErrorBound=0.001, cmprAlgo=2, errorBoundMode=0)...
  Appended results to data/muon-sz3-sweep/results.jsonl
  Compressing branch 'lep_pt' with compressor 'sz3' (absErrorBound=0.001, cmprAlgo=2, errorBoundMode=0)...
  Appended results to data/muon-sz3-sweep/results.jsonl
  Compressing branch 'lep_pt' with compressor 'sz3' (absErrorBound=0.001, cmprAlgo=2, errorBoundMode=0)...
  Appended results to data/muon-sz3-sweep/results.jsonl
  Compressing branch 'lep_pt' with compressor 'sz3' (absErrorBound=0.0001, cmprAlgo=2, errorBoundMode=0)...
  Appended results to data/muon-sz3-sweep/results.jsonl
  Compressing branch 'lep_pt' with compressor 'sz3' (absErrorBound=0.0001, cmprAlgo=2, errorBoundMode=0)...
  Appended results to data/muon-sz3-sweep/results.jsonl
  Compressing branch 'lep_pt' with compressor 'sz3' (absErrorBound=0.0001, cmprAlgo=2, errorBoundMode=0)...
  Appended results to data/muon-sz3-sweep/results.jsonl
  Compressing branch 'lep_pt' with compressor 'sz3' (absErrorBound=0.0001, cmprAlgo=2, errorBoundMode=0)...
  Appended results to data/muon-sz3-sweep/results.jsonl
  Compressing branch 'lep_pt' with compressor 'sz3' (absErrorBound=0.0001, cmprAlgo=2, errorBoundMode=0)...
  Appended results to data/muon-sz3-sweep/results.jsonl
  Compressing branch 'lep_pt' with compressor 'sz3' (absErrorBound=0.0001, cmprAlgo=2, errorBoundMode=0)...
  Appended results to data/muon-sz3-sweep/results.jsonl
  Compressing branch 'lep_pt' with compressor 'sz3' (absErrorBound=0.0001, cmprAlgo=2, errorBoundMode=0)...
  Appended results to data/muon-sz3-sweep/results.jsonl
  Compressing branch 'lep_pt' with compressor 'sz3' (absErrorBound=0.0001, cmprAlgo=2, errorBoundMode=0)...
  Appended results to data/muon-sz3-sweep/results.jsonl
  Compressing branch 'lep_pt' with compressor 'sz3' (absErrorBound=0.0001, cmprAlgo=2, errorBoundMode=0)...
  Appended results to data/muon-sz3-sweep/results.jsonl
  Compressing branch 'lep_pt' with compressor 'sz3' (absErrorBound=0.0001, cmprAlgo=2, errorBoundMode=0)...
  Appended results to data/muon-sz3-sweep/results.jsonl
  Compressing branch 'lep_pt' with compressor 'sz3' (absErrorBound=0.0001, cmprAlgo=2, errorBoundMode=0)...
  Appended results to data/muon-sz3-sweep/results.jsonl
  Compressing branch 'lep_pt' with compressor 'sz3' (absErrorBound=1e-05, cmprAlgo=2, errorBoundMode=0)...
  Appended results to data/muon-sz3-sweep/results.jsonl
  Compressing branch 'lep_pt' with compressor 'sz3' (absErrorBound=1e-05, cmprAlgo=2, errorBoundMode=0)...
  Appended results to data/muon-sz3-sweep/results.jsonl
  Compressing branch 'lep_pt' with compressor 'sz3' (absErrorBound=1e-05, cmprAlgo=2, errorBoundMode=0)...
  Appended results to data/muon-sz3-sweep/results.jsonl
  Compressing branch 'lep_pt' with compressor 'sz3' (absErrorBound=1e-05, cmprAlgo=2, errorBoundMode=0)...
  Appended results to data/muon-sz3-sweep/results.jsonl
  Compressing branch 'lep_pt' with compressor 'sz3' (absErrorBound=1e-05, cmprAlgo=2, errorBoundMode=0)...
  Appended results to data/muon-sz3-sweep/results.jsonl
  Compressing branch 'lep_pt' with compressor 'sz3' (absErrorBound=1e-05, cmprAlgo=2, errorBoundMode=0)...
  Appended results to data/muon-sz3-sweep/results.jsonl
  Compressing branch 'lep_pt' with compressor 'sz3' (absErrorBound=1e-05, cmprAlgo=2, errorBoundMode=0)...
  Appended results to data/muon-sz3-sweep/results.jsonl
  Compressing branch 'lep_pt' with compressor 'sz3' (absErrorBound=1e-05, cmprAlgo=2, errorBoundMode=0)...
  Appended results to data/muon-sz3-sweep/results.jsonl
  Compressing branch 'lep_pt' with compressor 'sz3' (absErrorBound=1e-05, cmprAlgo=2, errorBoundMode=0)...
  Appended results to data/muon-sz3-sweep/results.jsonl
  Compressing branch 'lep_pt' with compressor 'sz3' (absErrorBound=1e-05, cmprAlgo=2, errorBoundMode=0)...
  Appended results to data/muon-sz3-sweep/results.jsonl
  Compressing branch 'lep_pt' with compressor 'sz3' (absErrorBound=1e-05, cmprAlgo=2, errorBoundMode=0)...
  Appended results to data/muon-sz3-sweep/results.jsonl
  Compressing branch 'lep_pt' with compressor 'sz3' (absErrorBound=1e-06, cmprAlgo=2, errorBoundMode=0)...
  Appended results to data/muon-sz3-sweep/results.jsonl
  Compressing branch 'lep_pt' with compressor 'sz3' (absErrorBound=1e-06, cmprAlgo=2, errorBoundMode=0)...
  Appended results to data/muon-sz3-sweep/results.jsonl
  Compressing branch 'lep_pt' with compressor 'sz3' (absErrorBound=1e-06, cmprAlgo=2, errorBoundMode=0)...
  Appended results to data/muon-sz3-sweep/results.jsonl
  Compressing branch 'lep_pt' with compressor 'sz3' (absErrorBound=1e-06, cmprAlgo=2, errorBoundMode=0)...
  Appended results to data/muon-sz3-sweep/results.jsonl
  Compressing branch 'lep_pt' with compressor 'sz3' (absErrorBound=1e-06, cmprAlgo=2, errorBoundMode=0)...
  Appended results to data/muon-sz3-sweep/results.jsonl
  Compressing branch 'lep_pt' with compressor 'sz3' (absErrorBound=1e-06, cmprAlgo=2, errorBoundMode=0)...
  Appended results to data/muon-sz3-sweep/results.jsonl
  Compressing branch 'lep_pt' with compressor 'sz3' (absErrorBound=1e-06, cmprAlgo=2, errorBoundMode=0)...
  Appended results to data/muon-sz3-sweep/results.jsonl
  Compressing branch 'lep_pt' with compressor 'sz3' (absErrorBound=1e-06, cmprAlgo=2, errorBoundMode=0)...
  Appended results to data/muon-sz3-sweep/results.jsonl
  Compressing branch 'lep_pt' with compressor 'sz3' (absErrorBound=1e-06, cmprAlgo=2, errorBoundMode=0)...
  Appended results to data/muon-sz3-sweep/results.jsonl
  Compressing branch 'lep_pt' with compressor 'sz3' (absErrorBound=1e-06, cmprAlgo=2, errorBoundMode=0)...
  Appended results to data/muon-sz3-sweep/results.jsonl
  Compressing branch 'lep_pt' with compressor 'sz3' (absErrorBound=1e-06, cmprAlgo=2, errorBoundMode=0)...
  Appended results to data/muon-sz3-sweep/results.jsonl
  Compressing branch 'lep_pt' with compressor 'sz3' (absErrorBound=100, cmprAlgo=3, errorBoundMode=0)...
  Appended results to data/muon-sz3-sweep/results.jsonl
  Compressing branch 'lep_pt' with compressor 'sz3' (absErrorBound=100, cmprAlgo=3, errorBoundMode=0)...
  Appended results to data/muon-sz3-sweep/results.jsonl
  Compressing branch 'lep_pt' with compressor 'sz3' (absErrorBound=100, cmprAlgo=3, errorBoundMode=0)...
  Appended results to data/muon-sz3-sweep/results.jsonl
  Compressing branch 'lep_pt' with compressor 'sz3' (absErrorBound=100, cmprAlgo=3, errorBoundMode=0)...
  Appended results to data/muon-sz3-sweep/results.jsonl
  Compressing branch 'lep_pt' with compressor 'sz3' (absErrorBound=100, cmprAlgo=3, errorBoundMode=0)...
  Appended results to data/muon-sz3-sweep/results.jsonl
  Compressing branch 'lep_pt' with compressor 'sz3' (absErrorBound=100, cmprAlgo=3, errorBoundMode=0)...
  Appended results to data/muon-sz3-sweep/results.jsonl
  Compressing branch 'lep_pt' with compressor 'sz3' (absErrorBound=100, cmprAlgo=3, errorBoundMode=0)...
  Appended results to data/muon-sz3-sweep/results.jsonl
  Compressing branch 'lep_pt' with compressor 'sz3' (absErrorBound=100, cmprAlgo=3, errorBoundMode=0)...
  Appended results to data/muon-sz3-sweep/results.jsonl
  Compressing branch 'lep_pt' with compressor 'sz3' (absErrorBound=100, cmprAlgo=3, errorBoundMode=0)...
  Appended results to data/muon-sz3-sweep/results.jsonl
  Compressing branch 'lep_pt' with compressor 'sz3' (absErrorBound=100, cmprAlgo=3, errorBoundMode=0)...
  Appended results to data/muon-sz3-sweep/results.jsonl
  Compressing branch 'lep_pt' with compressor 'sz3' (absErrorBound=100, cmprAlgo=3, errorBoundMode=0)...
  Appended results to data/muon-sz3-sweep/results.jsonl
  Compressing branch 'lep_pt' with compressor 'sz3' (absErrorBound=10, cmprAlgo=3, errorBoundMode=0)...
  Appended results to data/muon-sz3-sweep/results.jsonl
  Compressing branch 'lep_pt' with compressor 'sz3' (absErrorBound=10, cmprAlgo=3, errorBoundMode=0)...
  Appended results to data/muon-sz3-sweep/results.jsonl
  Compressing branch 'lep_pt' with compressor 'sz3' (absErrorBound=10, cmprAlgo=3, errorBoundMode=0)...
  Appended results to data/muon-sz3-sweep/results.jsonl
  Compressing branch 'lep_pt' with compressor 'sz3' (absErrorBound=10, cmprAlgo=3, errorBoundMode=0)...
  Appended results to data/muon-sz3-sweep/results.jsonl
  Compressing branch 'lep_pt' with compressor 'sz3' (absErrorBound=10, cmprAlgo=3, errorBoundMode=0)...
  Appended results to data/muon-sz3-sweep/results.jsonl
  Compressing branch 'lep_pt' with compressor 'sz3' (absErrorBound=10, cmprAlgo=3, errorBoundMode=0)...
  Appended results to data/muon-sz3-sweep/results.jsonl
  Compressing branch 'lep_pt' with compressor 'sz3' (absErrorBound=10, cmprAlgo=3, errorBoundMode=0)...
  Appended results to data/muon-sz3-sweep/results.jsonl
  Compressing branch 'lep_pt' with compressor 'sz3' (absErrorBound=10, cmprAlgo=3, errorBoundMode=0)...
  Appended results to data/muon-sz3-sweep/results.jsonl
  Compressing branch 'lep_pt' with compressor 'sz3' (absErrorBound=10, cmprAlgo=3, errorBoundMode=0)...
  Appended results to data/muon-sz3-sweep/results.jsonl
  Compressing branch 'lep_pt' with compressor 'sz3' (absErrorBound=10, cmprAlgo=3, errorBoundMode=0)...
  Appended results to data/muon-sz3-sweep/results.jsonl
  Compressing branch 'lep_pt' with compressor 'sz3' (absErrorBound=10, cmprAlgo=3, errorBoundMode=0)...
  Appended results to data/muon-sz3-sweep/results.jsonl
  Compressing branch 'lep_pt' with compressor 'sz3' (absErrorBound=1, cmprAlgo=3, errorBoundMode=0)...
  Appended results to data/muon-sz3-sweep/results.jsonl
  Compressing branch 'lep_pt' with compressor 'sz3' (absErrorBound=1, cmprAlgo=3, errorBoundMode=0)...
  Appended results to data/muon-sz3-sweep/results.jsonl
  Compressing branch 'lep_pt' with compressor 'sz3' (absErrorBound=1, cmprAlgo=3, errorBoundMode=0)...
  Appended results to data/muon-sz3-sweep/results.jsonl
  Compressing branch 'lep_pt' with compressor 'sz3' (absErrorBound=1, cmprAlgo=3, errorBoundMode=0)...
  Appended results to data/muon-sz3-sweep/results.jsonl
  Compressing branch 'lep_pt' with compressor 'sz3' (absErrorBound=1, cmprAlgo=3, errorBoundMode=0)...
  Appended results to data/muon-sz3-sweep/results.jsonl
  Compressing branch 'lep_pt' with compressor 'sz3' (absErrorBound=1, cmprAlgo=3, errorBoundMode=0)...
  Appended results to data/muon-sz3-sweep/results.jsonl
  Compressing branch 'lep_pt' with compressor 'sz3' (absErrorBound=1, cmprAlgo=3, errorBoundMode=0)...
  Appended results to data/muon-sz3-sweep/results.jsonl
  Compressing branch 'lep_pt' with compressor 'sz3' (absErrorBound=1, cmprAlgo=3, errorBoundMode=0)...
  Appended results to data/muon-sz3-sweep/results.jsonl
  Compressing branch 'lep_pt' with compressor 'sz3' (absErrorBound=1, cmprAlgo=3, errorBoundMode=0)...
  Appended results to data/muon-sz3-sweep/results.jsonl
  Compressing branch 'lep_pt' with compressor 'sz3' (absErrorBound=1, cmprAlgo=3, errorBoundMode=0)...
  Appended results to data/muon-sz3-sweep/results.jsonl
  Compressing branch 'lep_pt' with compressor 'sz3' (absErrorBound=1, cmprAlgo=3, errorBoundMode=0)...
  Appended results to data/muon-sz3-sweep/results.jsonl
  Compressing branch 'lep_pt' with compressor 'sz3' (absErrorBound=0.1, cmprAlgo=3, errorBoundMode=0)...
  Appended results to data/muon-sz3-sweep/results.jsonl
  Compressing branch 'lep_pt' with compressor 'sz3' (absErrorBound=0.1, cmprAlgo=3, errorBoundMode=0)...
  Appended results to data/muon-sz3-sweep/results.jsonl
  Compressing branch 'lep_pt' with compressor 'sz3' (absErrorBound=0.1, cmprAlgo=3, errorBoundMode=0)...
  Appended results to data/muon-sz3-sweep/results.jsonl
  Compressing branch 'lep_pt' with compressor 'sz3' (absErrorBound=0.1, cmprAlgo=3, errorBoundMode=0)...
  Appended results to data/muon-sz3-sweep/results.jsonl
  Compressing branch 'lep_pt' with compressor 'sz3' (absErrorBound=0.1, cmprAlgo=3, errorBoundMode=0)...
  Appended results to data/muon-sz3-sweep/results.jsonl
  Compressing branch 'lep_pt' with compressor 'sz3' (absErrorBound=0.1, cmprAlgo=3, errorBoundMode=0)...
  Appended results to data/muon-sz3-sweep/results.jsonl
  Compressing branch 'lep_pt' with compressor 'sz3' (absErrorBound=0.1, cmprAlgo=3, errorBoundMode=0)...
  Appended results to data/muon-sz3-sweep/results.jsonl
  Compressing branch 'lep_pt' with compressor 'sz3' (absErrorBound=0.1, cmprAlgo=3, errorBoundMode=0)...
  Appended results to data/muon-sz3-sweep/results.jsonl
  Compressing branch 'lep_pt' with compressor 'sz3' (absErrorBound=0.1, cmprAlgo=3, errorBoundMode=0)...
  Appended results to data/muon-sz3-sweep/results.jsonl
  Compressing branch 'lep_pt' with compressor 'sz3' (absErrorBound=0.1, cmprAlgo=3, errorBoundMode=0)...
  Appended results to data/muon-sz3-sweep/results.jsonl
  Compressing branch 'lep_pt' with compressor 'sz3' (absErrorBound=0.1, cmprAlgo=3, errorBoundMode=0)...
  Appended results to data/muon-sz3-sweep/results.jsonl
  Compressing branch 'lep_pt' with compressor 'sz3' (absErrorBound=0.01, cmprAlgo=3, errorBoundMode=0)...
  Appended results to data/muon-sz3-sweep/results.jsonl
  Compressing branch 'lep_pt' with compressor 'sz3' (absErrorBound=0.01, cmprAlgo=3, errorBoundMode=0)...
  Appended results to data/muon-sz3-sweep/results.jsonl
  Compressing branch 'lep_pt' with compressor 'sz3' (absErrorBound=0.01, cmprAlgo=3, errorBoundMode=0)...
  Appended results to data/muon-sz3-sweep/results.jsonl
  Compressing branch 'lep_pt' with compressor 'sz3' (absErrorBound=0.01, cmprAlgo=3, errorBoundMode=0)...
  Appended results to data/muon-sz3-sweep/results.jsonl
  Compressing branch 'lep_pt' with compressor 'sz3' (absErrorBound=0.01, cmprAlgo=3, errorBoundMode=0)...
  Appended results to data/muon-sz3-sweep/results.jsonl
  Compressing branch 'lep_pt' with compressor 'sz3' (absErrorBound=0.01, cmprAlgo=3, errorBoundMode=0)...
  Appended results to data/muon-sz3-sweep/results.jsonl
  Compressing branch 'lep_pt' with compressor 'sz3' (absErrorBound=0.01, cmprAlgo=3, errorBoundMode=0)...
  Appended results to data/muon-sz3-sweep/results.jsonl
  Compressing branch 'lep_pt' with compressor 'sz3' (absErrorBound=0.01, cmprAlgo=3, errorBoundMode=0)...
  Appended results to data/muon-sz3-sweep/results.jsonl
  Compressing branch 'lep_pt' with compressor 'sz3' (absErrorBound=0.01, cmprAlgo=3, errorBoundMode=0)...
  Appended results to data/muon-sz3-sweep/results.jsonl
  Compressing branch 'lep_pt' with compressor 'sz3' (absErrorBound=0.01, cmprAlgo=3, errorBoundMode=0)...
  Appended results to data/muon-sz3-sweep/results.jsonl
  Compressing branch 'lep_pt' with compressor 'sz3' (absErrorBound=0.01, cmprAlgo=3, errorBoundMode=0)...
  Appended results to data/muon-sz3-sweep/results.jsonl
  Compressing branch 'lep_pt' with compressor 'sz3' (absErrorBound=0.001, cmprAlgo=3, errorBoundMode=0)...
  Appended results to data/muon-sz3-sweep/results.jsonl
  Compressing branch 'lep_pt' with compressor 'sz3' (absErrorBound=0.001, cmprAlgo=3, errorBoundMode=0)...
  Appended results to data/muon-sz3-sweep/results.jsonl
  Compressing branch 'lep_pt' with compressor 'sz3' (absErrorBound=0.001, cmprAlgo=3, errorBoundMode=0)...
  Appended results to data/muon-sz3-sweep/results.jsonl
  Compressing branch 'lep_pt' with compressor 'sz3' (absErrorBound=0.001, cmprAlgo=3, errorBoundMode=0)...
  Appended results to data/muon-sz3-sweep/results.jsonl
  Compressing branch 'lep_pt' with compressor 'sz3' (absErrorBound=0.001, cmprAlgo=3, errorBoundMode=0)...
  Appended results to data/muon-sz3-sweep/results.jsonl
  Compressing branch 'lep_pt' with compressor 'sz3' (absErrorBound=0.001, cmprAlgo=3, errorBoundMode=0)...
  Appended results to data/muon-sz3-sweep/results.jsonl
  Compressing branch 'lep_pt' with compressor 'sz3' (absErrorBound=0.001, cmprAlgo=3, errorBoundMode=0)...
  Appended results to data/muon-sz3-sweep/results.jsonl
  Compressing branch 'lep_pt' with compressor 'sz3' (absErrorBound=0.001, cmprAlgo=3, errorBoundMode=0)...
  Appended results to data/muon-sz3-sweep/results.jsonl
  Compressing branch 'lep_pt' with compressor 'sz3' (absErrorBound=0.001, cmprAlgo=3, errorBoundMode=0)...
  Appended results to data/muon-sz3-sweep/results.jsonl
  Compressing branch 'lep_pt' with compressor 'sz3' (absErrorBound=0.001, cmprAlgo=3, errorBoundMode=0)...
  Appended results to data/muon-sz3-sweep/results.jsonl
  Compressing branch 'lep_pt' with compressor 'sz3' (absErrorBound=0.001, cmprAlgo=3, errorBoundMode=0)...
  Appended results to data/muon-sz3-sweep/results.jsonl
  Compressing branch 'lep_pt' with compressor 'sz3' (absErrorBound=0.0001, cmprAlgo=3, errorBoundMode=0)...
  Appended results to data/muon-sz3-sweep/results.jsonl
  Compressing branch 'lep_pt' with compressor 'sz3' (absErrorBound=0.0001, cmprAlgo=3, errorBoundMode=0)...
  Appended results to data/muon-sz3-sweep/results.jsonl
  Compressing branch 'lep_pt' with compressor 'sz3' (absErrorBound=0.0001, cmprAlgo=3, errorBoundMode=0)...
  Appended results to data/muon-sz3-sweep/results.jsonl
  Compressing branch 'lep_pt' with compressor 'sz3' (absErrorBound=0.0001, cmprAlgo=3, errorBoundMode=0)...
  Appended results to data/muon-sz3-sweep/results.jsonl
  Compressing branch 'lep_pt' with compressor 'sz3' (absErrorBound=0.0001, cmprAlgo=3, errorBoundMode=0)...
  Appended results to data/muon-sz3-sweep/results.jsonl
  Compressing branch 'lep_pt' with compressor 'sz3' (absErrorBound=0.0001, cmprAlgo=3, errorBoundMode=0)...
  Appended results to data/muon-sz3-sweep/results.jsonl
  Compressing branch 'lep_pt' with compressor 'sz3' (absErrorBound=0.0001, cmprAlgo=3, errorBoundMode=0)...
  Appended results to data/muon-sz3-sweep/results.jsonl
  Compressing branch 'lep_pt' with compressor 'sz3' (absErrorBound=0.0001, cmprAlgo=3, errorBoundMode=0)...
  Appended results to data/muon-sz3-sweep/results.jsonl
  Compressing branch 'lep_pt' with compressor 'sz3' (absErrorBound=0.0001, cmprAlgo=3, errorBoundMode=0)...
  Appended results to data/muon-sz3-sweep/results.jsonl
  Compressing branch 'lep_pt' with compressor 'sz3' (absErrorBound=0.0001, cmprAlgo=3, errorBoundMode=0)...
  Appended results to data/muon-sz3-sweep/results.jsonl
  Compressing branch 'lep_pt' with compressor 'sz3' (absErrorBound=0.0001, cmprAlgo=3, errorBoundMode=0)...
  Appended results to data/muon-sz3-sweep/results.jsonl
  Compressing branch 'lep_pt' with compressor 'sz3' (absErrorBound=1e-05, cmprAlgo=3, errorBoundMode=0)...
  Appended results to data/muon-sz3-sweep/results.jsonl
  Compressing branch 'lep_pt' with compressor 'sz3' (absErrorBound=1e-05, cmprAlgo=3, errorBoundMode=0)...
  Appended results to data/muon-sz3-sweep/results.jsonl
  Compressing branch 'lep_pt' with compressor 'sz3' (absErrorBound=1e-05, cmprAlgo=3, errorBoundMode=0)...
  Appended results to data/muon-sz3-sweep/results.jsonl
  Compressing branch 'lep_pt' with compressor 'sz3' (absErrorBound=1e-05, cmprAlgo=3, errorBoundMode=0)...
  Appended results to data/muon-sz3-sweep/results.jsonl
  Compressing branch 'lep_pt' with compressor 'sz3' (absErrorBound=1e-05, cmprAlgo=3, errorBoundMode=0)...
  Appended results to data/muon-sz3-sweep/results.jsonl
  Compressing branch 'lep_pt' with compressor 'sz3' (absErrorBound=1e-05, cmprAlgo=3, errorBoundMode=0)...
  Appended results to data/muon-sz3-sweep/results.jsonl
  Compressing branch 'lep_pt' with compressor 'sz3' (absErrorBound=1e-05, cmprAlgo=3, errorBoundMode=0)...
  Appended results to data/muon-sz3-sweep/results.jsonl
  Compressing branch 'lep_pt' with compressor 'sz3' (absErrorBound=1e-05, cmprAlgo=3, errorBoundMode=0)...
  Appended results to data/muon-sz3-sweep/results.jsonl
  Compressing branch 'lep_pt' with compressor 'sz3' (absErrorBound=1e-05, cmprAlgo=3, errorBoundMode=0)...
  Appended results to data/muon-sz3-sweep/results.jsonl
  Compressing branch 'lep_pt' with compressor 'sz3' (absErrorBound=1e-05, cmprAlgo=3, errorBoundMode=0)...
  Appended results to data/muon-sz3-sweep/results.jsonl
  Compressing branch 'lep_pt' with compressor 'sz3' (absErrorBound=1e-05, cmprAlgo=3, errorBoundMode=0)...
  Appended results to data/muon-sz3-sweep/results.jsonl
  Compressing branch 'lep_pt' with compressor 'sz3' (absErrorBound=1e-06, cmprAlgo=3, errorBoundMode=0)...
  Appended results to data/muon-sz3-sweep/results.jsonl
  Compressing branch 'lep_pt' with compressor 'sz3' (absErrorBound=1e-06, cmprAlgo=3, errorBoundMode=0)...
  Appended results to data/muon-sz3-sweep/results.jsonl
  Compressing branch 'lep_pt' with compressor 'sz3' (absErrorBound=1e-06, cmprAlgo=3, errorBoundMode=0)...
  Appended results to data/muon-sz3-sweep/results.jsonl
  Compressing branch 'lep_pt' with compressor 'sz3' (absErrorBound=1e-06, cmprAlgo=3, errorBoundMode=0)...
  Appended results to data/muon-sz3-sweep/results.jsonl
  Compressing branch 'lep_pt' with compressor 'sz3' (absErrorBound=1e-06, cmprAlgo=3, errorBoundMode=0)...
  Appended results to data/muon-sz3-sweep/results.jsonl
  Compressing branch 'lep_pt' with compressor 'sz3' (absErrorBound=1e-06, cmprAlgo=3, errorBoundMode=0)...
  Appended results to data/muon-sz3-sweep/results.jsonl
  Compressing branch 'lep_pt' with compressor 'sz3' (absErrorBound=1e-06, cmprAlgo=3, errorBoundMode=0)...
  Appended results to data/muon-sz3-sweep/results.jsonl
  Compressing branch 'lep_pt' with compressor 'sz3' (absErrorBound=1e-06, cmprAlgo=3, errorBoundMode=0)...
  Appended results to data/muon-sz3-sweep/results.jsonl
  Compressing branch 'lep_pt' with compressor 'sz3' (absErrorBound=1e-06, cmprAlgo=3, errorBoundMode=0)...
  Appended results to data/muon-sz3-sweep/results.jsonl
  Compressing branch 'lep_pt' with compressor 'sz3' (absErrorBound=1e-06, cmprAlgo=3, errorBoundMode=0)...
  Appended results to data/muon-sz3-sweep/results.jsonl
  Compressing branch 'lep_pt' with compressor 'sz3' (absErrorBound=1e-06, cmprAlgo=3, errorBoundMode=0)...
  Appended results to data/muon-sz3-sweep/results.jsonl
  Compressing branch 'lep_pt' with compressor 'sz3' (cmprAlgo=0, errorBoundMode=1, relErrorBound=100)...
  Appended results to data/muon-sz3-sweep/results.jsonl
  Compressing branch 'lep_pt' with compressor 'sz3' (cmprAlgo=0, errorBoundMode=1, relErrorBound=100)...
  Appended results to data/muon-sz3-sweep/results.jsonl
  Compressing branch 'lep_pt' with compressor 'sz3' (cmprAlgo=0, errorBoundMode=1, relErrorBound=100)...
  Appended results to data/muon-sz3-sweep/results.jsonl
  Compressing branch 'lep_pt' with compressor 'sz3' (cmprAlgo=0, errorBoundMode=1, relErrorBound=100)...
  Appended results to data/muon-sz3-sweep/results.jsonl
  Compressing branch 'lep_pt' with compressor 'sz3' (cmprAlgo=0, errorBoundMode=1, relErrorBound=100)...
  Appended results to data/muon-sz3-sweep/results.jsonl
  Compressing branch 'lep_pt' with compressor 'sz3' (cmprAlgo=0, errorBoundMode=1, relErrorBound=100)...
  Appended results to data/muon-sz3-sweep/results.jsonl
  Compressing branch 'lep_pt' with compressor 'sz3' (cmprAlgo=0, errorBoundMode=1, relErrorBound=100)...
  Appended results to data/muon-sz3-sweep/results.jsonl
  Compressing branch 'lep_pt' with compressor 'sz3' (cmprAlgo=0, errorBoundMode=1, relErrorBound=100)...
  Appended results to data/muon-sz3-sweep/results.jsonl
  Compressing branch 'lep_pt' with compressor 'sz3' (cmprAlgo=0, errorBoundMode=1, relErrorBound=100)...
  Appended results to data/muon-sz3-sweep/results.jsonl
  Compressing branch 'lep_pt' with compressor 'sz3' (cmprAlgo=0, errorBoundMode=1, relErrorBound=100)...
  Appended results to data/muon-sz3-sweep/results.jsonl
  Compressing branch 'lep_pt' with compressor 'sz3' (cmprAlgo=0, errorBoundMode=1, relErrorBound=100)...
  Appended results to data/muon-sz3-sweep/results.jsonl
  Compressing branch 'lep_pt' with compressor 'sz3' (cmprAlgo=0, errorBoundMode=1, relErrorBound=10)...
  Appended results to data/muon-sz3-sweep/results.jsonl
  Compressing branch 'lep_pt' with compressor 'sz3' (cmprAlgo=0, errorBoundMode=1, relErrorBound=10)...
  Appended results to data/muon-sz3-sweep/results.jsonl
  Compressing branch 'lep_pt' with compressor 'sz3' (cmprAlgo=0, errorBoundMode=1, relErrorBound=10)...
  Appended results to data/muon-sz3-sweep/results.jsonl
  Compressing branch 'lep_pt' with compressor 'sz3' (cmprAlgo=0, errorBoundMode=1, relErrorBound=10)...
  Appended results to data/muon-sz3-sweep/results.jsonl
  Compressing branch 'lep_pt' with compressor 'sz3' (cmprAlgo=0, errorBoundMode=1, relErrorBound=10)...
  Appended results to data/muon-sz3-sweep/results.jsonl
  Compressing branch 'lep_pt' with compressor 'sz3' (cmprAlgo=0, errorBoundMode=1, relErrorBound=10)...
  Appended results to data/muon-sz3-sweep/results.jsonl
  Compressing branch 'lep_pt' with compressor 'sz3' (cmprAlgo=0, errorBoundMode=1, relErrorBound=10)...
  Appended results to data/muon-sz3-sweep/results.jsonl
  Compressing branch 'lep_pt' with compressor 'sz3' (cmprAlgo=0, errorBoundMode=1, relErrorBound=10)...
  Appended results to data/muon-sz3-sweep/results.jsonl
  Compressing branch 'lep_pt' with compressor 'sz3' (cmprAlgo=0, errorBoundMode=1, relErrorBound=10)...
  Appended results to data/muon-sz3-sweep/results.jsonl
  Compressing branch 'lep_pt' with compressor 'sz3' (cmprAlgo=0, errorBoundMode=1, relErrorBound=10)...
  Appended results to data/muon-sz3-sweep/results.jsonl
  Compressing branch 'lep_pt' with compressor 'sz3' (cmprAlgo=0, errorBoundMode=1, relErrorBound=10)...
  Appended results to data/muon-sz3-sweep/results.jsonl
  Compressing branch 'lep_pt' with compressor 'sz3' (cmprAlgo=0, errorBoundMode=1, relErrorBound=1)...
  Appended results to data/muon-sz3-sweep/results.jsonl
  Compressing branch 'lep_pt' with compressor 'sz3' (cmprAlgo=0, errorBoundMode=1, relErrorBound=1)...
  Appended results to data/muon-sz3-sweep/results.jsonl
  Compressing branch 'lep_pt' with compressor 'sz3' (cmprAlgo=0, errorBoundMode=1, relErrorBound=1)...
  Appended results to data/muon-sz3-sweep/results.jsonl
  Compressing branch 'lep_pt' with compressor 'sz3' (cmprAlgo=0, errorBoundMode=1, relErrorBound=1)...
  Appended results to data/muon-sz3-sweep/results.jsonl
  Compressing branch 'lep_pt' with compressor 'sz3' (cmprAlgo=0, errorBoundMode=1, relErrorBound=1)...
  Appended results to data/muon-sz3-sweep/results.jsonl
  Compressing branch 'lep_pt' with compressor 'sz3' (cmprAlgo=0, errorBoundMode=1, relErrorBound=1)...
  Appended results to data/muon-sz3-sweep/results.jsonl
  Compressing branch 'lep_pt' with compressor 'sz3' (cmprAlgo=0, errorBoundMode=1, relErrorBound=1)...
  Appended results to data/muon-sz3-sweep/results.jsonl
  Compressing branch 'lep_pt' with compressor 'sz3' (cmprAlgo=0, errorBoundMode=1, relErrorBound=1)...
  Appended results to data/muon-sz3-sweep/results.jsonl
  Compressing branch 'lep_pt' with compressor 'sz3' (cmprAlgo=0, errorBoundMode=1, relErrorBound=1)...
  Appended results to data/muon-sz3-sweep/results.jsonl
  Compressing branch 'lep_pt' with compressor 'sz3' (cmprAlgo=0, errorBoundMode=1, relErrorBound=1)...
  Appended results to data/muon-sz3-sweep/results.jsonl
  Compressing branch 'lep_pt' with compressor 'sz3' (cmprAlgo=0, errorBoundMode=1, relErrorBound=1)...
  Appended results to data/muon-sz3-sweep/results.jsonl
  Compressing branch 'lep_pt' with compressor 'sz3' (cmprAlgo=0, errorBoundMode=1, relErrorBound=0.1)...
  Appended results to data/muon-sz3-sweep/results.jsonl
  Compressing branch 'lep_pt' with compressor 'sz3' (cmprAlgo=0, errorBoundMode=1, relErrorBound=0.1)...
  Appended results to data/muon-sz3-sweep/results.jsonl
  Compressing branch 'lep_pt' with compressor 'sz3' (cmprAlgo=0, errorBoundMode=1, relErrorBound=0.1)...
  Appended results to data/muon-sz3-sweep/results.jsonl
  Compressing branch 'lep_pt' with compressor 'sz3' (cmprAlgo=0, errorBoundMode=1, relErrorBound=0.1)...
  Appended results to data/muon-sz3-sweep/results.jsonl
  Compressing branch 'lep_pt' with compressor 'sz3' (cmprAlgo=0, errorBoundMode=1, relErrorBound=0.1)...
  Appended results to data/muon-sz3-sweep/results.jsonl
  Compressing branch 'lep_pt' with compressor 'sz3' (cmprAlgo=0, errorBoundMode=1, relErrorBound=0.1)...
  Appended results to data/muon-sz3-sweep/results.jsonl
  Compressing branch 'lep_pt' with compressor 'sz3' (cmprAlgo=0, errorBoundMode=1, relErrorBound=0.1)...
  Appended results to data/muon-sz3-sweep/results.jsonl
  Compressing branch 'lep_pt' with compressor 'sz3' (cmprAlgo=0, errorBoundMode=1, relErrorBound=0.1)...
  Appended results to data/muon-sz3-sweep/results.jsonl
  Compressing branch 'lep_pt' with compressor 'sz3' (cmprAlgo=0, errorBoundMode=1, relErrorBound=0.1)...
  Appended results to data/muon-sz3-sweep/results.jsonl
  Compressing branch 'lep_pt' with compressor 'sz3' (cmprAlgo=0, errorBoundMode=1, relErrorBound=0.1)...
  Appended results to data/muon-sz3-sweep/results.jsonl
  Compressing branch 'lep_pt' with compressor 'sz3' (cmprAlgo=0, errorBoundMode=1, relErrorBound=0.1)...
  Appended results to data/muon-sz3-sweep/results.jsonl
  Compressing branch 'lep_pt' with compressor 'sz3' (cmprAlgo=0, errorBoundMode=1, relErrorBound=0.01)...
  Appended results to data/muon-sz3-sweep/results.jsonl
  Compressing branch 'lep_pt' with compressor 'sz3' (cmprAlgo=0, errorBoundMode=1, relErrorBound=0.01)...
  Appended results to data/muon-sz3-sweep/results.jsonl
  Compressing branch 'lep_pt' with compressor 'sz3' (cmprAlgo=0, errorBoundMode=1, relErrorBound=0.01)...
  Appended results to data/muon-sz3-sweep/results.jsonl
  Compressing branch 'lep_pt' with compressor 'sz3' (cmprAlgo=0, errorBoundMode=1, relErrorBound=0.01)...
  Appended results to data/muon-sz3-sweep/results.jsonl
  Compressing branch 'lep_pt' with compressor 'sz3' (cmprAlgo=0, errorBoundMode=1, relErrorBound=0.01)...
  Appended results to data/muon-sz3-sweep/results.jsonl
  Compressing branch 'lep_pt' with compressor 'sz3' (cmprAlgo=0, errorBoundMode=1, relErrorBound=0.01)...
  Appended results to data/muon-sz3-sweep/results.jsonl
  Compressing branch 'lep_pt' with compressor 'sz3' (cmprAlgo=0, errorBoundMode=1, relErrorBound=0.01)...
  Appended results to data/muon-sz3-sweep/results.jsonl
  Compressing branch 'lep_pt' with compressor 'sz3' (cmprAlgo=0, errorBoundMode=1, relErrorBound=0.01)...
  Appended results to data/muon-sz3-sweep/results.jsonl
  Compressing branch 'lep_pt' with compressor 'sz3' (cmprAlgo=0, errorBoundMode=1, relErrorBound=0.01)...
  Appended results to data/muon-sz3-sweep/results.jsonl
  Compressing branch 'lep_pt' with compressor 'sz3' (cmprAlgo=0, errorBoundMode=1, relErrorBound=0.01)...
  Appended results to data/muon-sz3-sweep/results.jsonl
  Compressing branch 'lep_pt' with compressor 'sz3' (cmprAlgo=0, errorBoundMode=1, relErrorBound=0.01)...
  Appended results to data/muon-sz3-sweep/results.jsonl
  Compressing branch 'lep_pt' with compressor 'sz3' (cmprAlgo=0, errorBoundMode=1, relErrorBound=0.001)...
  Appended results to data/muon-sz3-sweep/results.jsonl
  Compressing branch 'lep_pt' with compressor 'sz3' (cmprAlgo=0, errorBoundMode=1, relErrorBound=0.001)...
  Appended results to data/muon-sz3-sweep/results.jsonl
  Compressing branch 'lep_pt' with compressor 'sz3' (cmprAlgo=0, errorBoundMode=1, relErrorBound=0.001)...
  Appended results to data/muon-sz3-sweep/results.jsonl
  Compressing branch 'lep_pt' with compressor 'sz3' (cmprAlgo=0, errorBoundMode=1, relErrorBound=0.001)...
  Appended results to data/muon-sz3-sweep/results.jsonl
  Compressing branch 'lep_pt' with compressor 'sz3' (cmprAlgo=0, errorBoundMode=1, relErrorBound=0.001)...
  Appended results to data/muon-sz3-sweep/results.jsonl
  Compressing branch 'lep_pt' with compressor 'sz3' (cmprAlgo=0, errorBoundMode=1, relErrorBound=0.001)...
  Appended results to data/muon-sz3-sweep/results.jsonl
  Compressing branch 'lep_pt' with compressor 'sz3' (cmprAlgo=0, errorBoundMode=1, relErrorBound=0.001)...
  Appended results to data/muon-sz3-sweep/results.jsonl
  Compressing branch 'lep_pt' with compressor 'sz3' (cmprAlgo=0, errorBoundMode=1, relErrorBound=0.001)...
  Appended results to data/muon-sz3-sweep/results.jsonl
  Compressing branch 'lep_pt' with compressor 'sz3' (cmprAlgo=0, errorBoundMode=1, relErrorBound=0.001)...
  Appended results to data/muon-sz3-sweep/results.jsonl
  Compressing branch 'lep_pt' with compressor 'sz3' (cmprAlgo=0, errorBoundMode=1, relErrorBound=0.001)...
  Appended results to data/muon-sz3-sweep/results.jsonl
  Compressing branch 'lep_pt' with compressor 'sz3' (cmprAlgo=0, errorBoundMode=1, relErrorBound=0.001)...
  Appended results to data/muon-sz3-sweep/results.jsonl
  Compressing branch 'lep_pt' with compressor 'sz3' (cmprAlgo=0, errorBoundMode=1, relErrorBound=0.0001)...
  Appended results to data/muon-sz3-sweep/results.jsonl
  Compressing branch 'lep_pt' with compressor 'sz3' (cmprAlgo=0, errorBoundMode=1, relErrorBound=0.0001)...
  Appended results to data/muon-sz3-sweep/results.jsonl
  Compressing branch 'lep_pt' with compressor 'sz3' (cmprAlgo=0, errorBoundMode=1, relErrorBound=0.0001)...
  Appended results to data/muon-sz3-sweep/results.jsonl
  Compressing branch 'lep_pt' with compressor 'sz3' (cmprAlgo=0, errorBoundMode=1, relErrorBound=0.0001)...
  Appended results to data/muon-sz3-sweep/results.jsonl
  Compressing branch 'lep_pt' with compressor 'sz3' (cmprAlgo=0, errorBoundMode=1, relErrorBound=0.0001)...
  Appended results to data/muon-sz3-sweep/results.jsonl
  Compressing branch 'lep_pt' with compressor 'sz3' (cmprAlgo=0, errorBoundMode=1, relErrorBound=0.0001)...
  Appended results to data/muon-sz3-sweep/results.jsonl
  Compressing branch 'lep_pt' with compressor 'sz3' (cmprAlgo=0, errorBoundMode=1, relErrorBound=0.0001)...
  Appended results to data/muon-sz3-sweep/results.jsonl
  Compressing branch 'lep_pt' with compressor 'sz3' (cmprAlgo=0, errorBoundMode=1, relErrorBound=0.0001)...
  Appended results to data/muon-sz3-sweep/results.jsonl
  Compressing branch 'lep_pt' with compressor 'sz3' (cmprAlgo=0, errorBoundMode=1, relErrorBound=0.0001)...
  Appended results to data/muon-sz3-sweep/results.jsonl
  Compressing branch 'lep_pt' with compressor 'sz3' (cmprAlgo=0, errorBoundMode=1, relErrorBound=0.0001)...
  Appended results to data/muon-sz3-sweep/results.jsonl
  Compressing branch 'lep_pt' with compressor 'sz3' (cmprAlgo=0, errorBoundMode=1, relErrorBound=0.0001)...
  Appended results to data/muon-sz3-sweep/results.jsonl
  Compressing branch 'lep_pt' with compressor 'sz3' (cmprAlgo=0, errorBoundMode=1, relErrorBound=1e-05)...
  Appended results to data/muon-sz3-sweep/results.jsonl
  Compressing branch 'lep_pt' with compressor 'sz3' (cmprAlgo=0, errorBoundMode=1, relErrorBound=1e-05)...
  Appended results to data/muon-sz3-sweep/results.jsonl
  Compressing branch 'lep_pt' with compressor 'sz3' (cmprAlgo=0, errorBoundMode=1, relErrorBound=1e-05)...
  Appended results to data/muon-sz3-sweep/results.jsonl
  Compressing branch 'lep_pt' with compressor 'sz3' (cmprAlgo=0, errorBoundMode=1, relErrorBound=1e-05)...
  Appended results to data/muon-sz3-sweep/results.jsonl
  Compressing branch 'lep_pt' with compressor 'sz3' (cmprAlgo=0, errorBoundMode=1, relErrorBound=1e-05)...
  Appended results to data/muon-sz3-sweep/results.jsonl
  Compressing branch 'lep_pt' with compressor 'sz3' (cmprAlgo=0, errorBoundMode=1, relErrorBound=1e-05)...
  Appended results to data/muon-sz3-sweep/results.jsonl
  Compressing branch 'lep_pt' with compressor 'sz3' (cmprAlgo=0, errorBoundMode=1, relErrorBound=1e-05)...
  Appended results to data/muon-sz3-sweep/results.jsonl
  Compressing branch 'lep_pt' with compressor 'sz3' (cmprAlgo=0, errorBoundMode=1, relErrorBound=1e-05)...
  Appended results to data/muon-sz3-sweep/results.jsonl
  Compressing branch 'lep_pt' with compressor 'sz3' (cmprAlgo=0, errorBoundMode=1, relErrorBound=1e-05)...
  Appended results to data/muon-sz3-sweep/results.jsonl
  Compressing branch 'lep_pt' with compressor 'sz3' (cmprAlgo=0, errorBoundMode=1, relErrorBound=1e-05)...
  Appended results to data/muon-sz3-sweep/results.jsonl
  Compressing branch 'lep_pt' with compressor 'sz3' (cmprAlgo=0, errorBoundMode=1, relErrorBound=1e-05)...
  Appended results to data/muon-sz3-sweep/results.jsonl
  Compressing branch 'lep_pt' with compressor 'sz3' (cmprAlgo=0, errorBoundMode=1, relErrorBound=1e-06)...
  Appended results to data/muon-sz3-sweep/results.jsonl
  Compressing branch 'lep_pt' with compressor 'sz3' (cmprAlgo=0, errorBoundMode=1, relErrorBound=1e-06)...
  Appended results to data/muon-sz3-sweep/results.jsonl
  Compressing branch 'lep_pt' with compressor 'sz3' (cmprAlgo=0, errorBoundMode=1, relErrorBound=1e-06)...
  Appended results to data/muon-sz3-sweep/results.jsonl
  Compressing branch 'lep_pt' with compressor 'sz3' (cmprAlgo=0, errorBoundMode=1, relErrorBound=1e-06)...
  Appended results to data/muon-sz3-sweep/results.jsonl
  Compressing branch 'lep_pt' with compressor 'sz3' (cmprAlgo=0, errorBoundMode=1, relErrorBound=1e-06)...
  Appended results to data/muon-sz3-sweep/results.jsonl
  Compressing branch 'lep_pt' with compressor 'sz3' (cmprAlgo=0, errorBoundMode=1, relErrorBound=1e-06)...
  Appended results to data/muon-sz3-sweep/results.jsonl
  Compressing branch 'lep_pt' with compressor 'sz3' (cmprAlgo=0, errorBoundMode=1, relErrorBound=1e-06)...
  Appended results to data/muon-sz3-sweep/results.jsonl
  Compressing branch 'lep_pt' with compressor 'sz3' (cmprAlgo=0, errorBoundMode=1, relErrorBound=1e-06)...
  Appended results to data/muon-sz3-sweep/results.jsonl
  Compressing branch 'lep_pt' with compressor 'sz3' (cmprAlgo=0, errorBoundMode=1, relErrorBound=1e-06)...
  Appended results to data/muon-sz3-sweep/results.jsonl
  Compressing branch 'lep_pt' with compressor 'sz3' (cmprAlgo=0, errorBoundMode=1, relErrorBound=1e-06)...
  Appended results to data/muon-sz3-sweep/results.jsonl
  Compressing branch 'lep_pt' with compressor 'sz3' (cmprAlgo=0, errorBoundMode=1, relErrorBound=1e-06)...
  Appended results to data/muon-sz3-sweep/results.jsonl
  Compressing branch 'lep_pt' with compressor 'sz3' (cmprAlgo=1, errorBoundMode=1, relErrorBound=100)...
  Appended results to data/muon-sz3-sweep/results.jsonl
  Compressing branch 'lep_pt' with compressor 'sz3' (cmprAlgo=1, errorBoundMode=1, relErrorBound=100)...
  Appended results to data/muon-sz3-sweep/results.jsonl
  Compressing branch 'lep_pt' with compressor 'sz3' (cmprAlgo=1, errorBoundMode=1, relErrorBound=100)...
  Appended results to data/muon-sz3-sweep/results.jsonl
  Compressing branch 'lep_pt' with compressor 'sz3' (cmprAlgo=1, errorBoundMode=1, relErrorBound=100)...
  Appended results to data/muon-sz3-sweep/results.jsonl
  Compressing branch 'lep_pt' with compressor 'sz3' (cmprAlgo=1, errorBoundMode=1, relErrorBound=100)...
  Appended results to data/muon-sz3-sweep/results.jsonl
  Compressing branch 'lep_pt' with compressor 'sz3' (cmprAlgo=1, errorBoundMode=1, relErrorBound=100)...
  Appended results to data/muon-sz3-sweep/results.jsonl
  Compressing branch 'lep_pt' with compressor 'sz3' (cmprAlgo=1, errorBoundMode=1, relErrorBound=100)...
  Appended results to data/muon-sz3-sweep/results.jsonl
  Compressing branch 'lep_pt' with compressor 'sz3' (cmprAlgo=1, errorBoundMode=1, relErrorBound=100)...
  Appended results to data/muon-sz3-sweep/results.jsonl
  Compressing branch 'lep_pt' with compressor 'sz3' (cmprAlgo=1, errorBoundMode=1, relErrorBound=100)...
  Appended results to data/muon-sz3-sweep/results.jsonl
  Compressing branch 'lep_pt' with compressor 'sz3' (cmprAlgo=1, errorBoundMode=1, relErrorBound=100)...
  Appended results to data/muon-sz3-sweep/results.jsonl
  Compressing branch 'lep_pt' with compressor 'sz3' (cmprAlgo=1, errorBoundMode=1, relErrorBound=100)...
  Appended results to data/muon-sz3-sweep/results.jsonl
  Compressing branch 'lep_pt' with compressor 'sz3' (cmprAlgo=1, errorBoundMode=1, relErrorBound=10)...
  Appended results to data/muon-sz3-sweep/results.jsonl
  Compressing branch 'lep_pt' with compressor 'sz3' (cmprAlgo=1, errorBoundMode=1, relErrorBound=10)...
  Appended results to data/muon-sz3-sweep/results.jsonl
  Compressing branch 'lep_pt' with compressor 'sz3' (cmprAlgo=1, errorBoundMode=1, relErrorBound=10)...
  Appended results to data/muon-sz3-sweep/results.jsonl
  Compressing branch 'lep_pt' with compressor 'sz3' (cmprAlgo=1, errorBoundMode=1, relErrorBound=10)...
  Appended results to data/muon-sz3-sweep/results.jsonl
  Compressing branch 'lep_pt' with compressor 'sz3' (cmprAlgo=1, errorBoundMode=1, relErrorBound=10)...
  Appended results to data/muon-sz3-sweep/results.jsonl
  Compressing branch 'lep_pt' with compressor 'sz3' (cmprAlgo=1, errorBoundMode=1, relErrorBound=10)...
  Appended results to data/muon-sz3-sweep/results.jsonl
  Compressing branch 'lep_pt' with compressor 'sz3' (cmprAlgo=1, errorBoundMode=1, relErrorBound=10)...
  Appended results to data/muon-sz3-sweep/results.jsonl
  Compressing branch 'lep_pt' with compressor 'sz3' (cmprAlgo=1, errorBoundMode=1, relErrorBound=10)...
  Appended results to data/muon-sz3-sweep/results.jsonl
  Compressing branch 'lep_pt' with compressor 'sz3' (cmprAlgo=1, errorBoundMode=1, relErrorBound=10)...
  Appended results to data/muon-sz3-sweep/results.jsonl
  Compressing branch 'lep_pt' with compressor 'sz3' (cmprAlgo=1, errorBoundMode=1, relErrorBound=10)...
  Appended results to data/muon-sz3-sweep/results.jsonl
  Compressing branch 'lep_pt' with compressor 'sz3' (cmprAlgo=1, errorBoundMode=1, relErrorBound=10)...
  Appended results to data/muon-sz3-sweep/results.jsonl
  Compressing branch 'lep_pt' with compressor 'sz3' (cmprAlgo=1, errorBoundMode=1, relErrorBound=1)...
  Appended results to data/muon-sz3-sweep/results.jsonl
  Compressing branch 'lep_pt' with compressor 'sz3' (cmprAlgo=1, errorBoundMode=1, relErrorBound=1)...
  Appended results to data/muon-sz3-sweep/results.jsonl
  Compressing branch 'lep_pt' with compressor 'sz3' (cmprAlgo=1, errorBoundMode=1, relErrorBound=1)...
  Appended results to data/muon-sz3-sweep/results.jsonl
  Compressing branch 'lep_pt' with compressor 'sz3' (cmprAlgo=1, errorBoundMode=1, relErrorBound=1)...
  Appended results to data/muon-sz3-sweep/results.jsonl
  Compressing branch 'lep_pt' with compressor 'sz3' (cmprAlgo=1, errorBoundMode=1, relErrorBound=1)...
  Appended results to data/muon-sz3-sweep/results.jsonl
  Compressing branch 'lep_pt' with compressor 'sz3' (cmprAlgo=1, errorBoundMode=1, relErrorBound=1)...
  Appended results to data/muon-sz3-sweep/results.jsonl
  Compressing branch 'lep_pt' with compressor 'sz3' (cmprAlgo=1, errorBoundMode=1, relErrorBound=1)...
  Appended results to data/muon-sz3-sweep/results.jsonl
  Compressing branch 'lep_pt' with compressor 'sz3' (cmprAlgo=1, errorBoundMode=1, relErrorBound=1)...
  Appended results to data/muon-sz3-sweep/results.jsonl
  Compressing branch 'lep_pt' with compressor 'sz3' (cmprAlgo=1, errorBoundMode=1, relErrorBound=1)...
  Appended results to data/muon-sz3-sweep/results.jsonl
  Compressing branch 'lep_pt' with compressor 'sz3' (cmprAlgo=1, errorBoundMode=1, relErrorBound=1)...
  Appended results to data/muon-sz3-sweep/results.jsonl
  Compressing branch 'lep_pt' with compressor 'sz3' (cmprAlgo=1, errorBoundMode=1, relErrorBound=1)...
  Appended results to data/muon-sz3-sweep/results.jsonl
  Compressing branch 'lep_pt' with compressor 'sz3' (cmprAlgo=1, errorBoundMode=1, relErrorBound=0.1)...
  Appended results to data/muon-sz3-sweep/results.jsonl
  Compressing branch 'lep_pt' with compressor 'sz3' (cmprAlgo=1, errorBoundMode=1, relErrorBound=0.1)...
  Appended results to data/muon-sz3-sweep/results.jsonl
  Compressing branch 'lep_pt' with compressor 'sz3' (cmprAlgo=1, errorBoundMode=1, relErrorBound=0.1)...
  Appended results to data/muon-sz3-sweep/results.jsonl
  Compressing branch 'lep_pt' with compressor 'sz3' (cmprAlgo=1, errorBoundMode=1, relErrorBound=0.1)...
  Appended results to data/muon-sz3-sweep/results.jsonl
  Compressing branch 'lep_pt' with compressor 'sz3' (cmprAlgo=1, errorBoundMode=1, relErrorBound=0.1)...
  Appended results to data/muon-sz3-sweep/results.jsonl
  Compressing branch 'lep_pt' with compressor 'sz3' (cmprAlgo=1, errorBoundMode=1, relErrorBound=0.1)...
  Appended results to data/muon-sz3-sweep/results.jsonl
  Compressing branch 'lep_pt' with compressor 'sz3' (cmprAlgo=1, errorBoundMode=1, relErrorBound=0.1)...
  Appended results to data/muon-sz3-sweep/results.jsonl
  Compressing branch 'lep_pt' with compressor 'sz3' (cmprAlgo=1, errorBoundMode=1, relErrorBound=0.1)...
  Appended results to data/muon-sz3-sweep/results.jsonl
  Compressing branch 'lep_pt' with compressor 'sz3' (cmprAlgo=1, errorBoundMode=1, relErrorBound=0.1)...
  Appended results to data/muon-sz3-sweep/results.jsonl
  Compressing branch 'lep_pt' with compressor 'sz3' (cmprAlgo=1, errorBoundMode=1, relErrorBound=0.1)...
  Appended results to data/muon-sz3-sweep/results.jsonl
  Compressing branch 'lep_pt' with compressor 'sz3' (cmprAlgo=1, errorBoundMode=1, relErrorBound=0.1)...
  Appended results to data/muon-sz3-sweep/results.jsonl
  Compressing branch 'lep_pt' with compressor 'sz3' (cmprAlgo=1, errorBoundMode=1, relErrorBound=0.01)...
  Appended results to data/muon-sz3-sweep/results.jsonl
  Compressing branch 'lep_pt' with compressor 'sz3' (cmprAlgo=1, errorBoundMode=1, relErrorBound=0.01)...
  Appended results to data/muon-sz3-sweep/results.jsonl
  Compressing branch 'lep_pt' with compressor 'sz3' (cmprAlgo=1, errorBoundMode=1, relErrorBound=0.01)...
  Appended results to data/muon-sz3-sweep/results.jsonl
  Compressing branch 'lep_pt' with compressor 'sz3' (cmprAlgo=1, errorBoundMode=1, relErrorBound=0.01)...
  Appended results to data/muon-sz3-sweep/results.jsonl
  Compressing branch 'lep_pt' with compressor 'sz3' (cmprAlgo=1, errorBoundMode=1, relErrorBound=0.01)...
  Appended results to data/muon-sz3-sweep/results.jsonl
  Compressing branch 'lep_pt' with compressor 'sz3' (cmprAlgo=1, errorBoundMode=1, relErrorBound=0.01)...
  Appended results to data/muon-sz3-sweep/results.jsonl
  Compressing branch 'lep_pt' with compressor 'sz3' (cmprAlgo=1, errorBoundMode=1, relErrorBound=0.01)...
  Appended results to data/muon-sz3-sweep/results.jsonl
  Compressing branch 'lep_pt' with compressor 'sz3' (cmprAlgo=1, errorBoundMode=1, relErrorBound=0.01)...
  Appended results to data/muon-sz3-sweep/results.jsonl
  Compressing branch 'lep_pt' with compressor 'sz3' (cmprAlgo=1, errorBoundMode=1, relErrorBound=0.01)...
  Appended results to data/muon-sz3-sweep/results.jsonl
  Compressing branch 'lep_pt' with compressor 'sz3' (cmprAlgo=1, errorBoundMode=1, relErrorBound=0.01)...
  Appended results to data/muon-sz3-sweep/results.jsonl
  Compressing branch 'lep_pt' with compressor 'sz3' (cmprAlgo=1, errorBoundMode=1, relErrorBound=0.01)...
  Appended results to data/muon-sz3-sweep/results.jsonl
  Compressing branch 'lep_pt' with compressor 'sz3' (cmprAlgo=1, errorBoundMode=1, relErrorBound=0.001)...
  Appended results to data/muon-sz3-sweep/results.jsonl
  Compressing branch 'lep_pt' with compressor 'sz3' (cmprAlgo=1, errorBoundMode=1, relErrorBound=0.001)...
  Appended results to data/muon-sz3-sweep/results.jsonl
  Compressing branch 'lep_pt' with compressor 'sz3' (cmprAlgo=1, errorBoundMode=1, relErrorBound=0.001)...
  Appended results to data/muon-sz3-sweep/results.jsonl
  Compressing branch 'lep_pt' with compressor 'sz3' (cmprAlgo=1, errorBoundMode=1, relErrorBound=0.001)...
  Appended results to data/muon-sz3-sweep/results.jsonl
  Compressing branch 'lep_pt' with compressor 'sz3' (cmprAlgo=1, errorBoundMode=1, relErrorBound=0.001)...
  Appended results to data/muon-sz3-sweep/results.jsonl
  Compressing branch 'lep_pt' with compressor 'sz3' (cmprAlgo=1, errorBoundMode=1, relErrorBound=0.001)...
  Appended results to data/muon-sz3-sweep/results.jsonl
  Compressing branch 'lep_pt' with compressor 'sz3' (cmprAlgo=1, errorBoundMode=1, relErrorBound=0.001)...
  Appended results to data/muon-sz3-sweep/results.jsonl
  Compressing branch 'lep_pt' with compressor 'sz3' (cmprAlgo=1, errorBoundMode=1, relErrorBound=0.001)...
  Appended results to data/muon-sz3-sweep/results.jsonl
  Compressing branch 'lep_pt' with compressor 'sz3' (cmprAlgo=1, errorBoundMode=1, relErrorBound=0.001)...
  Appended results to data/muon-sz3-sweep/results.jsonl
  Compressing branch 'lep_pt' with compressor 'sz3' (cmprAlgo=1, errorBoundMode=1, relErrorBound=0.001)...
  Appended results to data/muon-sz3-sweep/results.jsonl
  Compressing branch 'lep_pt' with compressor 'sz3' (cmprAlgo=1, errorBoundMode=1, relErrorBound=0.001)...
  Appended results to data/muon-sz3-sweep/results.jsonl
  Compressing branch 'lep_pt' with compressor 'sz3' (cmprAlgo=1, errorBoundMode=1, relErrorBound=0.0001)...
  Appended results to data/muon-sz3-sweep/results.jsonl
  Compressing branch 'lep_pt' with compressor 'sz3' (cmprAlgo=1, errorBoundMode=1, relErrorBound=0.0001)...
  Appended results to data/muon-sz3-sweep/results.jsonl
  Compressing branch 'lep_pt' with compressor 'sz3' (cmprAlgo=1, errorBoundMode=1, relErrorBound=0.0001)...
  Appended results to data/muon-sz3-sweep/results.jsonl
  Compressing branch 'lep_pt' with compressor 'sz3' (cmprAlgo=1, errorBoundMode=1, relErrorBound=0.0001)...
  Appended results to data/muon-sz3-sweep/results.jsonl
  Compressing branch 'lep_pt' with compressor 'sz3' (cmprAlgo=1, errorBoundMode=1, relErrorBound=0.0001)...
  Appended results to data/muon-sz3-sweep/results.jsonl
  Compressing branch 'lep_pt' with compressor 'sz3' (cmprAlgo=1, errorBoundMode=1, relErrorBound=0.0001)...
  Appended results to data/muon-sz3-sweep/results.jsonl
  Compressing branch 'lep_pt' with compressor 'sz3' (cmprAlgo=1, errorBoundMode=1, relErrorBound=0.0001)...
  Appended results to data/muon-sz3-sweep/results.jsonl
  Compressing branch 'lep_pt' with compressor 'sz3' (cmprAlgo=1, errorBoundMode=1, relErrorBound=0.0001)...
  Appended results to data/muon-sz3-sweep/results.jsonl
  Compressing branch 'lep_pt' with compressor 'sz3' (cmprAlgo=1, errorBoundMode=1, relErrorBound=0.0001)...
  Appended results to data/muon-sz3-sweep/results.jsonl
  Compressing branch 'lep_pt' with compressor 'sz3' (cmprAlgo=1, errorBoundMode=1, relErrorBound=0.0001)...
  Appended results to data/muon-sz3-sweep/results.jsonl
  Compressing branch 'lep_pt' with compressor 'sz3' (cmprAlgo=1, errorBoundMode=1, relErrorBound=0.0001)...
  Appended results to data/muon-sz3-sweep/results.jsonl
  Compressing branch 'lep_pt' with compressor 'sz3' (cmprAlgo=1, errorBoundMode=1, relErrorBound=1e-05)...
  Appended results to data/muon-sz3-sweep/results.jsonl
  Compressing branch 'lep_pt' with compressor 'sz3' (cmprAlgo=1, errorBoundMode=1, relErrorBound=1e-05)...
  Appended results to data/muon-sz3-sweep/results.jsonl
  Compressing branch 'lep_pt' with compressor 'sz3' (cmprAlgo=1, errorBoundMode=1, relErrorBound=1e-05)...
  Appended results to data/muon-sz3-sweep/results.jsonl
  Compressing branch 'lep_pt' with compressor 'sz3' (cmprAlgo=1, errorBoundMode=1, relErrorBound=1e-05)...
  Appended results to data/muon-sz3-sweep/results.jsonl
  Compressing branch 'lep_pt' with compressor 'sz3' (cmprAlgo=1, errorBoundMode=1, relErrorBound=1e-05)...
  Appended results to data/muon-sz3-sweep/results.jsonl
  Compressing branch 'lep_pt' with compressor 'sz3' (cmprAlgo=1, errorBoundMode=1, relErrorBound=1e-05)...
  Appended results to data/muon-sz3-sweep/results.jsonl
  Compressing branch 'lep_pt' with compressor 'sz3' (cmprAlgo=1, errorBoundMode=1, relErrorBound=1e-05)...
  Appended results to data/muon-sz3-sweep/results.jsonl
  Compressing branch 'lep_pt' with compressor 'sz3' (cmprAlgo=1, errorBoundMode=1, relErrorBound=1e-05)...
  Appended results to data/muon-sz3-sweep/results.jsonl
  Compressing branch 'lep_pt' with compressor 'sz3' (cmprAlgo=1, errorBoundMode=1, relErrorBound=1e-05)...
  Appended results to data/muon-sz3-sweep/results.jsonl
  Compressing branch 'lep_pt' with compressor 'sz3' (cmprAlgo=1, errorBoundMode=1, relErrorBound=1e-05)...
  Appended results to data/muon-sz3-sweep/results.jsonl
  Compressing branch 'lep_pt' with compressor 'sz3' (cmprAlgo=1, errorBoundMode=1, relErrorBound=1e-05)...
  Appended results to data/muon-sz3-sweep/results.jsonl
  Compressing branch 'lep_pt' with compressor 'sz3' (cmprAlgo=1, errorBoundMode=1, relErrorBound=1e-06)...
  Appended results to data/muon-sz3-sweep/results.jsonl
  Compressing branch 'lep_pt' with compressor 'sz3' (cmprAlgo=1, errorBoundMode=1, relErrorBound=1e-06)...
  Appended results to data/muon-sz3-sweep/results.jsonl
  Compressing branch 'lep_pt' with compressor 'sz3' (cmprAlgo=1, errorBoundMode=1, relErrorBound=1e-06)...
  Appended results to data/muon-sz3-sweep/results.jsonl
  Compressing branch 'lep_pt' with compressor 'sz3' (cmprAlgo=1, errorBoundMode=1, relErrorBound=1e-06)...
  Appended results to data/muon-sz3-sweep/results.jsonl
  Compressing branch 'lep_pt' with compressor 'sz3' (cmprAlgo=1, errorBoundMode=1, relErrorBound=1e-06)...
  Appended results to data/muon-sz3-sweep/results.jsonl
  Compressing branch 'lep_pt' with compressor 'sz3' (cmprAlgo=1, errorBoundMode=1, relErrorBound=1e-06)...
  Appended results to data/muon-sz3-sweep/results.jsonl
  Compressing branch 'lep_pt' with compressor 'sz3' (cmprAlgo=1, errorBoundMode=1, relErrorBound=1e-06)...
  Appended results to data/muon-sz3-sweep/results.jsonl
  Compressing branch 'lep_pt' with compressor 'sz3' (cmprAlgo=1, errorBoundMode=1, relErrorBound=1e-06)...
  Appended results to data/muon-sz3-sweep/results.jsonl
  Compressing branch 'lep_pt' with compressor 'sz3' (cmprAlgo=1, errorBoundMode=1, relErrorBound=1e-06)...
  Appended results to data/muon-sz3-sweep/results.jsonl
  Compressing branch 'lep_pt' with compressor 'sz3' (cmprAlgo=1, errorBoundMode=1, relErrorBound=1e-06)...
  Appended results to data/muon-sz3-sweep/results.jsonl
  Compressing branch 'lep_pt' with compressor 'sz3' (cmprAlgo=1, errorBoundMode=1, relErrorBound=1e-06)...
  Appended results to data/muon-sz3-sweep/results.jsonl
  Compressing branch 'lep_pt' with compressor 'sz3' (cmprAlgo=2, errorBoundMode=1, relErrorBound=100)...
  Appended results to data/muon-sz3-sweep/results.jsonl
  Compressing branch 'lep_pt' with compressor 'sz3' (cmprAlgo=2, errorBoundMode=1, relErrorBound=100)...
  Appended results to data/muon-sz3-sweep/results.jsonl
  Compressing branch 'lep_pt' with compressor 'sz3' (cmprAlgo=2, errorBoundMode=1, relErrorBound=100)...
  Appended results to data/muon-sz3-sweep/results.jsonl
  Compressing branch 'lep_pt' with compressor 'sz3' (cmprAlgo=2, errorBoundMode=1, relErrorBound=100)...
  Appended results to data/muon-sz3-sweep/results.jsonl
  Compressing branch 'lep_pt' with compressor 'sz3' (cmprAlgo=2, errorBoundMode=1, relErrorBound=100)...
  Appended results to data/muon-sz3-sweep/results.jsonl
  Compressing branch 'lep_pt' with compressor 'sz3' (cmprAlgo=2, errorBoundMode=1, relErrorBound=100)...
  Appended results to data/muon-sz3-sweep/results.jsonl
  Compressing branch 'lep_pt' with compressor 'sz3' (cmprAlgo=2, errorBoundMode=1, relErrorBound=100)...
  Appended results to data/muon-sz3-sweep/results.jsonl
  Compressing branch 'lep_pt' with compressor 'sz3' (cmprAlgo=2, errorBoundMode=1, relErrorBound=100)...
  Appended results to data/muon-sz3-sweep/results.jsonl
  Compressing branch 'lep_pt' with compressor 'sz3' (cmprAlgo=2, errorBoundMode=1, relErrorBound=100)...
  Appended results to data/muon-sz3-sweep/results.jsonl
  Compressing branch 'lep_pt' with compressor 'sz3' (cmprAlgo=2, errorBoundMode=1, relErrorBound=100)...
  Appended results to data/muon-sz3-sweep/results.jsonl
  Compressing branch 'lep_pt' with compressor 'sz3' (cmprAlgo=2, errorBoundMode=1, relErrorBound=100)...
  Appended results to data/muon-sz3-sweep/results.jsonl
  Compressing branch 'lep_pt' with compressor 'sz3' (cmprAlgo=2, errorBoundMode=1, relErrorBound=10)...
  Appended results to data/muon-sz3-sweep/results.jsonl
  Compressing branch 'lep_pt' with compressor 'sz3' (cmprAlgo=2, errorBoundMode=1, relErrorBound=10)...
  Appended results to data/muon-sz3-sweep/results.jsonl
  Compressing branch 'lep_pt' with compressor 'sz3' (cmprAlgo=2, errorBoundMode=1, relErrorBound=10)...
  Appended results to data/muon-sz3-sweep/results.jsonl
  Compressing branch 'lep_pt' with compressor 'sz3' (cmprAlgo=2, errorBoundMode=1, relErrorBound=10)...
  Appended results to data/muon-sz3-sweep/results.jsonl
  Compressing branch 'lep_pt' with compressor 'sz3' (cmprAlgo=2, errorBoundMode=1, relErrorBound=10)...
  Appended results to data/muon-sz3-sweep/results.jsonl
  Compressing branch 'lep_pt' with compressor 'sz3' (cmprAlgo=2, errorBoundMode=1, relErrorBound=10)...
  Appended results to data/muon-sz3-sweep/results.jsonl
  Compressing branch 'lep_pt' with compressor 'sz3' (cmprAlgo=2, errorBoundMode=1, relErrorBound=10)...
  Appended results to data/muon-sz3-sweep/results.jsonl
  Compressing branch 'lep_pt' with compressor 'sz3' (cmprAlgo=2, errorBoundMode=1, relErrorBound=10)...
  Appended results to data/muon-sz3-sweep/results.jsonl
  Compressing branch 'lep_pt' with compressor 'sz3' (cmprAlgo=2, errorBoundMode=1, relErrorBound=10)...
  Appended results to data/muon-sz3-sweep/results.jsonl
  Compressing branch 'lep_pt' with compressor 'sz3' (cmprAlgo=2, errorBoundMode=1, relErrorBound=10)...
  Appended results to data/muon-sz3-sweep/results.jsonl
  Compressing branch 'lep_pt' with compressor 'sz3' (cmprAlgo=2, errorBoundMode=1, relErrorBound=10)...
  Appended results to data/muon-sz3-sweep/results.jsonl
  Compressing branch 'lep_pt' with compressor 'sz3' (cmprAlgo=2, errorBoundMode=1, relErrorBound=1)...
  Appended results to data/muon-sz3-sweep/results.jsonl
  Compressing branch 'lep_pt' with compressor 'sz3' (cmprAlgo=2, errorBoundMode=1, relErrorBound=1)...
  Appended results to data/muon-sz3-sweep/results.jsonl
  Compressing branch 'lep_pt' with compressor 'sz3' (cmprAlgo=2, errorBoundMode=1, relErrorBound=1)...
  Appended results to data/muon-sz3-sweep/results.jsonl
  Compressing branch 'lep_pt' with compressor 'sz3' (cmprAlgo=2, errorBoundMode=1, relErrorBound=1)...
  Appended results to data/muon-sz3-sweep/results.jsonl
  Compressing branch 'lep_pt' with compressor 'sz3' (cmprAlgo=2, errorBoundMode=1, relErrorBound=1)...
  Appended results to data/muon-sz3-sweep/results.jsonl
  Compressing branch 'lep_pt' with compressor 'sz3' (cmprAlgo=2, errorBoundMode=1, relErrorBound=1)...
  Appended results to data/muon-sz3-sweep/results.jsonl
  Compressing branch 'lep_pt' with compressor 'sz3' (cmprAlgo=2, errorBoundMode=1, relErrorBound=1)...
  Appended results to data/muon-sz3-sweep/results.jsonl
  Compressing branch 'lep_pt' with compressor 'sz3' (cmprAlgo=2, errorBoundMode=1, relErrorBound=1)...
  Appended results to data/muon-sz3-sweep/results.jsonl
  Compressing branch 'lep_pt' with compressor 'sz3' (cmprAlgo=2, errorBoundMode=1, relErrorBound=1)...
  Appended results to data/muon-sz3-sweep/results.jsonl
  Compressing branch 'lep_pt' with compressor 'sz3' (cmprAlgo=2, errorBoundMode=1, relErrorBound=1)...
  Appended results to data/muon-sz3-sweep/results.jsonl
  Compressing branch 'lep_pt' with compressor 'sz3' (cmprAlgo=2, errorBoundMode=1, relErrorBound=1)...
  Appended results to data/muon-sz3-sweep/results.jsonl
  Compressing branch 'lep_pt' with compressor 'sz3' (cmprAlgo=2, errorBoundMode=1, relErrorBound=0.1)...
  Appended results to data/muon-sz3-sweep/results.jsonl
  Compressing branch 'lep_pt' with compressor 'sz3' (cmprAlgo=2, errorBoundMode=1, relErrorBound=0.1)...
  Appended results to data/muon-sz3-sweep/results.jsonl
  Compressing branch 'lep_pt' with compressor 'sz3' (cmprAlgo=2, errorBoundMode=1, relErrorBound=0.1)...
  Appended results to data/muon-sz3-sweep/results.jsonl
  Compressing branch 'lep_pt' with compressor 'sz3' (cmprAlgo=2, errorBoundMode=1, relErrorBound=0.1)...
  Appended results to data/muon-sz3-sweep/results.jsonl
  Compressing branch 'lep_pt' with compressor 'sz3' (cmprAlgo=2, errorBoundMode=1, relErrorBound=0.1)...
  Appended results to data/muon-sz3-sweep/results.jsonl
  Compressing branch 'lep_pt' with compressor 'sz3' (cmprAlgo=2, errorBoundMode=1, relErrorBound=0.1)...
  Appended results to data/muon-sz3-sweep/results.jsonl
  Compressing branch 'lep_pt' with compressor 'sz3' (cmprAlgo=2, errorBoundMode=1, relErrorBound=0.1)...
  Appended results to data/muon-sz3-sweep/results.jsonl
  Compressing branch 'lep_pt' with compressor 'sz3' (cmprAlgo=2, errorBoundMode=1, relErrorBound=0.1)...
  Appended results to data/muon-sz3-sweep/results.jsonl
  Compressing branch 'lep_pt' with compressor 'sz3' (cmprAlgo=2, errorBoundMode=1, relErrorBound=0.1)...
  Appended results to data/muon-sz3-sweep/results.jsonl
  Compressing branch 'lep_pt' with compressor 'sz3' (cmprAlgo=2, errorBoundMode=1, relErrorBound=0.1)...
  Appended results to data/muon-sz3-sweep/results.jsonl
  Compressing branch 'lep_pt' with compressor 'sz3' (cmprAlgo=2, errorBoundMode=1, relErrorBound=0.1)...
  Appended results to data/muon-sz3-sweep/results.jsonl
  Compressing branch 'lep_pt' with compressor 'sz3' (cmprAlgo=2, errorBoundMode=1, relErrorBound=0.01)...
  Appended results to data/muon-sz3-sweep/results.jsonl
  Compressing branch 'lep_pt' with compressor 'sz3' (cmprAlgo=2, errorBoundMode=1, relErrorBound=0.01)...
  Appended results to data/muon-sz3-sweep/results.jsonl
  Compressing branch 'lep_pt' with compressor 'sz3' (cmprAlgo=2, errorBoundMode=1, relErrorBound=0.01)...
  Appended results to data/muon-sz3-sweep/results.jsonl
  Compressing branch 'lep_pt' with compressor 'sz3' (cmprAlgo=2, errorBoundMode=1, relErrorBound=0.01)...
  Appended results to data/muon-sz3-sweep/results.jsonl
  Compressing branch 'lep_pt' with compressor 'sz3' (cmprAlgo=2, errorBoundMode=1, relErrorBound=0.01)...
  Appended results to data/muon-sz3-sweep/results.jsonl
  Compressing branch 'lep_pt' with compressor 'sz3' (cmprAlgo=2, errorBoundMode=1, relErrorBound=0.01)...
  Appended results to data/muon-sz3-sweep/results.jsonl
  Compressing branch 'lep_pt' with compressor 'sz3' (cmprAlgo=2, errorBoundMode=1, relErrorBound=0.01)...
  Appended results to data/muon-sz3-sweep/results.jsonl
  Compressing branch 'lep_pt' with compressor 'sz3' (cmprAlgo=2, errorBoundMode=1, relErrorBound=0.01)...
  Appended results to data/muon-sz3-sweep/results.jsonl
  Compressing branch 'lep_pt' with compressor 'sz3' (cmprAlgo=2, errorBoundMode=1, relErrorBound=0.01)...
  Appended results to data/muon-sz3-sweep/results.jsonl
  Compressing branch 'lep_pt' with compressor 'sz3' (cmprAlgo=2, errorBoundMode=1, relErrorBound=0.01)...
  Appended results to data/muon-sz3-sweep/results.jsonl
  Compressing branch 'lep_pt' with compressor 'sz3' (cmprAlgo=2, errorBoundMode=1, relErrorBound=0.01)...
  Appended results to data/muon-sz3-sweep/results.jsonl
  Compressing branch 'lep_pt' with compressor 'sz3' (cmprAlgo=2, errorBoundMode=1, relErrorBound=0.001)...
  Appended results to data/muon-sz3-sweep/results.jsonl
  Compressing branch 'lep_pt' with compressor 'sz3' (cmprAlgo=2, errorBoundMode=1, relErrorBound=0.001)...
  Appended results to data/muon-sz3-sweep/results.jsonl
  Compressing branch 'lep_pt' with compressor 'sz3' (cmprAlgo=2, errorBoundMode=1, relErrorBound=0.001)...
  Appended results to data/muon-sz3-sweep/results.jsonl
  Compressing branch 'lep_pt' with compressor 'sz3' (cmprAlgo=2, errorBoundMode=1, relErrorBound=0.001)...
  Appended results to data/muon-sz3-sweep/results.jsonl
  Compressing branch 'lep_pt' with compressor 'sz3' (cmprAlgo=2, errorBoundMode=1, relErrorBound=0.001)...
  Appended results to data/muon-sz3-sweep/results.jsonl
  Compressing branch 'lep_pt' with compressor 'sz3' (cmprAlgo=2, errorBoundMode=1, relErrorBound=0.001)...
  Appended results to data/muon-sz3-sweep/results.jsonl
  Compressing branch 'lep_pt' with compressor 'sz3' (cmprAlgo=2, errorBoundMode=1, relErrorBound=0.001)...
  Appended results to data/muon-sz3-sweep/results.jsonl
  Compressing branch 'lep_pt' with compressor 'sz3' (cmprAlgo=2, errorBoundMode=1, relErrorBound=0.001)...
  Appended results to data/muon-sz3-sweep/results.jsonl
  Compressing branch 'lep_pt' with compressor 'sz3' (cmprAlgo=2, errorBoundMode=1, relErrorBound=0.001)...
  Appended results to data/muon-sz3-sweep/results.jsonl
  Compressing branch 'lep_pt' with compressor 'sz3' (cmprAlgo=2, errorBoundMode=1, relErrorBound=0.001)...
  Appended results to data/muon-sz3-sweep/results.jsonl
  Compressing branch 'lep_pt' with compressor 'sz3' (cmprAlgo=2, errorBoundMode=1, relErrorBound=0.001)...
  Appended results to data/muon-sz3-sweep/results.jsonl
  Compressing branch 'lep_pt' with compressor 'sz3' (cmprAlgo=2, errorBoundMode=1, relErrorBound=0.0001)...
  Appended results to data/muon-sz3-sweep/results.jsonl
  Compressing branch 'lep_pt' with compressor 'sz3' (cmprAlgo=2, errorBoundMode=1, relErrorBound=0.0001)...
  Appended results to data/muon-sz3-sweep/results.jsonl
  Compressing branch 'lep_pt' with compressor 'sz3' (cmprAlgo=2, errorBoundMode=1, relErrorBound=0.0001)...
  Appended results to data/muon-sz3-sweep/results.jsonl
  Compressing branch 'lep_pt' with compressor 'sz3' (cmprAlgo=2, errorBoundMode=1, relErrorBound=0.0001)...
  Appended results to data/muon-sz3-sweep/results.jsonl
  Compressing branch 'lep_pt' with compressor 'sz3' (cmprAlgo=2, errorBoundMode=1, relErrorBound=0.0001)...
  Appended results to data/muon-sz3-sweep/results.jsonl
  Compressing branch 'lep_pt' with compressor 'sz3' (cmprAlgo=2, errorBoundMode=1, relErrorBound=0.0001)...
  Appended results to data/muon-sz3-sweep/results.jsonl
  Compressing branch 'lep_pt' with compressor 'sz3' (cmprAlgo=2, errorBoundMode=1, relErrorBound=0.0001)...
  Appended results to data/muon-sz3-sweep/results.jsonl
  Compressing branch 'lep_pt' with compressor 'sz3' (cmprAlgo=2, errorBoundMode=1, relErrorBound=0.0001)...
  Appended results to data/muon-sz3-sweep/results.jsonl
  Compressing branch 'lep_pt' with compressor 'sz3' (cmprAlgo=2, errorBoundMode=1, relErrorBound=0.0001)...
  Appended results to data/muon-sz3-sweep/results.jsonl
  Compressing branch 'lep_pt' with compressor 'sz3' (cmprAlgo=2, errorBoundMode=1, relErrorBound=0.0001)...
  Appended results to data/muon-sz3-sweep/results.jsonl
  Compressing branch 'lep_pt' with compressor 'sz3' (cmprAlgo=2, errorBoundMode=1, relErrorBound=0.0001)...
  Appended results to data/muon-sz3-sweep/results.jsonl
  Compressing branch 'lep_pt' with compressor 'sz3' (cmprAlgo=2, errorBoundMode=1, relErrorBound=1e-05)...
  Appended results to data/muon-sz3-sweep/results.jsonl
  Compressing branch 'lep_pt' with compressor 'sz3' (cmprAlgo=2, errorBoundMode=1, relErrorBound=1e-05)...
  Appended results to data/muon-sz3-sweep/results.jsonl
  Compressing branch 'lep_pt' with compressor 'sz3' (cmprAlgo=2, errorBoundMode=1, relErrorBound=1e-05)...
  Appended results to data/muon-sz3-sweep/results.jsonl
  Compressing branch 'lep_pt' with compressor 'sz3' (cmprAlgo=2, errorBoundMode=1, relErrorBound=1e-05)...
  Appended results to data/muon-sz3-sweep/results.jsonl
  Compressing branch 'lep_pt' with compressor 'sz3' (cmprAlgo=2, errorBoundMode=1, relErrorBound=1e-05)...
  Appended results to data/muon-sz3-sweep/results.jsonl
  Compressing branch 'lep_pt' with compressor 'sz3' (cmprAlgo=2, errorBoundMode=1, relErrorBound=1e-05)...
  Appended results to data/muon-sz3-sweep/results.jsonl
  Compressing branch 'lep_pt' with compressor 'sz3' (cmprAlgo=2, errorBoundMode=1, relErrorBound=1e-05)...
  Appended results to data/muon-sz3-sweep/results.jsonl
  Compressing branch 'lep_pt' with compressor 'sz3' (cmprAlgo=2, errorBoundMode=1, relErrorBound=1e-05)...
  Appended results to data/muon-sz3-sweep/results.jsonl
  Compressing branch 'lep_pt' with compressor 'sz3' (cmprAlgo=2, errorBoundMode=1, relErrorBound=1e-05)...
  Appended results to data/muon-sz3-sweep/results.jsonl
  Compressing branch 'lep_pt' with compressor 'sz3' (cmprAlgo=2, errorBoundMode=1, relErrorBound=1e-05)...
  Appended results to data/muon-sz3-sweep/results.jsonl
  Compressing branch 'lep_pt' with compressor 'sz3' (cmprAlgo=2, errorBoundMode=1, relErrorBound=1e-05)...
  Appended results to data/muon-sz3-sweep/results.jsonl
  Compressing branch 'lep_pt' with compressor 'sz3' (cmprAlgo=2, errorBoundMode=1, relErrorBound=1e-06)...
  Appended results to data/muon-sz3-sweep/results.jsonl
  Compressing branch 'lep_pt' with compressor 'sz3' (cmprAlgo=2, errorBoundMode=1, relErrorBound=1e-06)...
  Appended results to data/muon-sz3-sweep/results.jsonl
  Compressing branch 'lep_pt' with compressor 'sz3' (cmprAlgo=2, errorBoundMode=1, relErrorBound=1e-06)...
  Appended results to data/muon-sz3-sweep/results.jsonl
  Compressing branch 'lep_pt' with compressor 'sz3' (cmprAlgo=2, errorBoundMode=1, relErrorBound=1e-06)...
  Appended results to data/muon-sz3-sweep/results.jsonl
  Compressing branch 'lep_pt' with compressor 'sz3' (cmprAlgo=2, errorBoundMode=1, relErrorBound=1e-06)...
  Appended results to data/muon-sz3-sweep/results.jsonl
  Compressing branch 'lep_pt' with compressor 'sz3' (cmprAlgo=2, errorBoundMode=1, relErrorBound=1e-06)...
  Appended results to data/muon-sz3-sweep/results.jsonl
  Compressing branch 'lep_pt' with compressor 'sz3' (cmprAlgo=2, errorBoundMode=1, relErrorBound=1e-06)...
  Appended results to data/muon-sz3-sweep/results.jsonl
  Compressing branch 'lep_pt' with compressor 'sz3' (cmprAlgo=2, errorBoundMode=1, relErrorBound=1e-06)...
  Appended results to data/muon-sz3-sweep/results.jsonl
  Compressing branch 'lep_pt' with compressor 'sz3' (cmprAlgo=2, errorBoundMode=1, relErrorBound=1e-06)...
  Appended results to data/muon-sz3-sweep/results.jsonl
  Compressing branch 'lep_pt' with compressor 'sz3' (cmprAlgo=2, errorBoundMode=1, relErrorBound=1e-06)...
  Appended results to data/muon-sz3-sweep/results.jsonl
  Compressing branch 'lep_pt' with compressor 'sz3' (cmprAlgo=2, errorBoundMode=1, relErrorBound=1e-06)...
  Appended results to data/muon-sz3-sweep/results.jsonl
  Compressing branch 'lep_pt' with compressor 'sz3' (cmprAlgo=3, errorBoundMode=1, relErrorBound=100)...
  Appended results to data/muon-sz3-sweep/results.jsonl
  Compressing branch 'lep_pt' with compressor 'sz3' (cmprAlgo=3, errorBoundMode=1, relErrorBound=100)...
  Appended results to data/muon-sz3-sweep/results.jsonl
  Compressing branch 'lep_pt' with compressor 'sz3' (cmprAlgo=3, errorBoundMode=1, relErrorBound=100)...
  Appended results to data/muon-sz3-sweep/results.jsonl
  Compressing branch 'lep_pt' with compressor 'sz3' (cmprAlgo=3, errorBoundMode=1, relErrorBound=100)...
  Appended results to data/muon-sz3-sweep/results.jsonl
  Compressing branch 'lep_pt' with compressor 'sz3' (cmprAlgo=3, errorBoundMode=1, relErrorBound=100)...
  Appended results to data/muon-sz3-sweep/results.jsonl
  Compressing branch 'lep_pt' with compressor 'sz3' (cmprAlgo=3, errorBoundMode=1, relErrorBound=100)...
  Appended results to data/muon-sz3-sweep/results.jsonl
  Compressing branch 'lep_pt' with compressor 'sz3' (cmprAlgo=3, errorBoundMode=1, relErrorBound=100)...
  Appended results to data/muon-sz3-sweep/results.jsonl
  Compressing branch 'lep_pt' with compressor 'sz3' (cmprAlgo=3, errorBoundMode=1, relErrorBound=100)...
  Appended results to data/muon-sz3-sweep/results.jsonl
  Compressing branch 'lep_pt' with compressor 'sz3' (cmprAlgo=3, errorBoundMode=1, relErrorBound=100)...
  Appended results to data/muon-sz3-sweep/results.jsonl
  Compressing branch 'lep_pt' with compressor 'sz3' (cmprAlgo=3, errorBoundMode=1, relErrorBound=100)...
  Appended results to data/muon-sz3-sweep/results.jsonl
  Compressing branch 'lep_pt' with compressor 'sz3' (cmprAlgo=3, errorBoundMode=1, relErrorBound=100)...
  Appended results to data/muon-sz3-sweep/results.jsonl
  Compressing branch 'lep_pt' with compressor 'sz3' (cmprAlgo=3, errorBoundMode=1, relErrorBound=10)...
  Appended results to data/muon-sz3-sweep/results.jsonl
  Compressing branch 'lep_pt' with compressor 'sz3' (cmprAlgo=3, errorBoundMode=1, relErrorBound=10)...
  Appended results to data/muon-sz3-sweep/results.jsonl
  Compressing branch 'lep_pt' with compressor 'sz3' (cmprAlgo=3, errorBoundMode=1, relErrorBound=10)...
  Appended results to data/muon-sz3-sweep/results.jsonl
  Compressing branch 'lep_pt' with compressor 'sz3' (cmprAlgo=3, errorBoundMode=1, relErrorBound=10)...
  Appended results to data/muon-sz3-sweep/results.jsonl
  Compressing branch 'lep_pt' with compressor 'sz3' (cmprAlgo=3, errorBoundMode=1, relErrorBound=10)...
  Appended results to data/muon-sz3-sweep/results.jsonl
  Compressing branch 'lep_pt' with compressor 'sz3' (cmprAlgo=3, errorBoundMode=1, relErrorBound=10)...
  Appended results to data/muon-sz3-sweep/results.jsonl
  Compressing branch 'lep_pt' with compressor 'sz3' (cmprAlgo=3, errorBoundMode=1, relErrorBound=10)...
  Appended results to data/muon-sz3-sweep/results.jsonl
  Compressing branch 'lep_pt' with compressor 'sz3' (cmprAlgo=3, errorBoundMode=1, relErrorBound=10)...
  Appended results to data/muon-sz3-sweep/results.jsonl
  Compressing branch 'lep_pt' with compressor 'sz3' (cmprAlgo=3, errorBoundMode=1, relErrorBound=10)...
  Appended results to data/muon-sz3-sweep/results.jsonl
  Compressing branch 'lep_pt' with compressor 'sz3' (cmprAlgo=3, errorBoundMode=1, relErrorBound=10)...
  Appended results to data/muon-sz3-sweep/results.jsonl
  Compressing branch 'lep_pt' with compressor 'sz3' (cmprAlgo=3, errorBoundMode=1, relErrorBound=10)...
  Appended results to data/muon-sz3-sweep/results.jsonl
  Compressing branch 'lep_pt' with compressor 'sz3' (cmprAlgo=3, errorBoundMode=1, relErrorBound=1)...
  Appended results to data/muon-sz3-sweep/results.jsonl
  Compressing branch 'lep_pt' with compressor 'sz3' (cmprAlgo=3, errorBoundMode=1, relErrorBound=1)...
  Appended results to data/muon-sz3-sweep/results.jsonl
  Compressing branch 'lep_pt' with compressor 'sz3' (cmprAlgo=3, errorBoundMode=1, relErrorBound=1)...
  Appended results to data/muon-sz3-sweep/results.jsonl
  Compressing branch 'lep_pt' with compressor 'sz3' (cmprAlgo=3, errorBoundMode=1, relErrorBound=1)...
  Appended results to data/muon-sz3-sweep/results.jsonl
  Compressing branch 'lep_pt' with compressor 'sz3' (cmprAlgo=3, errorBoundMode=1, relErrorBound=1)...
  Appended results to data/muon-sz3-sweep/results.jsonl
  Compressing branch 'lep_pt' with compressor 'sz3' (cmprAlgo=3, errorBoundMode=1, relErrorBound=1)...
  Appended results to data/muon-sz3-sweep/results.jsonl
  Compressing branch 'lep_pt' with compressor 'sz3' (cmprAlgo=3, errorBoundMode=1, relErrorBound=1)...
  Appended results to data/muon-sz3-sweep/results.jsonl
  Compressing branch 'lep_pt' with compressor 'sz3' (cmprAlgo=3, errorBoundMode=1, relErrorBound=1)...
  Appended results to data/muon-sz3-sweep/results.jsonl
  Compressing branch 'lep_pt' with compressor 'sz3' (cmprAlgo=3, errorBoundMode=1, relErrorBound=1)...
  Appended results to data/muon-sz3-sweep/results.jsonl
  Compressing branch 'lep_pt' with compressor 'sz3' (cmprAlgo=3, errorBoundMode=1, relErrorBound=1)...
  Appended results to data/muon-sz3-sweep/results.jsonl
  Compressing branch 'lep_pt' with compressor 'sz3' (cmprAlgo=3, errorBoundMode=1, relErrorBound=1)...
  Appended results to data/muon-sz3-sweep/results.jsonl
  Compressing branch 'lep_pt' with compressor 'sz3' (cmprAlgo=3, errorBoundMode=1, relErrorBound=0.1)...
  Appended results to data/muon-sz3-sweep/results.jsonl
  Compressing branch 'lep_pt' with compressor 'sz3' (cmprAlgo=3, errorBoundMode=1, relErrorBound=0.1)...
  Appended results to data/muon-sz3-sweep/results.jsonl
  Compressing branch 'lep_pt' with compressor 'sz3' (cmprAlgo=3, errorBoundMode=1, relErrorBound=0.1)...
  Appended results to data/muon-sz3-sweep/results.jsonl
  Compressing branch 'lep_pt' with compressor 'sz3' (cmprAlgo=3, errorBoundMode=1, relErrorBound=0.1)...
  Appended results to data/muon-sz3-sweep/results.jsonl
  Compressing branch 'lep_pt' with compressor 'sz3' (cmprAlgo=3, errorBoundMode=1, relErrorBound=0.1)...
  Appended results to data/muon-sz3-sweep/results.jsonl
  Compressing branch 'lep_pt' with compressor 'sz3' (cmprAlgo=3, errorBoundMode=1, relErrorBound=0.1)...
  Appended results to data/muon-sz3-sweep/results.jsonl
  Compressing branch 'lep_pt' with compressor 'sz3' (cmprAlgo=3, errorBoundMode=1, relErrorBound=0.1)...
  Appended results to data/muon-sz3-sweep/results.jsonl
  Compressing branch 'lep_pt' with compressor 'sz3' (cmprAlgo=3, errorBoundMode=1, relErrorBound=0.1)...
  Appended results to data/muon-sz3-sweep/results.jsonl
  Compressing branch 'lep_pt' with compressor 'sz3' (cmprAlgo=3, errorBoundMode=1, relErrorBound=0.1)...
  Appended results to data/muon-sz3-sweep/results.jsonl
  Compressing branch 'lep_pt' with compressor 'sz3' (cmprAlgo=3, errorBoundMode=1, relErrorBound=0.1)...
  Appended results to data/muon-sz3-sweep/results.jsonl
  Compressing branch 'lep_pt' with compressor 'sz3' (cmprAlgo=3, errorBoundMode=1, relErrorBound=0.1)...
  Appended results to data/muon-sz3-sweep/results.jsonl
  Compressing branch 'lep_pt' with compressor 'sz3' (cmprAlgo=3, errorBoundMode=1, relErrorBound=0.01)...
  Appended results to data/muon-sz3-sweep/results.jsonl
  Compressing branch 'lep_pt' with compressor 'sz3' (cmprAlgo=3, errorBoundMode=1, relErrorBound=0.01)...
  Appended results to data/muon-sz3-sweep/results.jsonl
  Compressing branch 'lep_pt' with compressor 'sz3' (cmprAlgo=3, errorBoundMode=1, relErrorBound=0.01)...
  Appended results to data/muon-sz3-sweep/results.jsonl
  Compressing branch 'lep_pt' with compressor 'sz3' (cmprAlgo=3, errorBoundMode=1, relErrorBound=0.01)...
  Appended results to data/muon-sz3-sweep/results.jsonl
  Compressing branch 'lep_pt' with compressor 'sz3' (cmprAlgo=3, errorBoundMode=1, relErrorBound=0.01)...
  Appended results to data/muon-sz3-sweep/results.jsonl
  Compressing branch 'lep_pt' with compressor 'sz3' (cmprAlgo=3, errorBoundMode=1, relErrorBound=0.01)...
  Appended results to data/muon-sz3-sweep/results.jsonl
  Compressing branch 'lep_pt' with compressor 'sz3' (cmprAlgo=3, errorBoundMode=1, relErrorBound=0.01)...
  Appended results to data/muon-sz3-sweep/results.jsonl
  Compressing branch 'lep_pt' with compressor 'sz3' (cmprAlgo=3, errorBoundMode=1, relErrorBound=0.01)...
  Appended results to data/muon-sz3-sweep/results.jsonl
  Compressing branch 'lep_pt' with compressor 'sz3' (cmprAlgo=3, errorBoundMode=1, relErrorBound=0.01)...
  Appended results to data/muon-sz3-sweep/results.jsonl
  Compressing branch 'lep_pt' with compressor 'sz3' (cmprAlgo=3, errorBoundMode=1, relErrorBound=0.01)...
  Appended results to data/muon-sz3-sweep/results.jsonl
  Compressing branch 'lep_pt' with compressor 'sz3' (cmprAlgo=3, errorBoundMode=1, relErrorBound=0.01)...
  Appended results to data/muon-sz3-sweep/results.jsonl
  Compressing branch 'lep_pt' with compressor 'sz3' (cmprAlgo=3, errorBoundMode=1, relErrorBound=0.001)...
  Appended results to data/muon-sz3-sweep/results.jsonl
  Compressing branch 'lep_pt' with compressor 'sz3' (cmprAlgo=3, errorBoundMode=1, relErrorBound=0.001)...
  Appended results to data/muon-sz3-sweep/results.jsonl
  Compressing branch 'lep_pt' with compressor 'sz3' (cmprAlgo=3, errorBoundMode=1, relErrorBound=0.001)...
  Appended results to data/muon-sz3-sweep/results.jsonl
  Compressing branch 'lep_pt' with compressor 'sz3' (cmprAlgo=3, errorBoundMode=1, relErrorBound=0.001)...
  Appended results to data/muon-sz3-sweep/results.jsonl
  Compressing branch 'lep_pt' with compressor 'sz3' (cmprAlgo=3, errorBoundMode=1, relErrorBound=0.001)...
  Appended results to data/muon-sz3-sweep/results.jsonl
  Compressing branch 'lep_pt' with compressor 'sz3' (cmprAlgo=3, errorBoundMode=1, relErrorBound=0.001)...
  Appended results to data/muon-sz3-sweep/results.jsonl
  Compressing branch 'lep_pt' with compressor 'sz3' (cmprAlgo=3, errorBoundMode=1, relErrorBound=0.001)...
  Appended results to data/muon-sz3-sweep/results.jsonl
  Compressing branch 'lep_pt' with compressor 'sz3' (cmprAlgo=3, errorBoundMode=1, relErrorBound=0.001)...
  Appended results to data/muon-sz3-sweep/results.jsonl
  Compressing branch 'lep_pt' with compressor 'sz3' (cmprAlgo=3, errorBoundMode=1, relErrorBound=0.001)...
  Appended results to data/muon-sz3-sweep/results.jsonl
  Compressing branch 'lep_pt' with compressor 'sz3' (cmprAlgo=3, errorBoundMode=1, relErrorBound=0.001)...
  Appended results to data/muon-sz3-sweep/results.jsonl
  Compressing branch 'lep_pt' with compressor 'sz3' (cmprAlgo=3, errorBoundMode=1, relErrorBound=0.001)...
  Appended results to data/muon-sz3-sweep/results.jsonl
  Compressing branch 'lep_pt' with compressor 'sz3' (cmprAlgo=3, errorBoundMode=1, relErrorBound=0.0001)...
  Appended results to data/muon-sz3-sweep/results.jsonl
  Compressing branch 'lep_pt' with compressor 'sz3' (cmprAlgo=3, errorBoundMode=1, relErrorBound=0.0001)...
  Appended results to data/muon-sz3-sweep/results.jsonl
  Compressing branch 'lep_pt' with compressor 'sz3' (cmprAlgo=3, errorBoundMode=1, relErrorBound=0.0001)...
  Appended results to data/muon-sz3-sweep/results.jsonl
  Compressing branch 'lep_pt' with compressor 'sz3' (cmprAlgo=3, errorBoundMode=1, relErrorBound=0.0001)...
  Appended results to data/muon-sz3-sweep/results.jsonl
  Compressing branch 'lep_pt' with compressor 'sz3' (cmprAlgo=3, errorBoundMode=1, relErrorBound=0.0001)...
  Appended results to data/muon-sz3-sweep/results.jsonl
  Compressing branch 'lep_pt' with compressor 'sz3' (cmprAlgo=3, errorBoundMode=1, relErrorBound=0.0001)...
  Appended results to data/muon-sz3-sweep/results.jsonl
  Compressing branch 'lep_pt' with compressor 'sz3' (cmprAlgo=3, errorBoundMode=1, relErrorBound=0.0001)...
  Appended results to data/muon-sz3-sweep/results.jsonl
  Compressing branch 'lep_pt' with compressor 'sz3' (cmprAlgo=3, errorBoundMode=1, relErrorBound=0.0001)...
  Appended results to data/muon-sz3-sweep/results.jsonl
  Compressing branch 'lep_pt' with compressor 'sz3' (cmprAlgo=3, errorBoundMode=1, relErrorBound=0.0001)...
  Appended results to data/muon-sz3-sweep/results.jsonl
  Compressing branch 'lep_pt' with compressor 'sz3' (cmprAlgo=3, errorBoundMode=1, relErrorBound=0.0001)...
  Appended results to data/muon-sz3-sweep/results.jsonl
  Compressing branch 'lep_pt' with compressor 'sz3' (cmprAlgo=3, errorBoundMode=1, relErrorBound=0.0001)...
  Appended results to data/muon-sz3-sweep/results.jsonl
  Compressing branch 'lep_pt' with compressor 'sz3' (cmprAlgo=3, errorBoundMode=1, relErrorBound=1e-05)...
  Appended results to data/muon-sz3-sweep/results.jsonl
  Compressing branch 'lep_pt' with compressor 'sz3' (cmprAlgo=3, errorBoundMode=1, relErrorBound=1e-05)...
  Appended results to data/muon-sz3-sweep/results.jsonl
  Compressing branch 'lep_pt' with compressor 'sz3' (cmprAlgo=3, errorBoundMode=1, relErrorBound=1e-05)...
  Appended results to data/muon-sz3-sweep/results.jsonl
  Compressing branch 'lep_pt' with compressor 'sz3' (cmprAlgo=3, errorBoundMode=1, relErrorBound=1e-05)...
  Appended results to data/muon-sz3-sweep/results.jsonl
  Compressing branch 'lep_pt' with compressor 'sz3' (cmprAlgo=3, errorBoundMode=1, relErrorBound=1e-05)...
  Appended results to data/muon-sz3-sweep/results.jsonl
  Compressing branch 'lep_pt' with compressor 'sz3' (cmprAlgo=3, errorBoundMode=1, relErrorBound=1e-05)...
  Appended results to data/muon-sz3-sweep/results.jsonl
  Compressing branch 'lep_pt' with compressor 'sz3' (cmprAlgo=3, errorBoundMode=1, relErrorBound=1e-05)...
  Appended results to data/muon-sz3-sweep/results.jsonl
  Compressing branch 'lep_pt' with compressor 'sz3' (cmprAlgo=3, errorBoundMode=1, relErrorBound=1e-05)...
  Appended results to data/muon-sz3-sweep/results.jsonl
  Compressing branch 'lep_pt' with compressor 'sz3' (cmprAlgo=3, errorBoundMode=1, relErrorBound=1e-05)...
  Appended results to data/muon-sz3-sweep/results.jsonl
  Compressing branch 'lep_pt' with compressor 'sz3' (cmprAlgo=3, errorBoundMode=1, relErrorBound=1e-05)...
  Appended results to data/muon-sz3-sweep/results.jsonl
  Compressing branch 'lep_pt' with compressor 'sz3' (cmprAlgo=3, errorBoundMode=1, relErrorBound=1e-05)...
  Appended results to data/muon-sz3-sweep/results.jsonl
  Compressing branch 'lep_pt' with compressor 'sz3' (cmprAlgo=3, errorBoundMode=1, relErrorBound=1e-06)...
  Appended results to data/muon-sz3-sweep/results.jsonl
  Compressing branch 'lep_pt' with compressor 'sz3' (cmprAlgo=3, errorBoundMode=1, relErrorBound=1e-06)...
  Appended results to data/muon-sz3-sweep/results.jsonl
  Compressing branch 'lep_pt' with compressor 'sz3' (cmprAlgo=3, errorBoundMode=1, relErrorBound=1e-06)...
  Appended results to data/muon-sz3-sweep/results.jsonl
  Compressing branch 'lep_pt' with compressor 'sz3' (cmprAlgo=3, errorBoundMode=1, relErrorBound=1e-06)...
  Appended results to data/muon-sz3-sweep/results.jsonl
  Compressing branch 'lep_pt' with compressor 'sz3' (cmprAlgo=3, errorBoundMode=1, relErrorBound=1e-06)...
  Appended results to data/muon-sz3-sweep/results.jsonl
  Compressing branch 'lep_pt' with compressor 'sz3' (cmprAlgo=3, errorBoundMode=1, relErrorBound=1e-06)...
  Appended results to data/muon-sz3-sweep/results.jsonl
  Compressing branch 'lep_pt' with compressor 'sz3' (cmprAlgo=3, errorBoundMode=1, relErrorBound=1e-06)...
  Appended results to data/muon-sz3-sweep/results.jsonl
  Compressing branch 'lep_pt' with compressor 'sz3' (cmprAlgo=3, errorBoundMode=1, relErrorBound=1e-06)...
  Appended results to data/muon-sz3-sweep/results.jsonl
  Compressing branch 'lep_pt' with compressor 'sz3' (cmprAlgo=3, errorBoundMode=1, relErrorBound=1e-06)...
  Appended results to data/muon-sz3-sweep/results.jsonl
  Compressing branch 'lep_pt' with compressor 'sz3' (cmprAlgo=3, errorBoundMode=1, relErrorBound=1e-06)...
  Appended results to data/muon-sz3-sweep/results.jsonl
  Compressing branch 'lep_pt' with compressor 'sz3' (cmprAlgo=3, errorBoundMode=1, relErrorBound=1e-06)...
  Appended results to data/muon-sz3-sweep/results.jsonl
Reading data for branch 'lep_eta'...
  Compressing branch 'lep_eta' with compressor 'sz3' (absErrorBound=100, cmprAlgo=0, errorBoundMode=0)...
  Appended results to data/muon-sz3-sweep/results.jsonl
  Compressing branch 'lep_eta' with compressor 'sz3' (absErrorBound=100, cmprAlgo=0, errorBoundMode=0)...
  Appended results to data/muon-sz3-sweep/results.jsonl
  Compressing branch 'lep_eta' with compressor 'sz3' (absErrorBound=100, cmprAlgo=0, errorBoundMode=0)...
  Appended results to data/muon-sz3-sweep/results.jsonl
  Compressing branch 'lep_eta' with compressor 'sz3' (absErrorBound=100, cmprAlgo=0, errorBoundMode=0)...
  Appended results to data/muon-sz3-sweep/results.jsonl
  Compressing branch 'lep_eta' with compressor 'sz3' (absErrorBound=100, cmprAlgo=0, errorBoundMode=0)...
  Appended results to data/muon-sz3-sweep/results.jsonl
  Compressing branch 'lep_eta' with compressor 'sz3' (absErrorBound=100, cmprAlgo=0, errorBoundMode=0)...
  Appended results to data/muon-sz3-sweep/results.jsonl
  Compressing branch 'lep_eta' with compressor 'sz3' (absErrorBound=100, cmprAlgo=0, errorBoundMode=0)...
  Appended results to data/muon-sz3-sweep/results.jsonl
  Compressing branch 'lep_eta' with compressor 'sz3' (absErrorBound=100, cmprAlgo=0, errorBoundMode=0)...
  Appended results to data/muon-sz3-sweep/results.jsonl
  Compressing branch 'lep_eta' with compressor 'sz3' (absErrorBound=100, cmprAlgo=0, errorBoundMode=0)...
  Appended results to data/muon-sz3-sweep/results.jsonl
  Compressing branch 'lep_eta' with compressor 'sz3' (absErrorBound=100, cmprAlgo=0, errorBoundMode=0)...
  Appended results to data/muon-sz3-sweep/results.jsonl
  Compressing branch 'lep_eta' with compressor 'sz3' (absErrorBound=100, cmprAlgo=0, errorBoundMode=0)...
  Appended results to data/muon-sz3-sweep/results.jsonl
  Compressing branch 'lep_eta' with compressor 'sz3' (absErrorBound=10, cmprAlgo=0, errorBoundMode=0)...
  Appended results to data/muon-sz3-sweep/results.jsonl
  Compressing branch 'lep_eta' with compressor 'sz3' (absErrorBound=10, cmprAlgo=0, errorBoundMode=0)...
  Appended results to data/muon-sz3-sweep/results.jsonl
  Compressing branch 'lep_eta' with compressor 'sz3' (absErrorBound=10, cmprAlgo=0, errorBoundMode=0)...
  Appended results to data/muon-sz3-sweep/results.jsonl
  Compressing branch 'lep_eta' with compressor 'sz3' (absErrorBound=10, cmprAlgo=0, errorBoundMode=0)...
  Appended results to data/muon-sz3-sweep/results.jsonl
  Compressing branch 'lep_eta' with compressor 'sz3' (absErrorBound=10, cmprAlgo=0, errorBoundMode=0)...
  Appended results to data/muon-sz3-sweep/results.jsonl
  Compressing branch 'lep_eta' with compressor 'sz3' (absErrorBound=10, cmprAlgo=0, errorBoundMode=0)...
  Appended results to data/muon-sz3-sweep/results.jsonl
  Compressing branch 'lep_eta' with compressor 'sz3' (absErrorBound=10, cmprAlgo=0, errorBoundMode=0)...
  Appended results to data/muon-sz3-sweep/results.jsonl
  Compressing branch 'lep_eta' with compressor 'sz3' (absErrorBound=10, cmprAlgo=0, errorBoundMode=0)...
  Appended results to data/muon-sz3-sweep/results.jsonl
  Compressing branch 'lep_eta' with compressor 'sz3' (absErrorBound=10, cmprAlgo=0, errorBoundMode=0)...
  Appended results to data/muon-sz3-sweep/results.jsonl
  Compressing branch 'lep_eta' with compressor 'sz3' (absErrorBound=10, cmprAlgo=0, errorBoundMode=0)...
  Appended results to data/muon-sz3-sweep/results.jsonl
  Compressing branch 'lep_eta' with compressor 'sz3' (absErrorBound=10, cmprAlgo=0, errorBoundMode=0)...
  Appended results to data/muon-sz3-sweep/results.jsonl
  Compressing branch 'lep_eta' with compressor 'sz3' (absErrorBound=1, cmprAlgo=0, errorBoundMode=0)...
  Appended results to data/muon-sz3-sweep/results.jsonl
  Compressing branch 'lep_eta' with compressor 'sz3' (absErrorBound=1, cmprAlgo=0, errorBoundMode=0)...
  Appended results to data/muon-sz3-sweep/results.jsonl
  Compressing branch 'lep_eta' with compressor 'sz3' (absErrorBound=1, cmprAlgo=0, errorBoundMode=0)...
  Appended results to data/muon-sz3-sweep/results.jsonl
  Compressing branch 'lep_eta' with compressor 'sz3' (absErrorBound=1, cmprAlgo=0, errorBoundMode=0)...
  Appended results to data/muon-sz3-sweep/results.jsonl
  Compressing branch 'lep_eta' with compressor 'sz3' (absErrorBound=1, cmprAlgo=0, errorBoundMode=0)...
  Appended results to data/muon-sz3-sweep/results.jsonl
  Compressing branch 'lep_eta' with compressor 'sz3' (absErrorBound=1, cmprAlgo=0, errorBoundMode=0)...
  Appended results to data/muon-sz3-sweep/results.jsonl
  Compressing branch 'lep_eta' with compressor 'sz3' (absErrorBound=1, cmprAlgo=0, errorBoundMode=0)...
  Appended results to data/muon-sz3-sweep/results.jsonl
  Compressing branch 'lep_eta' with compressor 'sz3' (absErrorBound=1, cmprAlgo=0, errorBoundMode=0)...
  Appended results to data/muon-sz3-sweep/results.jsonl
  Compressing branch 'lep_eta' with compressor 'sz3' (absErrorBound=1, cmprAlgo=0, errorBoundMode=0)...
  Appended results to data/muon-sz3-sweep/results.jsonl
  Compressing branch 'lep_eta' with compressor 'sz3' (absErrorBound=1, cmprAlgo=0, errorBoundMode=0)...
  Appended results to data/muon-sz3-sweep/results.jsonl
  Compressing branch 'lep_eta' with compressor 'sz3' (absErrorBound=1, cmprAlgo=0, errorBoundMode=0)...
  Appended results to data/muon-sz3-sweep/results.jsonl
  Compressing branch 'lep_eta' with compressor 'sz3' (absErrorBound=0.1, cmprAlgo=0, errorBoundMode=0)...
  Appended results to data/muon-sz3-sweep/results.jsonl
  Compressing branch 'lep_eta' with compressor 'sz3' (absErrorBound=0.1, cmprAlgo=0, errorBoundMode=0)...
  Appended results to data/muon-sz3-sweep/results.jsonl
  Compressing branch 'lep_eta' with compressor 'sz3' (absErrorBound=0.1, cmprAlgo=0, errorBoundMode=0)...
  Appended results to data/muon-sz3-sweep/results.jsonl
  Compressing branch 'lep_eta' with compressor 'sz3' (absErrorBound=0.1, cmprAlgo=0, errorBoundMode=0)...
  Appended results to data/muon-sz3-sweep/results.jsonl
  Compressing branch 'lep_eta' with compressor 'sz3' (absErrorBound=0.1, cmprAlgo=0, errorBoundMode=0)...
  Appended results to data/muon-sz3-sweep/results.jsonl
  Compressing branch 'lep_eta' with compressor 'sz3' (absErrorBound=0.1, cmprAlgo=0, errorBoundMode=0)...
  Appended results to data/muon-sz3-sweep/results.jsonl
  Compressing branch 'lep_eta' with compressor 'sz3' (absErrorBound=0.1, cmprAlgo=0, errorBoundMode=0)...
  Appended results to data/muon-sz3-sweep/results.jsonl
  Compressing branch 'lep_eta' with compressor 'sz3' (absErrorBound=0.1, cmprAlgo=0, errorBoundMode=0)...
  Appended results to data/muon-sz3-sweep/results.jsonl
  Compressing branch 'lep_eta' with compressor 'sz3' (absErrorBound=0.1, cmprAlgo=0, errorBoundMode=0)...
  Appended results to data/muon-sz3-sweep/results.jsonl
  Compressing branch 'lep_eta' with compressor 'sz3' (absErrorBound=0.1, cmprAlgo=0, errorBoundMode=0)...
  Appended results to data/muon-sz3-sweep/results.jsonl
  Compressing branch 'lep_eta' with compressor 'sz3' (absErrorBound=0.1, cmprAlgo=0, errorBoundMode=0)...
  Appended results to data/muon-sz3-sweep/results.jsonl
  Compressing branch 'lep_eta' with compressor 'sz3' (absErrorBound=0.01, cmprAlgo=0, errorBoundMode=0)...
  Appended results to data/muon-sz3-sweep/results.jsonl
  Compressing branch 'lep_eta' with compressor 'sz3' (absErrorBound=0.01, cmprAlgo=0, errorBoundMode=0)...
  Appended results to data/muon-sz3-sweep/results.jsonl
  Compressing branch 'lep_eta' with compressor 'sz3' (absErrorBound=0.01, cmprAlgo=0, errorBoundMode=0)...
  Appended results to data/muon-sz3-sweep/results.jsonl
  Compressing branch 'lep_eta' with compressor 'sz3' (absErrorBound=0.01, cmprAlgo=0, errorBoundMode=0)...
  Appended results to data/muon-sz3-sweep/results.jsonl
  Compressing branch 'lep_eta' with compressor 'sz3' (absErrorBound=0.01, cmprAlgo=0, errorBoundMode=0)...
  Appended results to data/muon-sz3-sweep/results.jsonl
  Compressing branch 'lep_eta' with compressor 'sz3' (absErrorBound=0.01, cmprAlgo=0, errorBoundMode=0)...
  Appended results to data/muon-sz3-sweep/results.jsonl
  Compressing branch 'lep_eta' with compressor 'sz3' (absErrorBound=0.01, cmprAlgo=0, errorBoundMode=0)...
  Appended results to data/muon-sz3-sweep/results.jsonl
  Compressing branch 'lep_eta' with compressor 'sz3' (absErrorBound=0.01, cmprAlgo=0, errorBoundMode=0)...
  Appended results to data/muon-sz3-sweep/results.jsonl
  Compressing branch 'lep_eta' with compressor 'sz3' (absErrorBound=0.01, cmprAlgo=0, errorBoundMode=0)...
  Appended results to data/muon-sz3-sweep/results.jsonl
  Compressing branch 'lep_eta' with compressor 'sz3' (absErrorBound=0.01, cmprAlgo=0, errorBoundMode=0)...
  Appended results to data/muon-sz3-sweep/results.jsonl
  Compressing branch 'lep_eta' with compressor 'sz3' (absErrorBound=0.01, cmprAlgo=0, errorBoundMode=0)...
  Appended results to data/muon-sz3-sweep/results.jsonl
  Compressing branch 'lep_eta' with compressor 'sz3' (absErrorBound=0.001, cmprAlgo=0, errorBoundMode=0)...
  Appended results to data/muon-sz3-sweep/results.jsonl
  Compressing branch 'lep_eta' with compressor 'sz3' (absErrorBound=0.001, cmprAlgo=0, errorBoundMode=0)...
  Appended results to data/muon-sz3-sweep/results.jsonl
  Compressing branch 'lep_eta' with compressor 'sz3' (absErrorBound=0.001, cmprAlgo=0, errorBoundMode=0)...
  Appended results to data/muon-sz3-sweep/results.jsonl
  Compressing branch 'lep_eta' with compressor 'sz3' (absErrorBound=0.001, cmprAlgo=0, errorBoundMode=0)...
  Appended results to data/muon-sz3-sweep/results.jsonl
  Compressing branch 'lep_eta' with compressor 'sz3' (absErrorBound=0.001, cmprAlgo=0, errorBoundMode=0)...
  Appended results to data/muon-sz3-sweep/results.jsonl
  Compressing branch 'lep_eta' with compressor 'sz3' (absErrorBound=0.001, cmprAlgo=0, errorBoundMode=0)...
  Appended results to data/muon-sz3-sweep/results.jsonl
  Compressing branch 'lep_eta' with compressor 'sz3' (absErrorBound=0.001, cmprAlgo=0, errorBoundMode=0)...
  Appended results to data/muon-sz3-sweep/results.jsonl
  Compressing branch 'lep_eta' with compressor 'sz3' (absErrorBound=0.001, cmprAlgo=0, errorBoundMode=0)...
  Appended results to data/muon-sz3-sweep/results.jsonl
  Compressing branch 'lep_eta' with compressor 'sz3' (absErrorBound=0.001, cmprAlgo=0, errorBoundMode=0)...
  Appended results to data/muon-sz3-sweep/results.jsonl
  Compressing branch 'lep_eta' with compressor 'sz3' (absErrorBound=0.001, cmprAlgo=0, errorBoundMode=0)...
  Appended results to data/muon-sz3-sweep/results.jsonl
  Compressing branch 'lep_eta' with compressor 'sz3' (absErrorBound=0.001, cmprAlgo=0, errorBoundMode=0)...
  Appended results to data/muon-sz3-sweep/results.jsonl
  Compressing branch 'lep_eta' with compressor 'sz3' (absErrorBound=0.0001, cmprAlgo=0, errorBoundMode=0)...
  Appended results to data/muon-sz3-sweep/results.jsonl
  Compressing branch 'lep_eta' with compressor 'sz3' (absErrorBound=0.0001, cmprAlgo=0, errorBoundMode=0)...
  Appended results to data/muon-sz3-sweep/results.jsonl
  Compressing branch 'lep_eta' with compressor 'sz3' (absErrorBound=0.0001, cmprAlgo=0, errorBoundMode=0)...
  Appended results to data/muon-sz3-sweep/results.jsonl
  Compressing branch 'lep_eta' with compressor 'sz3' (absErrorBound=0.0001, cmprAlgo=0, errorBoundMode=0)...
  Appended results to data/muon-sz3-sweep/results.jsonl
  Compressing branch 'lep_eta' with compressor 'sz3' (absErrorBound=0.0001, cmprAlgo=0, errorBoundMode=0)...
  Appended results to data/muon-sz3-sweep/results.jsonl
  Compressing branch 'lep_eta' with compressor 'sz3' (absErrorBound=0.0001, cmprAlgo=0, errorBoundMode=0)...
  Appended results to data/muon-sz3-sweep/results.jsonl
  Compressing branch 'lep_eta' with compressor 'sz3' (absErrorBound=0.0001, cmprAlgo=0, errorBoundMode=0)...
  Appended results to data/muon-sz3-sweep/results.jsonl
  Compressing branch 'lep_eta' with compressor 'sz3' (absErrorBound=0.0001, cmprAlgo=0, errorBoundMode=0)...
  Appended results to data/muon-sz3-sweep/results.jsonl
  Compressing branch 'lep_eta' with compressor 'sz3' (absErrorBound=0.0001, cmprAlgo=0, errorBoundMode=0)...
  Appended results to data/muon-sz3-sweep/results.jsonl
  Compressing branch 'lep_eta' with compressor 'sz3' (absErrorBound=0.0001, cmprAlgo=0, errorBoundMode=0)...
  Appended results to data/muon-sz3-sweep/results.jsonl
  Compressing branch 'lep_eta' with compressor 'sz3' (absErrorBound=0.0001, cmprAlgo=0, errorBoundMode=0)...
  Appended results to data/muon-sz3-sweep/results.jsonl
  Compressing branch 'lep_eta' with compressor 'sz3' (absErrorBound=1e-05, cmprAlgo=0, errorBoundMode=0)...
  Appended results to data/muon-sz3-sweep/results.jsonl
  Compressing branch 'lep_eta' with compressor 'sz3' (absErrorBound=1e-05, cmprAlgo=0, errorBoundMode=0)...
  Appended results to data/muon-sz3-sweep/results.jsonl
  Compressing branch 'lep_eta' with compressor 'sz3' (absErrorBound=1e-05, cmprAlgo=0, errorBoundMode=0)...
  Appended results to data/muon-sz3-sweep/results.jsonl
  Compressing branch 'lep_eta' with compressor 'sz3' (absErrorBound=1e-05, cmprAlgo=0, errorBoundMode=0)...
  Appended results to data/muon-sz3-sweep/results.jsonl
  Compressing branch 'lep_eta' with compressor 'sz3' (absErrorBound=1e-05, cmprAlgo=0, errorBoundMode=0)...
  Appended results to data/muon-sz3-sweep/results.jsonl
  Compressing branch 'lep_eta' with compressor 'sz3' (absErrorBound=1e-05, cmprAlgo=0, errorBoundMode=0)...
  Appended results to data/muon-sz3-sweep/results.jsonl
  Compressing branch 'lep_eta' with compressor 'sz3' (absErrorBound=1e-05, cmprAlgo=0, errorBoundMode=0)...
  Appended results to data/muon-sz3-sweep/results.jsonl
  Compressing branch 'lep_eta' with compressor 'sz3' (absErrorBound=1e-05, cmprAlgo=0, errorBoundMode=0)...
  Appended results to data/muon-sz3-sweep/results.jsonl
  Compressing branch 'lep_eta' with compressor 'sz3' (absErrorBound=1e-05, cmprAlgo=0, errorBoundMode=0)...
  Appended results to data/muon-sz3-sweep/results.jsonl
  Compressing branch 'lep_eta' with compressor 'sz3' (absErrorBound=1e-05, cmprAlgo=0, errorBoundMode=0)...
  Appended results to data/muon-sz3-sweep/results.jsonl
  Compressing branch 'lep_eta' with compressor 'sz3' (absErrorBound=1e-05, cmprAlgo=0, errorBoundMode=0)...
  Appended results to data/muon-sz3-sweep/results.jsonl
  Compressing branch 'lep_eta' with compressor 'sz3' (absErrorBound=1e-06, cmprAlgo=0, errorBoundMode=0)...
  Appended results to data/muon-sz3-sweep/results.jsonl
  Compressing branch 'lep_eta' with compressor 'sz3' (absErrorBound=1e-06, cmprAlgo=0, errorBoundMode=0)...
  Appended results to data/muon-sz3-sweep/results.jsonl
  Compressing branch 'lep_eta' with compressor 'sz3' (absErrorBound=1e-06, cmprAlgo=0, errorBoundMode=0)...
  Appended results to data/muon-sz3-sweep/results.jsonl
  Compressing branch 'lep_eta' with compressor 'sz3' (absErrorBound=1e-06, cmprAlgo=0, errorBoundMode=0)...
  Appended results to data/muon-sz3-sweep/results.jsonl
  Compressing branch 'lep_eta' with compressor 'sz3' (absErrorBound=1e-06, cmprAlgo=0, errorBoundMode=0)...
  Appended results to data/muon-sz3-sweep/results.jsonl
  Compressing branch 'lep_eta' with compressor 'sz3' (absErrorBound=1e-06, cmprAlgo=0, errorBoundMode=0)...
  Appended results to data/muon-sz3-sweep/results.jsonl
  Compressing branch 'lep_eta' with compressor 'sz3' (absErrorBound=1e-06, cmprAlgo=0, errorBoundMode=0)...
  Appended results to data/muon-sz3-sweep/results.jsonl
  Compressing branch 'lep_eta' with compressor 'sz3' (absErrorBound=1e-06, cmprAlgo=0, errorBoundMode=0)...
  Appended results to data/muon-sz3-sweep/results.jsonl
  Compressing branch 'lep_eta' with compressor 'sz3' (absErrorBound=1e-06, cmprAlgo=0, errorBoundMode=0)...
  Appended results to data/muon-sz3-sweep/results.jsonl
  Compressing branch 'lep_eta' with compressor 'sz3' (absErrorBound=1e-06, cmprAlgo=0, errorBoundMode=0)...
  Appended results to data/muon-sz3-sweep/results.jsonl
  Compressing branch 'lep_eta' with compressor 'sz3' (absErrorBound=1e-06, cmprAlgo=0, errorBoundMode=0)...
  Appended results to data/muon-sz3-sweep/results.jsonl
  Compressing branch 'lep_eta' with compressor 'sz3' (absErrorBound=100, cmprAlgo=1, errorBoundMode=0)...
  Appended results to data/muon-sz3-sweep/results.jsonl
  Compressing branch 'lep_eta' with compressor 'sz3' (absErrorBound=100, cmprAlgo=1, errorBoundMode=0)...
  Appended results to data/muon-sz3-sweep/results.jsonl
  Compressing branch 'lep_eta' with compressor 'sz3' (absErrorBound=100, cmprAlgo=1, errorBoundMode=0)...
  Appended results to data/muon-sz3-sweep/results.jsonl
  Compressing branch 'lep_eta' with compressor 'sz3' (absErrorBound=100, cmprAlgo=1, errorBoundMode=0)...
  Appended results to data/muon-sz3-sweep/results.jsonl
  Compressing branch 'lep_eta' with compressor 'sz3' (absErrorBound=100, cmprAlgo=1, errorBoundMode=0)...
  Appended results to data/muon-sz3-sweep/results.jsonl
  Compressing branch 'lep_eta' with compressor 'sz3' (absErrorBound=100, cmprAlgo=1, errorBoundMode=0)...
  Appended results to data/muon-sz3-sweep/results.jsonl
  Compressing branch 'lep_eta' with compressor 'sz3' (absErrorBound=100, cmprAlgo=1, errorBoundMode=0)...
  Appended results to data/muon-sz3-sweep/results.jsonl
  Compressing branch 'lep_eta' with compressor 'sz3' (absErrorBound=100, cmprAlgo=1, errorBoundMode=0)...
  Appended results to data/muon-sz3-sweep/results.jsonl
  Compressing branch 'lep_eta' with compressor 'sz3' (absErrorBound=100, cmprAlgo=1, errorBoundMode=0)...
  Appended results to data/muon-sz3-sweep/results.jsonl
  Compressing branch 'lep_eta' with compressor 'sz3' (absErrorBound=100, cmprAlgo=1, errorBoundMode=0)...
  Appended results to data/muon-sz3-sweep/results.jsonl
  Compressing branch 'lep_eta' with compressor 'sz3' (absErrorBound=100, cmprAlgo=1, errorBoundMode=0)...
  Appended results to data/muon-sz3-sweep/results.jsonl
  Compressing branch 'lep_eta' with compressor 'sz3' (absErrorBound=10, cmprAlgo=1, errorBoundMode=0)...
  Appended results to data/muon-sz3-sweep/results.jsonl
  Compressing branch 'lep_eta' with compressor 'sz3' (absErrorBound=10, cmprAlgo=1, errorBoundMode=0)...
  Appended results to data/muon-sz3-sweep/results.jsonl
  Compressing branch 'lep_eta' with compressor 'sz3' (absErrorBound=10, cmprAlgo=1, errorBoundMode=0)...
  Appended results to data/muon-sz3-sweep/results.jsonl
  Compressing branch 'lep_eta' with compressor 'sz3' (absErrorBound=10, cmprAlgo=1, errorBoundMode=0)...
  Appended results to data/muon-sz3-sweep/results.jsonl
  Compressing branch 'lep_eta' with compressor 'sz3' (absErrorBound=10, cmprAlgo=1, errorBoundMode=0)...
  Appended results to data/muon-sz3-sweep/results.jsonl
  Compressing branch 'lep_eta' with compressor 'sz3' (absErrorBound=10, cmprAlgo=1, errorBoundMode=0)...
  Appended results to data/muon-sz3-sweep/results.jsonl
  Compressing branch 'lep_eta' with compressor 'sz3' (absErrorBound=10, cmprAlgo=1, errorBoundMode=0)...
  Appended results to data/muon-sz3-sweep/results.jsonl
  Compressing branch 'lep_eta' with compressor 'sz3' (absErrorBound=10, cmprAlgo=1, errorBoundMode=0)...
  Appended results to data/muon-sz3-sweep/results.jsonl
  Compressing branch 'lep_eta' with compressor 'sz3' (absErrorBound=10, cmprAlgo=1, errorBoundMode=0)...
  Appended results to data/muon-sz3-sweep/results.jsonl
  Compressing branch 'lep_eta' with compressor 'sz3' (absErrorBound=10, cmprAlgo=1, errorBoundMode=0)...
  Appended results to data/muon-sz3-sweep/results.jsonl
  Compressing branch 'lep_eta' with compressor 'sz3' (absErrorBound=10, cmprAlgo=1, errorBoundMode=0)...
  Appended results to data/muon-sz3-sweep/results.jsonl
  Compressing branch 'lep_eta' with compressor 'sz3' (absErrorBound=1, cmprAlgo=1, errorBoundMode=0)...
  Appended results to data/muon-sz3-sweep/results.jsonl
  Compressing branch 'lep_eta' with compressor 'sz3' (absErrorBound=1, cmprAlgo=1, errorBoundMode=0)...
  Appended results to data/muon-sz3-sweep/results.jsonl
  Compressing branch 'lep_eta' with compressor 'sz3' (absErrorBound=1, cmprAlgo=1, errorBoundMode=0)...
  Appended results to data/muon-sz3-sweep/results.jsonl
  Compressing branch 'lep_eta' with compressor 'sz3' (absErrorBound=1, cmprAlgo=1, errorBoundMode=0)...
  Appended results to data/muon-sz3-sweep/results.jsonl
  Compressing branch 'lep_eta' with compressor 'sz3' (absErrorBound=1, cmprAlgo=1, errorBoundMode=0)...
  Appended results to data/muon-sz3-sweep/results.jsonl
  Compressing branch 'lep_eta' with compressor 'sz3' (absErrorBound=1, cmprAlgo=1, errorBoundMode=0)...
  Appended results to data/muon-sz3-sweep/results.jsonl
  Compressing branch 'lep_eta' with compressor 'sz3' (absErrorBound=1, cmprAlgo=1, errorBoundMode=0)...
  Appended results to data/muon-sz3-sweep/results.jsonl
  Compressing branch 'lep_eta' with compressor 'sz3' (absErrorBound=1, cmprAlgo=1, errorBoundMode=0)...
  Appended results to data/muon-sz3-sweep/results.jsonl
  Compressing branch 'lep_eta' with compressor 'sz3' (absErrorBound=1, cmprAlgo=1, errorBoundMode=0)...
  Appended results to data/muon-sz3-sweep/results.jsonl
  Compressing branch 'lep_eta' with compressor 'sz3' (absErrorBound=1, cmprAlgo=1, errorBoundMode=0)...
  Appended results to data/muon-sz3-sweep/results.jsonl
  Compressing branch 'lep_eta' with compressor 'sz3' (absErrorBound=1, cmprAlgo=1, errorBoundMode=0)...
  Appended results to data/muon-sz3-sweep/results.jsonl
  Compressing branch 'lep_eta' with compressor 'sz3' (absErrorBound=0.1, cmprAlgo=1, errorBoundMode=0)...
  Appended results to data/muon-sz3-sweep/results.jsonl
  Compressing branch 'lep_eta' with compressor 'sz3' (absErrorBound=0.1, cmprAlgo=1, errorBoundMode=0)...
  Appended results to data/muon-sz3-sweep/results.jsonl
  Compressing branch 'lep_eta' with compressor 'sz3' (absErrorBound=0.1, cmprAlgo=1, errorBoundMode=0)...
  Appended results to data/muon-sz3-sweep/results.jsonl
  Compressing branch 'lep_eta' with compressor 'sz3' (absErrorBound=0.1, cmprAlgo=1, errorBoundMode=0)...
  Appended results to data/muon-sz3-sweep/results.jsonl
  Compressing branch 'lep_eta' with compressor 'sz3' (absErrorBound=0.1, cmprAlgo=1, errorBoundMode=0)...
  Appended results to data/muon-sz3-sweep/results.jsonl
  Compressing branch 'lep_eta' with compressor 'sz3' (absErrorBound=0.1, cmprAlgo=1, errorBoundMode=0)...
  Appended results to data/muon-sz3-sweep/results.jsonl
  Compressing branch 'lep_eta' with compressor 'sz3' (absErrorBound=0.1, cmprAlgo=1, errorBoundMode=0)...
  Appended results to data/muon-sz3-sweep/results.jsonl
  Compressing branch 'lep_eta' with compressor 'sz3' (absErrorBound=0.1, cmprAlgo=1, errorBoundMode=0)...
  Appended results to data/muon-sz3-sweep/results.jsonl
  Compressing branch 'lep_eta' with compressor 'sz3' (absErrorBound=0.1, cmprAlgo=1, errorBoundMode=0)...
  Appended results to data/muon-sz3-sweep/results.jsonl
  Compressing branch 'lep_eta' with compressor 'sz3' (absErrorBound=0.1, cmprAlgo=1, errorBoundMode=0)...
  Appended results to data/muon-sz3-sweep/results.jsonl
  Compressing branch 'lep_eta' with compressor 'sz3' (absErrorBound=0.1, cmprAlgo=1, errorBoundMode=0)...
  Appended results to data/muon-sz3-sweep/results.jsonl
  Compressing branch 'lep_eta' with compressor 'sz3' (absErrorBound=0.01, cmprAlgo=1, errorBoundMode=0)...
  Appended results to data/muon-sz3-sweep/results.jsonl
  Compressing branch 'lep_eta' with compressor 'sz3' (absErrorBound=0.01, cmprAlgo=1, errorBoundMode=0)...
  Appended results to data/muon-sz3-sweep/results.jsonl
  Compressing branch 'lep_eta' with compressor 'sz3' (absErrorBound=0.01, cmprAlgo=1, errorBoundMode=0)...
  Appended results to data/muon-sz3-sweep/results.jsonl
  Compressing branch 'lep_eta' with compressor 'sz3' (absErrorBound=0.01, cmprAlgo=1, errorBoundMode=0)...
  Appended results to data/muon-sz3-sweep/results.jsonl
  Compressing branch 'lep_eta' with compressor 'sz3' (absErrorBound=0.01, cmprAlgo=1, errorBoundMode=0)...
  Appended results to data/muon-sz3-sweep/results.jsonl
  Compressing branch 'lep_eta' with compressor 'sz3' (absErrorBound=0.01, cmprAlgo=1, errorBoundMode=0)...
  Appended results to data/muon-sz3-sweep/results.jsonl
  Compressing branch 'lep_eta' with compressor 'sz3' (absErrorBound=0.01, cmprAlgo=1, errorBoundMode=0)...
  Appended results to data/muon-sz3-sweep/results.jsonl
  Compressing branch 'lep_eta' with compressor 'sz3' (absErrorBound=0.01, cmprAlgo=1, errorBoundMode=0)...
  Appended results to data/muon-sz3-sweep/results.jsonl
  Compressing branch 'lep_eta' with compressor 'sz3' (absErrorBound=0.01, cmprAlgo=1, errorBoundMode=0)...
  Appended results to data/muon-sz3-sweep/results.jsonl
  Compressing branch 'lep_eta' with compressor 'sz3' (absErrorBound=0.01, cmprAlgo=1, errorBoundMode=0)...
  Appended results to data/muon-sz3-sweep/results.jsonl
  Compressing branch 'lep_eta' with compressor 'sz3' (absErrorBound=0.01, cmprAlgo=1, errorBoundMode=0)...
  Appended results to data/muon-sz3-sweep/results.jsonl
  Compressing branch 'lep_eta' with compressor 'sz3' (absErrorBound=0.001, cmprAlgo=1, errorBoundMode=0)...
  Appended results to data/muon-sz3-sweep/results.jsonl
  Compressing branch 'lep_eta' with compressor 'sz3' (absErrorBound=0.001, cmprAlgo=1, errorBoundMode=0)...
  Appended results to data/muon-sz3-sweep/results.jsonl
  Compressing branch 'lep_eta' with compressor 'sz3' (absErrorBound=0.001, cmprAlgo=1, errorBoundMode=0)...
  Appended results to data/muon-sz3-sweep/results.jsonl
  Compressing branch 'lep_eta' with compressor 'sz3' (absErrorBound=0.001, cmprAlgo=1, errorBoundMode=0)...
  Appended results to data/muon-sz3-sweep/results.jsonl
  Compressing branch 'lep_eta' with compressor 'sz3' (absErrorBound=0.001, cmprAlgo=1, errorBoundMode=0)...
  Appended results to data/muon-sz3-sweep/results.jsonl
  Compressing branch 'lep_eta' with compressor 'sz3' (absErrorBound=0.001, cmprAlgo=1, errorBoundMode=0)...
  Appended results to data/muon-sz3-sweep/results.jsonl
  Compressing branch 'lep_eta' with compressor 'sz3' (absErrorBound=0.001, cmprAlgo=1, errorBoundMode=0)...
  Appended results to data/muon-sz3-sweep/results.jsonl
  Compressing branch 'lep_eta' with compressor 'sz3' (absErrorBound=0.001, cmprAlgo=1, errorBoundMode=0)...
  Appended results to data/muon-sz3-sweep/results.jsonl
  Compressing branch 'lep_eta' with compressor 'sz3' (absErrorBound=0.001, cmprAlgo=1, errorBoundMode=0)...
  Appended results to data/muon-sz3-sweep/results.jsonl
  Compressing branch 'lep_eta' with compressor 'sz3' (absErrorBound=0.001, cmprAlgo=1, errorBoundMode=0)...
  Appended results to data/muon-sz3-sweep/results.jsonl
  Compressing branch 'lep_eta' with compressor 'sz3' (absErrorBound=0.001, cmprAlgo=1, errorBoundMode=0)...
  Appended results to data/muon-sz3-sweep/results.jsonl
  Compressing branch 'lep_eta' with compressor 'sz3' (absErrorBound=0.0001, cmprAlgo=1, errorBoundMode=0)...
  Appended results to data/muon-sz3-sweep/results.jsonl
  Compressing branch 'lep_eta' with compressor 'sz3' (absErrorBound=0.0001, cmprAlgo=1, errorBoundMode=0)...
  Appended results to data/muon-sz3-sweep/results.jsonl
  Compressing branch 'lep_eta' with compressor 'sz3' (absErrorBound=0.0001, cmprAlgo=1, errorBoundMode=0)...
  Appended results to data/muon-sz3-sweep/results.jsonl
  Compressing branch 'lep_eta' with compressor 'sz3' (absErrorBound=0.0001, cmprAlgo=1, errorBoundMode=0)...
  Appended results to data/muon-sz3-sweep/results.jsonl
  Compressing branch 'lep_eta' with compressor 'sz3' (absErrorBound=0.0001, cmprAlgo=1, errorBoundMode=0)...
  Appended results to data/muon-sz3-sweep/results.jsonl
  Compressing branch 'lep_eta' with compressor 'sz3' (absErrorBound=0.0001, cmprAlgo=1, errorBoundMode=0)...
  Appended results to data/muon-sz3-sweep/results.jsonl
  Compressing branch 'lep_eta' with compressor 'sz3' (absErrorBound=0.0001, cmprAlgo=1, errorBoundMode=0)...
  Appended results to data/muon-sz3-sweep/results.jsonl
  Compressing branch 'lep_eta' with compressor 'sz3' (absErrorBound=0.0001, cmprAlgo=1, errorBoundMode=0)...
  Appended results to data/muon-sz3-sweep/results.jsonl
  Compressing branch 'lep_eta' with compressor 'sz3' (absErrorBound=0.0001, cmprAlgo=1, errorBoundMode=0)...
  Appended results to data/muon-sz3-sweep/results.jsonl
  Compressing branch 'lep_eta' with compressor 'sz3' (absErrorBound=0.0001, cmprAlgo=1, errorBoundMode=0)...
  Appended results to data/muon-sz3-sweep/results.jsonl
  Compressing branch 'lep_eta' with compressor 'sz3' (absErrorBound=0.0001, cmprAlgo=1, errorBoundMode=0)...
  Appended results to data/muon-sz3-sweep/results.jsonl
  Compressing branch 'lep_eta' with compressor 'sz3' (absErrorBound=1e-05, cmprAlgo=1, errorBoundMode=0)...
  Appended results to data/muon-sz3-sweep/results.jsonl
  Compressing branch 'lep_eta' with compressor 'sz3' (absErrorBound=1e-05, cmprAlgo=1, errorBoundMode=0)...
  Appended results to data/muon-sz3-sweep/results.jsonl
  Compressing branch 'lep_eta' with compressor 'sz3' (absErrorBound=1e-05, cmprAlgo=1, errorBoundMode=0)...
  Appended results to data/muon-sz3-sweep/results.jsonl
  Compressing branch 'lep_eta' with compressor 'sz3' (absErrorBound=1e-05, cmprAlgo=1, errorBoundMode=0)...
  Appended results to data/muon-sz3-sweep/results.jsonl
  Compressing branch 'lep_eta' with compressor 'sz3' (absErrorBound=1e-05, cmprAlgo=1, errorBoundMode=0)...
  Appended results to data/muon-sz3-sweep/results.jsonl
  Compressing branch 'lep_eta' with compressor 'sz3' (absErrorBound=1e-05, cmprAlgo=1, errorBoundMode=0)...
  Appended results to data/muon-sz3-sweep/results.jsonl
  Compressing branch 'lep_eta' with compressor 'sz3' (absErrorBound=1e-05, cmprAlgo=1, errorBoundMode=0)...
  Appended results to data/muon-sz3-sweep/results.jsonl
  Compressing branch 'lep_eta' with compressor 'sz3' (absErrorBound=1e-05, cmprAlgo=1, errorBoundMode=0)...
  Appended results to data/muon-sz3-sweep/results.jsonl
  Compressing branch 'lep_eta' with compressor 'sz3' (absErrorBound=1e-05, cmprAlgo=1, errorBoundMode=0)...
  Appended results to data/muon-sz3-sweep/results.jsonl
  Compressing branch 'lep_eta' with compressor 'sz3' (absErrorBound=1e-05, cmprAlgo=1, errorBoundMode=0)...
  Appended results to data/muon-sz3-sweep/results.jsonl
  Compressing branch 'lep_eta' with compressor 'sz3' (absErrorBound=1e-05, cmprAlgo=1, errorBoundMode=0)...
  Appended results to data/muon-sz3-sweep/results.jsonl
  Compressing branch 'lep_eta' with compressor 'sz3' (absErrorBound=1e-06, cmprAlgo=1, errorBoundMode=0)...
  Appended results to data/muon-sz3-sweep/results.jsonl
  Compressing branch 'lep_eta' with compressor 'sz3' (absErrorBound=1e-06, cmprAlgo=1, errorBoundMode=0)...
  Appended results to data/muon-sz3-sweep/results.jsonl
  Compressing branch 'lep_eta' with compressor 'sz3' (absErrorBound=1e-06, cmprAlgo=1, errorBoundMode=0)...
  Appended results to data/muon-sz3-sweep/results.jsonl
  Compressing branch 'lep_eta' with compressor 'sz3' (absErrorBound=1e-06, cmprAlgo=1, errorBoundMode=0)...
  Appended results to data/muon-sz3-sweep/results.jsonl
  Compressing branch 'lep_eta' with compressor 'sz3' (absErrorBound=1e-06, cmprAlgo=1, errorBoundMode=0)...
  Appended results to data/muon-sz3-sweep/results.jsonl
  Compressing branch 'lep_eta' with compressor 'sz3' (absErrorBound=1e-06, cmprAlgo=1, errorBoundMode=0)...
  Appended results to data/muon-sz3-sweep/results.jsonl
  Compressing branch 'lep_eta' with compressor 'sz3' (absErrorBound=1e-06, cmprAlgo=1, errorBoundMode=0)...
  Appended results to data/muon-sz3-sweep/results.jsonl
  Compressing branch 'lep_eta' with compressor 'sz3' (absErrorBound=1e-06, cmprAlgo=1, errorBoundMode=0)...
  Appended results to data/muon-sz3-sweep/results.jsonl
  Compressing branch 'lep_eta' with compressor 'sz3' (absErrorBound=1e-06, cmprAlgo=1, errorBoundMode=0)...
  Appended results to data/muon-sz3-sweep/results.jsonl
  Compressing branch 'lep_eta' with compressor 'sz3' (absErrorBound=1e-06, cmprAlgo=1, errorBoundMode=0)...
  Appended results to data/muon-sz3-sweep/results.jsonl
  Compressing branch 'lep_eta' with compressor 'sz3' (absErrorBound=1e-06, cmprAlgo=1, errorBoundMode=0)...
  Appended results to data/muon-sz3-sweep/results.jsonl
  Compressing branch 'lep_eta' with compressor 'sz3' (absErrorBound=100, cmprAlgo=2, errorBoundMode=0)...
  Appended results to data/muon-sz3-sweep/results.jsonl
  Compressing branch 'lep_eta' with compressor 'sz3' (absErrorBound=100, cmprAlgo=2, errorBoundMode=0)...
  Appended results to data/muon-sz3-sweep/results.jsonl
  Compressing branch 'lep_eta' with compressor 'sz3' (absErrorBound=100, cmprAlgo=2, errorBoundMode=0)...
  Appended results to data/muon-sz3-sweep/results.jsonl
  Compressing branch 'lep_eta' with compressor 'sz3' (absErrorBound=100, cmprAlgo=2, errorBoundMode=0)...
  Appended results to data/muon-sz3-sweep/results.jsonl
  Compressing branch 'lep_eta' with compressor 'sz3' (absErrorBound=100, cmprAlgo=2, errorBoundMode=0)...
  Appended results to data/muon-sz3-sweep/results.jsonl
  Compressing branch 'lep_eta' with compressor 'sz3' (absErrorBound=100, cmprAlgo=2, errorBoundMode=0)...
  Appended results to data/muon-sz3-sweep/results.jsonl
  Compressing branch 'lep_eta' with compressor 'sz3' (absErrorBound=100, cmprAlgo=2, errorBoundMode=0)...
  Appended results to data/muon-sz3-sweep/results.jsonl
  Compressing branch 'lep_eta' with compressor 'sz3' (absErrorBound=100, cmprAlgo=2, errorBoundMode=0)...
  Appended results to data/muon-sz3-sweep/results.jsonl
  Compressing branch 'lep_eta' with compressor 'sz3' (absErrorBound=100, cmprAlgo=2, errorBoundMode=0)...
  Appended results to data/muon-sz3-sweep/results.jsonl
  Compressing branch 'lep_eta' with compressor 'sz3' (absErrorBound=100, cmprAlgo=2, errorBoundMode=0)...
  Appended results to data/muon-sz3-sweep/results.jsonl
  Compressing branch 'lep_eta' with compressor 'sz3' (absErrorBound=100, cmprAlgo=2, errorBoundMode=0)...
  Appended results to data/muon-sz3-sweep/results.jsonl
  Compressing branch 'lep_eta' with compressor 'sz3' (absErrorBound=10, cmprAlgo=2, errorBoundMode=0)...
  Appended results to data/muon-sz3-sweep/results.jsonl
  Compressing branch 'lep_eta' with compressor 'sz3' (absErrorBound=10, cmprAlgo=2, errorBoundMode=0)...
  Appended results to data/muon-sz3-sweep/results.jsonl
  Compressing branch 'lep_eta' with compressor 'sz3' (absErrorBound=10, cmprAlgo=2, errorBoundMode=0)...
  Appended results to data/muon-sz3-sweep/results.jsonl
  Compressing branch 'lep_eta' with compressor 'sz3' (absErrorBound=10, cmprAlgo=2, errorBoundMode=0)...
  Appended results to data/muon-sz3-sweep/results.jsonl
  Compressing branch 'lep_eta' with compressor 'sz3' (absErrorBound=10, cmprAlgo=2, errorBoundMode=0)...
  Appended results to data/muon-sz3-sweep/results.jsonl
  Compressing branch 'lep_eta' with compressor 'sz3' (absErrorBound=10, cmprAlgo=2, errorBoundMode=0)...
  Appended results to data/muon-sz3-sweep/results.jsonl
  Compressing branch 'lep_eta' with compressor 'sz3' (absErrorBound=10, cmprAlgo=2, errorBoundMode=0)...
  Appended results to data/muon-sz3-sweep/results.jsonl
  Compressing branch 'lep_eta' with compressor 'sz3' (absErrorBound=10, cmprAlgo=2, errorBoundMode=0)...
  Appended results to data/muon-sz3-sweep/results.jsonl
  Compressing branch 'lep_eta' with compressor 'sz3' (absErrorBound=10, cmprAlgo=2, errorBoundMode=0)...
  Appended results to data/muon-sz3-sweep/results.jsonl
  Compressing branch 'lep_eta' with compressor 'sz3' (absErrorBound=10, cmprAlgo=2, errorBoundMode=0)...
  Appended results to data/muon-sz3-sweep/results.jsonl
  Compressing branch 'lep_eta' with compressor 'sz3' (absErrorBound=10, cmprAlgo=2, errorBoundMode=0)...
  Appended results to data/muon-sz3-sweep/results.jsonl
  Compressing branch 'lep_eta' with compressor 'sz3' (absErrorBound=1, cmprAlgo=2, errorBoundMode=0)...
  Appended results to data/muon-sz3-sweep/results.jsonl
  Compressing branch 'lep_eta' with compressor 'sz3' (absErrorBound=1, cmprAlgo=2, errorBoundMode=0)...
  Appended results to data/muon-sz3-sweep/results.jsonl
  Compressing branch 'lep_eta' with compressor 'sz3' (absErrorBound=1, cmprAlgo=2, errorBoundMode=0)...
  Appended results to data/muon-sz3-sweep/results.jsonl
  Compressing branch 'lep_eta' with compressor 'sz3' (absErrorBound=1, cmprAlgo=2, errorBoundMode=0)...
  Appended results to data/muon-sz3-sweep/results.jsonl
  Compressing branch 'lep_eta' with compressor 'sz3' (absErrorBound=1, cmprAlgo=2, errorBoundMode=0)...
  Appended results to data/muon-sz3-sweep/results.jsonl
  Compressing branch 'lep_eta' with compressor 'sz3' (absErrorBound=1, cmprAlgo=2, errorBoundMode=0)...
  Appended results to data/muon-sz3-sweep/results.jsonl
  Compressing branch 'lep_eta' with compressor 'sz3' (absErrorBound=1, cmprAlgo=2, errorBoundMode=0)...
  Appended results to data/muon-sz3-sweep/results.jsonl
  Compressing branch 'lep_eta' with compressor 'sz3' (absErrorBound=1, cmprAlgo=2, errorBoundMode=0)...
  Appended results to data/muon-sz3-sweep/results.jsonl
  Compressing branch 'lep_eta' with compressor 'sz3' (absErrorBound=1, cmprAlgo=2, errorBoundMode=0)...
  Appended results to data/muon-sz3-sweep/results.jsonl
  Compressing branch 'lep_eta' with compressor 'sz3' (absErrorBound=1, cmprAlgo=2, errorBoundMode=0)...
  Appended results to data/muon-sz3-sweep/results.jsonl
  Compressing branch 'lep_eta' with compressor 'sz3' (absErrorBound=1, cmprAlgo=2, errorBoundMode=0)...
  Appended results to data/muon-sz3-sweep/results.jsonl
  Compressing branch 'lep_eta' with compressor 'sz3' (absErrorBound=0.1, cmprAlgo=2, errorBoundMode=0)...
  Appended results to data/muon-sz3-sweep/results.jsonl
  Compressing branch 'lep_eta' with compressor 'sz3' (absErrorBound=0.1, cmprAlgo=2, errorBoundMode=0)...
  Appended results to data/muon-sz3-sweep/results.jsonl
  Compressing branch 'lep_eta' with compressor 'sz3' (absErrorBound=0.1, cmprAlgo=2, errorBoundMode=0)...
  Appended results to data/muon-sz3-sweep/results.jsonl
  Compressing branch 'lep_eta' with compressor 'sz3' (absErrorBound=0.1, cmprAlgo=2, errorBoundMode=0)...
  Appended results to data/muon-sz3-sweep/results.jsonl
  Compressing branch 'lep_eta' with compressor 'sz3' (absErrorBound=0.1, cmprAlgo=2, errorBoundMode=0)...
  Appended results to data/muon-sz3-sweep/results.jsonl
  Compressing branch 'lep_eta' with compressor 'sz3' (absErrorBound=0.1, cmprAlgo=2, errorBoundMode=0)...
  Appended results to data/muon-sz3-sweep/results.jsonl
  Compressing branch 'lep_eta' with compressor 'sz3' (absErrorBound=0.1, cmprAlgo=2, errorBoundMode=0)...
  Appended results to data/muon-sz3-sweep/results.jsonl
  Compressing branch 'lep_eta' with compressor 'sz3' (absErrorBound=0.1, cmprAlgo=2, errorBoundMode=0)...
  Appended results to data/muon-sz3-sweep/results.jsonl
  Compressing branch 'lep_eta' with compressor 'sz3' (absErrorBound=0.1, cmprAlgo=2, errorBoundMode=0)...
  Appended results to data/muon-sz3-sweep/results.jsonl
  Compressing branch 'lep_eta' with compressor 'sz3' (absErrorBound=0.1, cmprAlgo=2, errorBoundMode=0)...
  Appended results to data/muon-sz3-sweep/results.jsonl
  Compressing branch 'lep_eta' with compressor 'sz3' (absErrorBound=0.1, cmprAlgo=2, errorBoundMode=0)...
  Appended results to data/muon-sz3-sweep/results.jsonl
  Compressing branch 'lep_eta' with compressor 'sz3' (absErrorBound=0.01, cmprAlgo=2, errorBoundMode=0)...
  Appended results to data/muon-sz3-sweep/results.jsonl
  Compressing branch 'lep_eta' with compressor 'sz3' (absErrorBound=0.01, cmprAlgo=2, errorBoundMode=0)...
  Appended results to data/muon-sz3-sweep/results.jsonl
  Compressing branch 'lep_eta' with compressor 'sz3' (absErrorBound=0.01, cmprAlgo=2, errorBoundMode=0)...
  Appended results to data/muon-sz3-sweep/results.jsonl
  Compressing branch 'lep_eta' with compressor 'sz3' (absErrorBound=0.01, cmprAlgo=2, errorBoundMode=0)...
  Appended results to data/muon-sz3-sweep/results.jsonl
  Compressing branch 'lep_eta' with compressor 'sz3' (absErrorBound=0.01, cmprAlgo=2, errorBoundMode=0)...
  Appended results to data/muon-sz3-sweep/results.jsonl
  Compressing branch 'lep_eta' with compressor 'sz3' (absErrorBound=0.01, cmprAlgo=2, errorBoundMode=0)...
  Appended results to data/muon-sz3-sweep/results.jsonl
  Compressing branch 'lep_eta' with compressor 'sz3' (absErrorBound=0.01, cmprAlgo=2, errorBoundMode=0)...
  Appended results to data/muon-sz3-sweep/results.jsonl
  Compressing branch 'lep_eta' with compressor 'sz3' (absErrorBound=0.01, cmprAlgo=2, errorBoundMode=0)...
  Appended results to data/muon-sz3-sweep/results.jsonl
  Compressing branch 'lep_eta' with compressor 'sz3' (absErrorBound=0.01, cmprAlgo=2, errorBoundMode=0)...
  Appended results to data/muon-sz3-sweep/results.jsonl
  Compressing branch 'lep_eta' with compressor 'sz3' (absErrorBound=0.01, cmprAlgo=2, errorBoundMode=0)...
  Appended results to data/muon-sz3-sweep/results.jsonl
  Compressing branch 'lep_eta' with compressor 'sz3' (absErrorBound=0.01, cmprAlgo=2, errorBoundMode=0)...
  Appended results to data/muon-sz3-sweep/results.jsonl
  Compressing branch 'lep_eta' with compressor 'sz3' (absErrorBound=0.001, cmprAlgo=2, errorBoundMode=0)...
  Appended results to data/muon-sz3-sweep/results.jsonl
  Compressing branch 'lep_eta' with compressor 'sz3' (absErrorBound=0.001, cmprAlgo=2, errorBoundMode=0)...
  Appended results to data/muon-sz3-sweep/results.jsonl
  Compressing branch 'lep_eta' with compressor 'sz3' (absErrorBound=0.001, cmprAlgo=2, errorBoundMode=0)...
  Appended results to data/muon-sz3-sweep/results.jsonl
  Compressing branch 'lep_eta' with compressor 'sz3' (absErrorBound=0.001, cmprAlgo=2, errorBoundMode=0)...
  Appended results to data/muon-sz3-sweep/results.jsonl
  Compressing branch 'lep_eta' with compressor 'sz3' (absErrorBound=0.001, cmprAlgo=2, errorBoundMode=0)...
  Appended results to data/muon-sz3-sweep/results.jsonl
  Compressing branch 'lep_eta' with compressor 'sz3' (absErrorBound=0.001, cmprAlgo=2, errorBoundMode=0)...
  Appended results to data/muon-sz3-sweep/results.jsonl
  Compressing branch 'lep_eta' with compressor 'sz3' (absErrorBound=0.001, cmprAlgo=2, errorBoundMode=0)...
  Appended results to data/muon-sz3-sweep/results.jsonl
  Compressing branch 'lep_eta' with compressor 'sz3' (absErrorBound=0.001, cmprAlgo=2, errorBoundMode=0)...
  Appended results to data/muon-sz3-sweep/results.jsonl
  Compressing branch 'lep_eta' with compressor 'sz3' (absErrorBound=0.001, cmprAlgo=2, errorBoundMode=0)...
  Appended results to data/muon-sz3-sweep/results.jsonl
  Compressing branch 'lep_eta' with compressor 'sz3' (absErrorBound=0.001, cmprAlgo=2, errorBoundMode=0)...
  Appended results to data/muon-sz3-sweep/results.jsonl
  Compressing branch 'lep_eta' with compressor 'sz3' (absErrorBound=0.001, cmprAlgo=2, errorBoundMode=0)...
  Appended results to data/muon-sz3-sweep/results.jsonl
  Compressing branch 'lep_eta' with compressor 'sz3' (absErrorBound=0.0001, cmprAlgo=2, errorBoundMode=0)...
  Appended results to data/muon-sz3-sweep/results.jsonl
  Compressing branch 'lep_eta' with compressor 'sz3' (absErrorBound=0.0001, cmprAlgo=2, errorBoundMode=0)...
  Appended results to data/muon-sz3-sweep/results.jsonl
  Compressing branch 'lep_eta' with compressor 'sz3' (absErrorBound=0.0001, cmprAlgo=2, errorBoundMode=0)...
  Appended results to data/muon-sz3-sweep/results.jsonl
  Compressing branch 'lep_eta' with compressor 'sz3' (absErrorBound=0.0001, cmprAlgo=2, errorBoundMode=0)...
  Appended results to data/muon-sz3-sweep/results.jsonl
  Compressing branch 'lep_eta' with compressor 'sz3' (absErrorBound=0.0001, cmprAlgo=2, errorBoundMode=0)...
  Appended results to data/muon-sz3-sweep/results.jsonl
  Compressing branch 'lep_eta' with compressor 'sz3' (absErrorBound=0.0001, cmprAlgo=2, errorBoundMode=0)...
  Appended results to data/muon-sz3-sweep/results.jsonl
  Compressing branch 'lep_eta' with compressor 'sz3' (absErrorBound=0.0001, cmprAlgo=2, errorBoundMode=0)...
  Appended results to data/muon-sz3-sweep/results.jsonl
  Compressing branch 'lep_eta' with compressor 'sz3' (absErrorBound=0.0001, cmprAlgo=2, errorBoundMode=0)...
  Appended results to data/muon-sz3-sweep/results.jsonl
  Compressing branch 'lep_eta' with compressor 'sz3' (absErrorBound=0.0001, cmprAlgo=2, errorBoundMode=0)...
  Appended results to data/muon-sz3-sweep/results.jsonl
  Compressing branch 'lep_eta' with compressor 'sz3' (absErrorBound=0.0001, cmprAlgo=2, errorBoundMode=0)...
  Appended results to data/muon-sz3-sweep/results.jsonl
  Compressing branch 'lep_eta' with compressor 'sz3' (absErrorBound=0.0001, cmprAlgo=2, errorBoundMode=0)...
  Appended results to data/muon-sz3-sweep/results.jsonl
  Compressing branch 'lep_eta' with compressor 'sz3' (absErrorBound=1e-05, cmprAlgo=2, errorBoundMode=0)...
  Appended results to data/muon-sz3-sweep/results.jsonl
  Compressing branch 'lep_eta' with compressor 'sz3' (absErrorBound=1e-05, cmprAlgo=2, errorBoundMode=0)...
  Appended results to data/muon-sz3-sweep/results.jsonl
  Compressing branch 'lep_eta' with compressor 'sz3' (absErrorBound=1e-05, cmprAlgo=2, errorBoundMode=0)...
  Appended results to data/muon-sz3-sweep/results.jsonl
  Compressing branch 'lep_eta' with compressor 'sz3' (absErrorBound=1e-05, cmprAlgo=2, errorBoundMode=0)...
  Appended results to data/muon-sz3-sweep/results.jsonl
  Compressing branch 'lep_eta' with compressor 'sz3' (absErrorBound=1e-05, cmprAlgo=2, errorBoundMode=0)...
  Appended results to data/muon-sz3-sweep/results.jsonl
  Compressing branch 'lep_eta' with compressor 'sz3' (absErrorBound=1e-05, cmprAlgo=2, errorBoundMode=0)...
  Appended results to data/muon-sz3-sweep/results.jsonl
  Compressing branch 'lep_eta' with compressor 'sz3' (absErrorBound=1e-05, cmprAlgo=2, errorBoundMode=0)...
  Appended results to data/muon-sz3-sweep/results.jsonl
  Compressing branch 'lep_eta' with compressor 'sz3' (absErrorBound=1e-05, cmprAlgo=2, errorBoundMode=0)...
  Appended results to data/muon-sz3-sweep/results.jsonl
  Compressing branch 'lep_eta' with compressor 'sz3' (absErrorBound=1e-05, cmprAlgo=2, errorBoundMode=0)...
  Appended results to data/muon-sz3-sweep/results.jsonl
  Compressing branch 'lep_eta' with compressor 'sz3' (absErrorBound=1e-05, cmprAlgo=2, errorBoundMode=0)...
  Appended results to data/muon-sz3-sweep/results.jsonl
  Compressing branch 'lep_eta' with compressor 'sz3' (absErrorBound=1e-05, cmprAlgo=2, errorBoundMode=0)...
  Appended results to data/muon-sz3-sweep/results.jsonl
  Compressing branch 'lep_eta' with compressor 'sz3' (absErrorBound=1e-06, cmprAlgo=2, errorBoundMode=0)...
  Appended results to data/muon-sz3-sweep/results.jsonl
  Compressing branch 'lep_eta' with compressor 'sz3' (absErrorBound=1e-06, cmprAlgo=2, errorBoundMode=0)...
  Appended results to data/muon-sz3-sweep/results.jsonl
  Compressing branch 'lep_eta' with compressor 'sz3' (absErrorBound=1e-06, cmprAlgo=2, errorBoundMode=0)...
  Appended results to data/muon-sz3-sweep/results.jsonl
  Compressing branch 'lep_eta' with compressor 'sz3' (absErrorBound=1e-06, cmprAlgo=2, errorBoundMode=0)...
  Appended results to data/muon-sz3-sweep/results.jsonl
  Compressing branch 'lep_eta' with compressor 'sz3' (absErrorBound=1e-06, cmprAlgo=2, errorBoundMode=0)...
  Appended results to data/muon-sz3-sweep/results.jsonl
  Compressing branch 'lep_eta' with compressor 'sz3' (absErrorBound=1e-06, cmprAlgo=2, errorBoundMode=0)...
  Appended results to data/muon-sz3-sweep/results.jsonl
  Compressing branch 'lep_eta' with compressor 'sz3' (absErrorBound=1e-06, cmprAlgo=2, errorBoundMode=0)...
  Appended results to data/muon-sz3-sweep/results.jsonl
  Compressing branch 'lep_eta' with compressor 'sz3' (absErrorBound=1e-06, cmprAlgo=2, errorBoundMode=0)...
  Appended results to data/muon-sz3-sweep/results.jsonl
  Compressing branch 'lep_eta' with compressor 'sz3' (absErrorBound=1e-06, cmprAlgo=2, errorBoundMode=0)...
  Appended results to data/muon-sz3-sweep/results.jsonl
  Compressing branch 'lep_eta' with compressor 'sz3' (absErrorBound=1e-06, cmprAlgo=2, errorBoundMode=0)...
  Appended results to data/muon-sz3-sweep/results.jsonl
  Compressing branch 'lep_eta' with compressor 'sz3' (absErrorBound=1e-06, cmprAlgo=2, errorBoundMode=0)...
  Appended results to data/muon-sz3-sweep/results.jsonl
  Compressing branch 'lep_eta' with compressor 'sz3' (absErrorBound=100, cmprAlgo=3, errorBoundMode=0)...
  Appended results to data/muon-sz3-sweep/results.jsonl
  Compressing branch 'lep_eta' with compressor 'sz3' (absErrorBound=100, cmprAlgo=3, errorBoundMode=0)...
  Appended results to data/muon-sz3-sweep/results.jsonl
  Compressing branch 'lep_eta' with compressor 'sz3' (absErrorBound=100, cmprAlgo=3, errorBoundMode=0)...
  Appended results to data/muon-sz3-sweep/results.jsonl
  Compressing branch 'lep_eta' with compressor 'sz3' (absErrorBound=100, cmprAlgo=3, errorBoundMode=0)...
  Appended results to data/muon-sz3-sweep/results.jsonl
  Compressing branch 'lep_eta' with compressor 'sz3' (absErrorBound=100, cmprAlgo=3, errorBoundMode=0)...
  Appended results to data/muon-sz3-sweep/results.jsonl
  Compressing branch 'lep_eta' with compressor 'sz3' (absErrorBound=100, cmprAlgo=3, errorBoundMode=0)...
  Appended results to data/muon-sz3-sweep/results.jsonl
  Compressing branch 'lep_eta' with compressor 'sz3' (absErrorBound=100, cmprAlgo=3, errorBoundMode=0)...
  Appended results to data/muon-sz3-sweep/results.jsonl
  Compressing branch 'lep_eta' with compressor 'sz3' (absErrorBound=100, cmprAlgo=3, errorBoundMode=0)...
  Appended results to data/muon-sz3-sweep/results.jsonl
  Compressing branch 'lep_eta' with compressor 'sz3' (absErrorBound=100, cmprAlgo=3, errorBoundMode=0)...
  Appended results to data/muon-sz3-sweep/results.jsonl
  Compressing branch 'lep_eta' with compressor 'sz3' (absErrorBound=100, cmprAlgo=3, errorBoundMode=0)...
  Appended results to data/muon-sz3-sweep/results.jsonl
  Compressing branch 'lep_eta' with compressor 'sz3' (absErrorBound=100, cmprAlgo=3, errorBoundMode=0)...
  Appended results to data/muon-sz3-sweep/results.jsonl
  Compressing branch 'lep_eta' with compressor 'sz3' (absErrorBound=10, cmprAlgo=3, errorBoundMode=0)...
  Appended results to data/muon-sz3-sweep/results.jsonl
  Compressing branch 'lep_eta' with compressor 'sz3' (absErrorBound=10, cmprAlgo=3, errorBoundMode=0)...
  Appended results to data/muon-sz3-sweep/results.jsonl
  Compressing branch 'lep_eta' with compressor 'sz3' (absErrorBound=10, cmprAlgo=3, errorBoundMode=0)...
  Appended results to data/muon-sz3-sweep/results.jsonl
  Compressing branch 'lep_eta' with compressor 'sz3' (absErrorBound=10, cmprAlgo=3, errorBoundMode=0)...
  Appended results to data/muon-sz3-sweep/results.jsonl
  Compressing branch 'lep_eta' with compressor 'sz3' (absErrorBound=10, cmprAlgo=3, errorBoundMode=0)...
  Appended results to data/muon-sz3-sweep/results.jsonl
  Compressing branch 'lep_eta' with compressor 'sz3' (absErrorBound=10, cmprAlgo=3, errorBoundMode=0)...
  Appended results to data/muon-sz3-sweep/results.jsonl
  Compressing branch 'lep_eta' with compressor 'sz3' (absErrorBound=10, cmprAlgo=3, errorBoundMode=0)...
  Appended results to data/muon-sz3-sweep/results.jsonl
  Compressing branch 'lep_eta' with compressor 'sz3' (absErrorBound=10, cmprAlgo=3, errorBoundMode=0)...
  Appended results to data/muon-sz3-sweep/results.jsonl
  Compressing branch 'lep_eta' with compressor 'sz3' (absErrorBound=10, cmprAlgo=3, errorBoundMode=0)...
  Appended results to data/muon-sz3-sweep/results.jsonl
  Compressing branch 'lep_eta' with compressor 'sz3' (absErrorBound=10, cmprAlgo=3, errorBoundMode=0)...
  Appended results to data/muon-sz3-sweep/results.jsonl
  Compressing branch 'lep_eta' with compressor 'sz3' (absErrorBound=10, cmprAlgo=3, errorBoundMode=0)...
  Appended results to data/muon-sz3-sweep/results.jsonl
  Compressing branch 'lep_eta' with compressor 'sz3' (absErrorBound=1, cmprAlgo=3, errorBoundMode=0)...
  Appended results to data/muon-sz3-sweep/results.jsonl
  Compressing branch 'lep_eta' with compressor 'sz3' (absErrorBound=1, cmprAlgo=3, errorBoundMode=0)...
  Appended results to data/muon-sz3-sweep/results.jsonl
  Compressing branch 'lep_eta' with compressor 'sz3' (absErrorBound=1, cmprAlgo=3, errorBoundMode=0)...
  Appended results to data/muon-sz3-sweep/results.jsonl
  Compressing branch 'lep_eta' with compressor 'sz3' (absErrorBound=1, cmprAlgo=3, errorBoundMode=0)...
  Appended results to data/muon-sz3-sweep/results.jsonl
  Compressing branch 'lep_eta' with compressor 'sz3' (absErrorBound=1, cmprAlgo=3, errorBoundMode=0)...
  Appended results to data/muon-sz3-sweep/results.jsonl
  Compressing branch 'lep_eta' with compressor 'sz3' (absErrorBound=1, cmprAlgo=3, errorBoundMode=0)...
  Appended results to data/muon-sz3-sweep/results.jsonl
  Compressing branch 'lep_eta' with compressor 'sz3' (absErrorBound=1, cmprAlgo=3, errorBoundMode=0)...
  Appended results to data/muon-sz3-sweep/results.jsonl
  Compressing branch 'lep_eta' with compressor 'sz3' (absErrorBound=1, cmprAlgo=3, errorBoundMode=0)...
  Appended results to data/muon-sz3-sweep/results.jsonl
  Compressing branch 'lep_eta' with compressor 'sz3' (absErrorBound=1, cmprAlgo=3, errorBoundMode=0)...
  Appended results to data/muon-sz3-sweep/results.jsonl
  Compressing branch 'lep_eta' with compressor 'sz3' (absErrorBound=1, cmprAlgo=3, errorBoundMode=0)...
  Appended results to data/muon-sz3-sweep/results.jsonl
  Compressing branch 'lep_eta' with compressor 'sz3' (absErrorBound=1, cmprAlgo=3, errorBoundMode=0)...
  Appended results to data/muon-sz3-sweep/results.jsonl
  Compressing branch 'lep_eta' with compressor 'sz3' (absErrorBound=0.1, cmprAlgo=3, errorBoundMode=0)...
  Appended results to data/muon-sz3-sweep/results.jsonl
  Compressing branch 'lep_eta' with compressor 'sz3' (absErrorBound=0.1, cmprAlgo=3, errorBoundMode=0)...
  Appended results to data/muon-sz3-sweep/results.jsonl
  Compressing branch 'lep_eta' with compressor 'sz3' (absErrorBound=0.1, cmprAlgo=3, errorBoundMode=0)...
  Appended results to data/muon-sz3-sweep/results.jsonl
  Compressing branch 'lep_eta' with compressor 'sz3' (absErrorBound=0.1, cmprAlgo=3, errorBoundMode=0)...
  Appended results to data/muon-sz3-sweep/results.jsonl
  Compressing branch 'lep_eta' with compressor 'sz3' (absErrorBound=0.1, cmprAlgo=3, errorBoundMode=0)...
  Appended results to data/muon-sz3-sweep/results.jsonl
  Compressing branch 'lep_eta' with compressor 'sz3' (absErrorBound=0.1, cmprAlgo=3, errorBoundMode=0)...
  Appended results to data/muon-sz3-sweep/results.jsonl
  Compressing branch 'lep_eta' with compressor 'sz3' (absErrorBound=0.1, cmprAlgo=3, errorBoundMode=0)...
  Appended results to data/muon-sz3-sweep/results.jsonl
  Compressing branch 'lep_eta' with compressor 'sz3' (absErrorBound=0.1, cmprAlgo=3, errorBoundMode=0)...
  Appended results to data/muon-sz3-sweep/results.jsonl
  Compressing branch 'lep_eta' with compressor 'sz3' (absErrorBound=0.1, cmprAlgo=3, errorBoundMode=0)...
  Appended results to data/muon-sz3-sweep/results.jsonl
  Compressing branch 'lep_eta' with compressor 'sz3' (absErrorBound=0.1, cmprAlgo=3, errorBoundMode=0)...
  Appended results to data/muon-sz3-sweep/results.jsonl
  Compressing branch 'lep_eta' with compressor 'sz3' (absErrorBound=0.1, cmprAlgo=3, errorBoundMode=0)...
  Appended results to data/muon-sz3-sweep/results.jsonl
  Compressing branch 'lep_eta' with compressor 'sz3' (absErrorBound=0.01, cmprAlgo=3, errorBoundMode=0)...
  Appended results to data/muon-sz3-sweep/results.jsonl
  Compressing branch 'lep_eta' with compressor 'sz3' (absErrorBound=0.01, cmprAlgo=3, errorBoundMode=0)...
  Appended results to data/muon-sz3-sweep/results.jsonl
  Compressing branch 'lep_eta' with compressor 'sz3' (absErrorBound=0.01, cmprAlgo=3, errorBoundMode=0)...
  Appended results to data/muon-sz3-sweep/results.jsonl
  Compressing branch 'lep_eta' with compressor 'sz3' (absErrorBound=0.01, cmprAlgo=3, errorBoundMode=0)...
  Appended results to data/muon-sz3-sweep/results.jsonl
  Compressing branch 'lep_eta' with compressor 'sz3' (absErrorBound=0.01, cmprAlgo=3, errorBoundMode=0)...
  Appended results to data/muon-sz3-sweep/results.jsonl
  Compressing branch 'lep_eta' with compressor 'sz3' (absErrorBound=0.01, cmprAlgo=3, errorBoundMode=0)...
  Appended results to data/muon-sz3-sweep/results.jsonl
  Compressing branch 'lep_eta' with compressor 'sz3' (absErrorBound=0.01, cmprAlgo=3, errorBoundMode=0)...
  Appended results to data/muon-sz3-sweep/results.jsonl
  Compressing branch 'lep_eta' with compressor 'sz3' (absErrorBound=0.01, cmprAlgo=3, errorBoundMode=0)...
  Appended results to data/muon-sz3-sweep/results.jsonl
  Compressing branch 'lep_eta' with compressor 'sz3' (absErrorBound=0.01, cmprAlgo=3, errorBoundMode=0)...
  Appended results to data/muon-sz3-sweep/results.jsonl
  Compressing branch 'lep_eta' with compressor 'sz3' (absErrorBound=0.01, cmprAlgo=3, errorBoundMode=0)...
  Appended results to data/muon-sz3-sweep/results.jsonl
  Compressing branch 'lep_eta' with compressor 'sz3' (absErrorBound=0.01, cmprAlgo=3, errorBoundMode=0)...
  Appended results to data/muon-sz3-sweep/results.jsonl
  Compressing branch 'lep_eta' with compressor 'sz3' (absErrorBound=0.001, cmprAlgo=3, errorBoundMode=0)...
  Appended results to data/muon-sz3-sweep/results.jsonl
  Compressing branch 'lep_eta' with compressor 'sz3' (absErrorBound=0.001, cmprAlgo=3, errorBoundMode=0)...
  Appended results to data/muon-sz3-sweep/results.jsonl
  Compressing branch 'lep_eta' with compressor 'sz3' (absErrorBound=0.001, cmprAlgo=3, errorBoundMode=0)...
  Appended results to data/muon-sz3-sweep/results.jsonl
  Compressing branch 'lep_eta' with compressor 'sz3' (absErrorBound=0.001, cmprAlgo=3, errorBoundMode=0)...
  Appended results to data/muon-sz3-sweep/results.jsonl
  Compressing branch 'lep_eta' with compressor 'sz3' (absErrorBound=0.001, cmprAlgo=3, errorBoundMode=0)...
  Appended results to data/muon-sz3-sweep/results.jsonl
  Compressing branch 'lep_eta' with compressor 'sz3' (absErrorBound=0.001, cmprAlgo=3, errorBoundMode=0)...
  Appended results to data/muon-sz3-sweep/results.jsonl
  Compressing branch 'lep_eta' with compressor 'sz3' (absErrorBound=0.001, cmprAlgo=3, errorBoundMode=0)...
  Appended results to data/muon-sz3-sweep/results.jsonl
  Compressing branch 'lep_eta' with compressor 'sz3' (absErrorBound=0.001, cmprAlgo=3, errorBoundMode=0)...
  Appended results to data/muon-sz3-sweep/results.jsonl
  Compressing branch 'lep_eta' with compressor 'sz3' (absErrorBound=0.001, cmprAlgo=3, errorBoundMode=0)...
  Appended results to data/muon-sz3-sweep/results.jsonl
  Compressing branch 'lep_eta' with compressor 'sz3' (absErrorBound=0.001, cmprAlgo=3, errorBoundMode=0)...
  Appended results to data/muon-sz3-sweep/results.jsonl
  Compressing branch 'lep_eta' with compressor 'sz3' (absErrorBound=0.001, cmprAlgo=3, errorBoundMode=0)...
  Appended results to data/muon-sz3-sweep/results.jsonl
  Compressing branch 'lep_eta' with compressor 'sz3' (absErrorBound=0.0001, cmprAlgo=3, errorBoundMode=0)...
  Appended results to data/muon-sz3-sweep/results.jsonl
  Compressing branch 'lep_eta' with compressor 'sz3' (absErrorBound=0.0001, cmprAlgo=3, errorBoundMode=0)...
  Appended results to data/muon-sz3-sweep/results.jsonl
  Compressing branch 'lep_eta' with compressor 'sz3' (absErrorBound=0.0001, cmprAlgo=3, errorBoundMode=0)...
  Appended results to data/muon-sz3-sweep/results.jsonl
  Compressing branch 'lep_eta' with compressor 'sz3' (absErrorBound=0.0001, cmprAlgo=3, errorBoundMode=0)...
  Appended results to data/muon-sz3-sweep/results.jsonl
  Compressing branch 'lep_eta' with compressor 'sz3' (absErrorBound=0.0001, cmprAlgo=3, errorBoundMode=0)...
  Appended results to data/muon-sz3-sweep/results.jsonl
  Compressing branch 'lep_eta' with compressor 'sz3' (absErrorBound=0.0001, cmprAlgo=3, errorBoundMode=0)...
  Appended results to data/muon-sz3-sweep/results.jsonl
  Compressing branch 'lep_eta' with compressor 'sz3' (absErrorBound=0.0001, cmprAlgo=3, errorBoundMode=0)...
  Appended results to data/muon-sz3-sweep/results.jsonl
  Compressing branch 'lep_eta' with compressor 'sz3' (absErrorBound=0.0001, cmprAlgo=3, errorBoundMode=0)...
  Appended results to data/muon-sz3-sweep/results.jsonl
  Compressing branch 'lep_eta' with compressor 'sz3' (absErrorBound=0.0001, cmprAlgo=3, errorBoundMode=0)...
  Appended results to data/muon-sz3-sweep/results.jsonl
  Compressing branch 'lep_eta' with compressor 'sz3' (absErrorBound=0.0001, cmprAlgo=3, errorBoundMode=0)...
  Appended results to data/muon-sz3-sweep/results.jsonl
  Compressing branch 'lep_eta' with compressor 'sz3' (absErrorBound=0.0001, cmprAlgo=3, errorBoundMode=0)...
  Appended results to data/muon-sz3-sweep/results.jsonl
  Compressing branch 'lep_eta' with compressor 'sz3' (absErrorBound=1e-05, cmprAlgo=3, errorBoundMode=0)...
  Appended results to data/muon-sz3-sweep/results.jsonl
  Compressing branch 'lep_eta' with compressor 'sz3' (absErrorBound=1e-05, cmprAlgo=3, errorBoundMode=0)...
  Appended results to data/muon-sz3-sweep/results.jsonl
  Compressing branch 'lep_eta' with compressor 'sz3' (absErrorBound=1e-05, cmprAlgo=3, errorBoundMode=0)...
  Appended results to data/muon-sz3-sweep/results.jsonl
  Compressing branch 'lep_eta' with compressor 'sz3' (absErrorBound=1e-05, cmprAlgo=3, errorBoundMode=0)...
  Appended results to data/muon-sz3-sweep/results.jsonl
  Compressing branch 'lep_eta' with compressor 'sz3' (absErrorBound=1e-05, cmprAlgo=3, errorBoundMode=0)...
  Appended results to data/muon-sz3-sweep/results.jsonl
  Compressing branch 'lep_eta' with compressor 'sz3' (absErrorBound=1e-05, cmprAlgo=3, errorBoundMode=0)...
  Appended results to data/muon-sz3-sweep/results.jsonl
  Compressing branch 'lep_eta' with compressor 'sz3' (absErrorBound=1e-05, cmprAlgo=3, errorBoundMode=0)...
  Appended results to data/muon-sz3-sweep/results.jsonl
  Compressing branch 'lep_eta' with compressor 'sz3' (absErrorBound=1e-05, cmprAlgo=3, errorBoundMode=0)...
  Appended results to data/muon-sz3-sweep/results.jsonl
  Compressing branch 'lep_eta' with compressor 'sz3' (absErrorBound=1e-05, cmprAlgo=3, errorBoundMode=0)...
  Appended results to data/muon-sz3-sweep/results.jsonl
  Compressing branch 'lep_eta' with compressor 'sz3' (absErrorBound=1e-05, cmprAlgo=3, errorBoundMode=0)...
  Appended results to data/muon-sz3-sweep/results.jsonl
  Compressing branch 'lep_eta' with compressor 'sz3' (absErrorBound=1e-05, cmprAlgo=3, errorBoundMode=0)...
  Appended results to data/muon-sz3-sweep/results.jsonl
  Compressing branch 'lep_eta' with compressor 'sz3' (absErrorBound=1e-06, cmprAlgo=3, errorBoundMode=0)...
  Appended results to data/muon-sz3-sweep/results.jsonl
  Compressing branch 'lep_eta' with compressor 'sz3' (absErrorBound=1e-06, cmprAlgo=3, errorBoundMode=0)...
  Appended results to data/muon-sz3-sweep/results.jsonl
  Compressing branch 'lep_eta' with compressor 'sz3' (absErrorBound=1e-06, cmprAlgo=3, errorBoundMode=0)...
  Appended results to data/muon-sz3-sweep/results.jsonl
  Compressing branch 'lep_eta' with compressor 'sz3' (absErrorBound=1e-06, cmprAlgo=3, errorBoundMode=0)...
  Appended results to data/muon-sz3-sweep/results.jsonl
  Compressing branch 'lep_eta' with compressor 'sz3' (absErrorBound=1e-06, cmprAlgo=3, errorBoundMode=0)...
  Appended results to data/muon-sz3-sweep/results.jsonl
  Compressing branch 'lep_eta' with compressor 'sz3' (absErrorBound=1e-06, cmprAlgo=3, errorBoundMode=0)...
  Appended results to data/muon-sz3-sweep/results.jsonl
  Compressing branch 'lep_eta' with compressor 'sz3' (absErrorBound=1e-06, cmprAlgo=3, errorBoundMode=0)...
  Appended results to data/muon-sz3-sweep/results.jsonl
  Compressing branch 'lep_eta' with compressor 'sz3' (absErrorBound=1e-06, cmprAlgo=3, errorBoundMode=0)...
  Appended results to data/muon-sz3-sweep/results.jsonl
  Compressing branch 'lep_eta' with compressor 'sz3' (absErrorBound=1e-06, cmprAlgo=3, errorBoundMode=0)...
  Appended results to data/muon-sz3-sweep/results.jsonl
  Compressing branch 'lep_eta' with compressor 'sz3' (absErrorBound=1e-06, cmprAlgo=3, errorBoundMode=0)...
  Appended results to data/muon-sz3-sweep/results.jsonl
  Compressing branch 'lep_eta' with compressor 'sz3' (absErrorBound=1e-06, cmprAlgo=3, errorBoundMode=0)...
  Appended results to data/muon-sz3-sweep/results.jsonl
  Compressing branch 'lep_eta' with compressor 'sz3' (cmprAlgo=0, errorBoundMode=1, relErrorBound=100)...
  Appended results to data/muon-sz3-sweep/results.jsonl
  Compressing branch 'lep_eta' with compressor 'sz3' (cmprAlgo=0, errorBoundMode=1, relErrorBound=100)...
  Appended results to data/muon-sz3-sweep/results.jsonl
  Compressing branch 'lep_eta' with compressor 'sz3' (cmprAlgo=0, errorBoundMode=1, relErrorBound=100)...
  Appended results to data/muon-sz3-sweep/results.jsonl
  Compressing branch 'lep_eta' with compressor 'sz3' (cmprAlgo=0, errorBoundMode=1, relErrorBound=100)...
  Appended results to data/muon-sz3-sweep/results.jsonl
  Compressing branch 'lep_eta' with compressor 'sz3' (cmprAlgo=0, errorBoundMode=1, relErrorBound=100)...
  Appended results to data/muon-sz3-sweep/results.jsonl
  Compressing branch 'lep_eta' with compressor 'sz3' (cmprAlgo=0, errorBoundMode=1, relErrorBound=100)...
  Appended results to data/muon-sz3-sweep/results.jsonl
  Compressing branch 'lep_eta' with compressor 'sz3' (cmprAlgo=0, errorBoundMode=1, relErrorBound=100)...
  Appended results to data/muon-sz3-sweep/results.jsonl
  Compressing branch 'lep_eta' with compressor 'sz3' (cmprAlgo=0, errorBoundMode=1, relErrorBound=100)...
  Appended results to data/muon-sz3-sweep/results.jsonl
  Compressing branch 'lep_eta' with compressor 'sz3' (cmprAlgo=0, errorBoundMode=1, relErrorBound=100)...
  Appended results to data/muon-sz3-sweep/results.jsonl
  Compressing branch 'lep_eta' with compressor 'sz3' (cmprAlgo=0, errorBoundMode=1, relErrorBound=100)...
  Appended results to data/muon-sz3-sweep/results.jsonl
  Compressing branch 'lep_eta' with compressor 'sz3' (cmprAlgo=0, errorBoundMode=1, relErrorBound=100)...
  Appended results to data/muon-sz3-sweep/results.jsonl
  Compressing branch 'lep_eta' with compressor 'sz3' (cmprAlgo=0, errorBoundMode=1, relErrorBound=10)...
  Appended results to data/muon-sz3-sweep/results.jsonl
  Compressing branch 'lep_eta' with compressor 'sz3' (cmprAlgo=0, errorBoundMode=1, relErrorBound=10)...
  Appended results to data/muon-sz3-sweep/results.jsonl
  Compressing branch 'lep_eta' with compressor 'sz3' (cmprAlgo=0, errorBoundMode=1, relErrorBound=10)...
  Appended results to data/muon-sz3-sweep/results.jsonl
  Compressing branch 'lep_eta' with compressor 'sz3' (cmprAlgo=0, errorBoundMode=1, relErrorBound=10)...
  Appended results to data/muon-sz3-sweep/results.jsonl
  Compressing branch 'lep_eta' with compressor 'sz3' (cmprAlgo=0, errorBoundMode=1, relErrorBound=10)...
  Appended results to data/muon-sz3-sweep/results.jsonl
  Compressing branch 'lep_eta' with compressor 'sz3' (cmprAlgo=0, errorBoundMode=1, relErrorBound=10)...
  Appended results to data/muon-sz3-sweep/results.jsonl
  Compressing branch 'lep_eta' with compressor 'sz3' (cmprAlgo=0, errorBoundMode=1, relErrorBound=10)...
  Appended results to data/muon-sz3-sweep/results.jsonl
  Compressing branch 'lep_eta' with compressor 'sz3' (cmprAlgo=0, errorBoundMode=1, relErrorBound=10)...
  Appended results to data/muon-sz3-sweep/results.jsonl
  Compressing branch 'lep_eta' with compressor 'sz3' (cmprAlgo=0, errorBoundMode=1, relErrorBound=10)...
  Appended results to data/muon-sz3-sweep/results.jsonl
  Compressing branch 'lep_eta' with compressor 'sz3' (cmprAlgo=0, errorBoundMode=1, relErrorBound=10)...
  Appended results to data/muon-sz3-sweep/results.jsonl
  Compressing branch 'lep_eta' with compressor 'sz3' (cmprAlgo=0, errorBoundMode=1, relErrorBound=10)...
  Appended results to data/muon-sz3-sweep/results.jsonl
  Compressing branch 'lep_eta' with compressor 'sz3' (cmprAlgo=0, errorBoundMode=1, relErrorBound=1)...
  Appended results to data/muon-sz3-sweep/results.jsonl
  Compressing branch 'lep_eta' with compressor 'sz3' (cmprAlgo=0, errorBoundMode=1, relErrorBound=1)...
  Appended results to data/muon-sz3-sweep/results.jsonl
  Compressing branch 'lep_eta' with compressor 'sz3' (cmprAlgo=0, errorBoundMode=1, relErrorBound=1)...
  Appended results to data/muon-sz3-sweep/results.jsonl
  Compressing branch 'lep_eta' with compressor 'sz3' (cmprAlgo=0, errorBoundMode=1, relErrorBound=1)...
  Appended results to data/muon-sz3-sweep/results.jsonl
  Compressing branch 'lep_eta' with compressor 'sz3' (cmprAlgo=0, errorBoundMode=1, relErrorBound=1)...
  Appended results to data/muon-sz3-sweep/results.jsonl
  Compressing branch 'lep_eta' with compressor 'sz3' (cmprAlgo=0, errorBoundMode=1, relErrorBound=1)...
  Appended results to data/muon-sz3-sweep/results.jsonl
  Compressing branch 'lep_eta' with compressor 'sz3' (cmprAlgo=0, errorBoundMode=1, relErrorBound=1)...
  Appended results to data/muon-sz3-sweep/results.jsonl
  Compressing branch 'lep_eta' with compressor 'sz3' (cmprAlgo=0, errorBoundMode=1, relErrorBound=1)...
  Appended results to data/muon-sz3-sweep/results.jsonl
  Compressing branch 'lep_eta' with compressor 'sz3' (cmprAlgo=0, errorBoundMode=1, relErrorBound=1)...
  Appended results to data/muon-sz3-sweep/results.jsonl
  Compressing branch 'lep_eta' with compressor 'sz3' (cmprAlgo=0, errorBoundMode=1, relErrorBound=1)...
  Appended results to data/muon-sz3-sweep/results.jsonl
  Compressing branch 'lep_eta' with compressor 'sz3' (cmprAlgo=0, errorBoundMode=1, relErrorBound=1)...
  Appended results to data/muon-sz3-sweep/results.jsonl
  Compressing branch 'lep_eta' with compressor 'sz3' (cmprAlgo=0, errorBoundMode=1, relErrorBound=0.1)...
  Appended results to data/muon-sz3-sweep/results.jsonl
  Compressing branch 'lep_eta' with compressor 'sz3' (cmprAlgo=0, errorBoundMode=1, relErrorBound=0.1)...
  Appended results to data/muon-sz3-sweep/results.jsonl
  Compressing branch 'lep_eta' with compressor 'sz3' (cmprAlgo=0, errorBoundMode=1, relErrorBound=0.1)...
  Appended results to data/muon-sz3-sweep/results.jsonl
  Compressing branch 'lep_eta' with compressor 'sz3' (cmprAlgo=0, errorBoundMode=1, relErrorBound=0.1)...
  Appended results to data/muon-sz3-sweep/results.jsonl
  Compressing branch 'lep_eta' with compressor 'sz3' (cmprAlgo=0, errorBoundMode=1, relErrorBound=0.1)...
  Appended results to data/muon-sz3-sweep/results.jsonl
  Compressing branch 'lep_eta' with compressor 'sz3' (cmprAlgo=0, errorBoundMode=1, relErrorBound=0.1)...
  Appended results to data/muon-sz3-sweep/results.jsonl
  Compressing branch 'lep_eta' with compressor 'sz3' (cmprAlgo=0, errorBoundMode=1, relErrorBound=0.1)...
  Appended results to data/muon-sz3-sweep/results.jsonl
  Compressing branch 'lep_eta' with compressor 'sz3' (cmprAlgo=0, errorBoundMode=1, relErrorBound=0.1)...
  Appended results to data/muon-sz3-sweep/results.jsonl
  Compressing branch 'lep_eta' with compressor 'sz3' (cmprAlgo=0, errorBoundMode=1, relErrorBound=0.1)...
  Appended results to data/muon-sz3-sweep/results.jsonl
  Compressing branch 'lep_eta' with compressor 'sz3' (cmprAlgo=0, errorBoundMode=1, relErrorBound=0.1)...
  Appended results to data/muon-sz3-sweep/results.jsonl
  Compressing branch 'lep_eta' with compressor 'sz3' (cmprAlgo=0, errorBoundMode=1, relErrorBound=0.1)...
  Appended results to data/muon-sz3-sweep/results.jsonl
  Compressing branch 'lep_eta' with compressor 'sz3' (cmprAlgo=0, errorBoundMode=1, relErrorBound=0.01)...
  Appended results to data/muon-sz3-sweep/results.jsonl
  Compressing branch 'lep_eta' with compressor 'sz3' (cmprAlgo=0, errorBoundMode=1, relErrorBound=0.01)...
  Appended results to data/muon-sz3-sweep/results.jsonl
  Compressing branch 'lep_eta' with compressor 'sz3' (cmprAlgo=0, errorBoundMode=1, relErrorBound=0.01)...
  Appended results to data/muon-sz3-sweep/results.jsonl
  Compressing branch 'lep_eta' with compressor 'sz3' (cmprAlgo=0, errorBoundMode=1, relErrorBound=0.01)...
  Appended results to data/muon-sz3-sweep/results.jsonl
  Compressing branch 'lep_eta' with compressor 'sz3' (cmprAlgo=0, errorBoundMode=1, relErrorBound=0.01)...
  Appended results to data/muon-sz3-sweep/results.jsonl
  Compressing branch 'lep_eta' with compressor 'sz3' (cmprAlgo=0, errorBoundMode=1, relErrorBound=0.01)...
  Appended results to data/muon-sz3-sweep/results.jsonl
  Compressing branch 'lep_eta' with compressor 'sz3' (cmprAlgo=0, errorBoundMode=1, relErrorBound=0.01)...
  Appended results to data/muon-sz3-sweep/results.jsonl
  Compressing branch 'lep_eta' with compressor 'sz3' (cmprAlgo=0, errorBoundMode=1, relErrorBound=0.01)...
  Appended results to data/muon-sz3-sweep/results.jsonl
  Compressing branch 'lep_eta' with compressor 'sz3' (cmprAlgo=0, errorBoundMode=1, relErrorBound=0.01)...
  Appended results to data/muon-sz3-sweep/results.jsonl
  Compressing branch 'lep_eta' with compressor 'sz3' (cmprAlgo=0, errorBoundMode=1, relErrorBound=0.01)...
  Appended results to data/muon-sz3-sweep/results.jsonl
  Compressing branch 'lep_eta' with compressor 'sz3' (cmprAlgo=0, errorBoundMode=1, relErrorBound=0.01)...
  Appended results to data/muon-sz3-sweep/results.jsonl
  Compressing branch 'lep_eta' with compressor 'sz3' (cmprAlgo=0, errorBoundMode=1, relErrorBound=0.001)...
  Appended results to data/muon-sz3-sweep/results.jsonl
  Compressing branch 'lep_eta' with compressor 'sz3' (cmprAlgo=0, errorBoundMode=1, relErrorBound=0.001)...
  Appended results to data/muon-sz3-sweep/results.jsonl
  Compressing branch 'lep_eta' with compressor 'sz3' (cmprAlgo=0, errorBoundMode=1, relErrorBound=0.001)...
  Appended results to data/muon-sz3-sweep/results.jsonl
  Compressing branch 'lep_eta' with compressor 'sz3' (cmprAlgo=0, errorBoundMode=1, relErrorBound=0.001)...
  Appended results to data/muon-sz3-sweep/results.jsonl
  Compressing branch 'lep_eta' with compressor 'sz3' (cmprAlgo=0, errorBoundMode=1, relErrorBound=0.001)...
  Appended results to data/muon-sz3-sweep/results.jsonl
  Compressing branch 'lep_eta' with compressor 'sz3' (cmprAlgo=0, errorBoundMode=1, relErrorBound=0.001)...
  Appended results to data/muon-sz3-sweep/results.jsonl
  Compressing branch 'lep_eta' with compressor 'sz3' (cmprAlgo=0, errorBoundMode=1, relErrorBound=0.001)...
  Appended results to data/muon-sz3-sweep/results.jsonl
  Compressing branch 'lep_eta' with compressor 'sz3' (cmprAlgo=0, errorBoundMode=1, relErrorBound=0.001)...
  Appended results to data/muon-sz3-sweep/results.jsonl
  Compressing branch 'lep_eta' with compressor 'sz3' (cmprAlgo=0, errorBoundMode=1, relErrorBound=0.001)...
  Appended results to data/muon-sz3-sweep/results.jsonl
  Compressing branch 'lep_eta' with compressor 'sz3' (cmprAlgo=0, errorBoundMode=1, relErrorBound=0.001)...
  Appended results to data/muon-sz3-sweep/results.jsonl
  Compressing branch 'lep_eta' with compressor 'sz3' (cmprAlgo=0, errorBoundMode=1, relErrorBound=0.001)...
  Appended results to data/muon-sz3-sweep/results.jsonl
  Compressing branch 'lep_eta' with compressor 'sz3' (cmprAlgo=0, errorBoundMode=1, relErrorBound=0.0001)...
  Appended results to data/muon-sz3-sweep/results.jsonl
  Compressing branch 'lep_eta' with compressor 'sz3' (cmprAlgo=0, errorBoundMode=1, relErrorBound=0.0001)...
  Appended results to data/muon-sz3-sweep/results.jsonl
  Compressing branch 'lep_eta' with compressor 'sz3' (cmprAlgo=0, errorBoundMode=1, relErrorBound=0.0001)...
  Appended results to data/muon-sz3-sweep/results.jsonl
  Compressing branch 'lep_eta' with compressor 'sz3' (cmprAlgo=0, errorBoundMode=1, relErrorBound=0.0001)...
  Appended results to data/muon-sz3-sweep/results.jsonl
  Compressing branch 'lep_eta' with compressor 'sz3' (cmprAlgo=0, errorBoundMode=1, relErrorBound=0.0001)...
  Appended results to data/muon-sz3-sweep/results.jsonl
  Compressing branch 'lep_eta' with compressor 'sz3' (cmprAlgo=0, errorBoundMode=1, relErrorBound=0.0001)...
  Appended results to data/muon-sz3-sweep/results.jsonl
  Compressing branch 'lep_eta' with compressor 'sz3' (cmprAlgo=0, errorBoundMode=1, relErrorBound=0.0001)...
  Appended results to data/muon-sz3-sweep/results.jsonl
  Compressing branch 'lep_eta' with compressor 'sz3' (cmprAlgo=0, errorBoundMode=1, relErrorBound=0.0001)...
  Appended results to data/muon-sz3-sweep/results.jsonl
  Compressing branch 'lep_eta' with compressor 'sz3' (cmprAlgo=0, errorBoundMode=1, relErrorBound=0.0001)...
  Appended results to data/muon-sz3-sweep/results.json